# Opening names, from lichess-org/chess-openings (CC0), with
# Persian family names added. Built by python/openings.py.
# eco<TAB>name<TAB>persian family<TAB>moves in UCI
A00	Amar Opening	گشایش آمار	g1h3
A00	Amar Opening: Paris Gambit	گشایش آمار	g1h3 d7d5 g2g3 e7e5 f2f4
A00	Amar Opening: Paris Gambit, Gent Gambit	گشایش آمار	g1h3 d7d5 g2g3 e7e5 f2f4 c8h3 f1h3 e5f4 e1g1 f4g3 h2g3
A00	Amsterdam Attack	حمله‌ی آمستردام	e2e3 e7e5 c2c4 d7d6 b1c3 b8c6 b2b3 g8f6
A00	Anderssen's Opening	گشایش اندرسن	a2a3
A00	Anderssen's Opening: Polish Gambit	گشایش اندرسن	a2a3 a7a5 b2b4
A00	Barnes Opening	گشایش بارنز	f2f3
A00	Barnes Opening: Fool's Mate	گشایش بارنز	f2f3 e7e5 g2g4 d8h4
A00	Barnes Opening: Gedult Gambit	گشایش بارنز	f2f3 d7d5 e2e4 g7g6 d2d4 d5e4 c2c3
A00	Barnes Opening: Gedult Gambit	گشایش بارنز	f2f3 f7f5 e2e4 f5e4 b1c3
A00	Barnes Opening: Hammerschlag	گشایش بارنز	f2f3 e7e5 e1f2
A00	Clemenz Opening	گشایش کلمنز	h2h3
A00	Clemenz Opening: Spike Lee Gambit	گشایش کلمنز	h2h3 h7h5 g2g4
A00	Creepy Crawly Formation: Classical Defense	آرایش خزنده	h2h3 d7d5 a2a3 e7e5
A00	Formation: Hippopotamus Attack	آرایش	a2a3 e7e5 b2b3 d7d5 c2c3 g8f6 d2d3 b8c6 e2e3 f8d6 f2f3 e8g8 g2g3
A00	Formation: Shy Attack	آرایش	a2a3 e7e5 g2g3 d7d5 f1g2 g8f6 d2d3 b8c6 b1d2 f8d6 e2e3 e8g8 h2h3
A00	Global Opening	گشایش گلوبال	h2h3 e7e5 a2a3
A00	Grob Opening	گشایش گروب	g2g4
A00	Grob Opening: Alessi Gambit	گشایش گروب	g2g4 f7f5
A00	Grob Opening: Double Grob	گشایش گروب	g2g4 g7g5
A00	Grob Opening: Double Grob, Coca-Cola Gambit	گشایش گروب	g2g4 g7g5 f2f4
A00	Grob Opening: Grob Gambit	گشایش گروب	g2g4 d7d5 f1g2
A00	Grob Opening: Grob Gambit Declined	گشایش گروب	g2g4 d7d5 f1g2 c7c6
A00	Grob Opening: Grob Gambit, Basman Gambit	گشایش گروب	g2g4 d7d5 f1g2 h7h5 g4h5
A00	Grob Opening: Grob Gambit, Fritz Gambit	گشایش گروب	g2g4 d7d5 f1g2 c8g4 c2c4
A00	Grob Opening: Grob Gambit, Fritz Gambit, Romford Countergambit	گشایش گروب	g2g4 d7d5 f1g2 c8g4 c2c4 d5d4 g2b7 b8d7 b7a8 d8a8
A00	Grob Opening: Grob Gambit, Keres Gambit	گشایش گروب	g2g4 d7d5 f1g2 e7e5 d2d4 e5d4 c2c3
A00	Grob Opening: Grob Gambit, Richter-Grob Gambit	گشایش گروب	g2g4 d7d5 f1g2 c7c6 c2c4 d5c4 b2b3
A00	Grob Opening: Keene Defense	گشایش گروب	g2g4 d7d5 h2h3 e7e5 f1g2 c7c6
A00	Grob Opening: Keene Defense, Main Line	گشایش گروب	g2g4 d7d5 h2h3 e7e5 f1g2 c7c6 d2d4 e5e4 c2c4 f8d6 b1c3 g8e7
A00	Grob Opening: London Defense	گشایش گروب	g2g4 e7e5 h2h3 b8c6
A00	Grob Opening: Romford Countergambit	گشایش گروب	g2g4 d7d5 f1g2 c8g4 c2c4 d5d4
A00	Grob Opening: Spike Attack	گشایش گروب	g2g4 d7d5 f1g2 c7c6 g4g5
A00	Grob Opening: Spike, Hurst Attack	گشایش گروب	g2g4 e7e5 f1g2 d7d5 c2c4
A00	Grob Opening: Zilbermints Gambit	گشایش گروب	g2g4 d7d5 e2e4 d5e4 b1c3
A00	Grob Opening: Zilbermints Gambit, Schiller Defense	گشایش گروب	g2g4 d7d5 e2e4 d5e4 b1c3 h7h5
A00	Grob Opening: Zilbermints Gambit, Zilbermints-Hartlaub Gambit	گشایش گروب	g2g4 d7d5 e2e4 d5e4 b1c3 e7e5 d2d3
A00	Hungarian Opening	گشایش مجاری	g2g3
A00	Hungarian Opening: Asten Gambit	گشایش مجاری	g2g3 b8c6 b1c3 d7d5 d2d4 e7e5 d4e5 d5d4 c3e4 f7f5
A00	Hungarian Opening: Burk Gambit	گشایش مجاری	g2g3 e7e5 a2a3 d7d5 g1f3 e5e4 f3h4 f8e7 d2d3
A00	Hungarian Opening: Bücker Gambit	گشایش مجاری	g2g3 d7d5 f1g2 e7e5 b2b4
A00	Hungarian Opening: Catalan Formation	گشایش مجاری	g2g3 d7d5 f1g2 e7e6
A00	Hungarian Opening: Dutch Defense	گشایش مجاری	g2g3 f7f5
A00	Hungarian Opening: Indian Defense	گشایش مجاری	g2g3 g8f6
A00	Hungarian Opening: Myers Defense	گشایش مجاری	g2g3 g7g5
A00	Hungarian Opening: Pachman Gambit	گشایش مجاری	g2g3 f7f5 e2e4 f5e4 d1h5 g7g6
A00	Hungarian Opening: Paris Gambit	گشایش مجاری	g2g3 e7e5 g1h3 d7d5 f2f4 c8h3 f1h3 e5f4 e1g1
A00	Hungarian Opening: Reversed Alekhine	گشایش مجاری	g2g3 e7e5 g1f3
A00	Hungarian Opening: Reversed Brooklyn Defense, Brooklyn Benko Gambit	گشایش مجاری	g2g3 e7e5 g1f3 e5e4 f3g1 g8f6 b2b4
A00	Hungarian Opening: Reversed Modern Defense	گشایش مجاری	g2g3 d7d5 f1g2 c7c5
A00	Hungarian Opening: Reversed Norwegian Defense	گشایش مجاری	g2g3 e7e5 g1f3 e5e4 f3h4
A00	Hungarian Opening: Sicilian Invitation	گشایش مجاری	g2g3 c7c5
A00	Hungarian Opening: Slav Formation	گشایش مجاری	g2g3 d7d5 f1g2 c7c6
A00	Hungarian Opening: Symmetrical Variation	گشایش مجاری	g2g3 g7g6
A00	Hungarian Opening: Van Kuijk Gambit	گشایش مجاری	g2g3 h7h5 g1f3 h5h4
A00	Hungarian Opening: Winterberg Gambit	گشایش مجاری	g2g3 d7d5 f1g2 e7e5 c2c4 d5c4 b2b3
A00	Kádas Opening	گشایش کاداش	h2h4
A00	Kádas Opening: Beginner's Trap	گشایش کاداش	h2h4 d7d5 h1h3
A00	Kádas Opening: Koola-Koola Variation	گشایش کاداش	h2h4 a7a5
A00	Kádas Opening: Kádas Gambit	گشایش کاداش	h2h4 c7c5 b2b4
A00	Kádas Opening: Kádas Gambit	گشایش کاداش	h2h4 d7d5 d2d4 c7c5 g1f3 c5d4 c2c3
A00	Kádas Opening: Kádas Gambit	گشایش کاداش	h2h4 e7e5 d2d4 e5d4 c2c3
A00	Kádas Opening: Myers Variation	گشایش کاداش	h2h4 d7d5 d2d4 c7c5 e2e4
A00	Kádas Opening: Schneider Gambit	گشایش کاداش	h2h4 g7g5
A00	Kádas Opening: Steinbok Gambit	گشایش کاداش	h2h4 f7f5 e2e4 f5e4 d2d3
A00	Lasker Simul Special	ویژه‌ی سیمولتانه‌ی لاسکر	g2g3 h7h5
A00	Mieses Opening	گشایش میزس	d2d3
A00	Mieses Opening: Myers Spike Attack	گشایش میزس	d2d3 g7g6 g2g4
A00	Mieses Opening: Reversed Rat	گشایش میزس	d2d3 e7e5
A00	Mieses Opening: Venezolana Variation	گشایش میزس	d2d3 c7c5 b1c3 b8c6 g2g3
A00	Polish Opening	گشایش لهستانی	b2b4
A00	Polish Opening, with d5	گشایش لهستانی، با d5	b2b4 d7d5
A00	Polish Opening, with d5	گشایش لهستانی، با d5	b2b4 d7d5 c1b2 g8f6 g1f3
A00	Polish Opening: Baltic Defense	گشایش لهستانی	b2b4 d7d5 c1b2 c8f5
A00	Polish Opening: Birmingham Gambit	گشایش لهستانی	b2b4 c7c5
A00	Polish Opening: Bugayev Advance Variation	گشایش لهستانی	b2b4 e7e5 c1b2 f7f6 b4b5
A00	Polish Opening: Bugayev Attack	گشایش لهستانی	b2b4 e7e5 a2a3
A00	Polish Opening: Czech Defense	گشایش لهستانی	b2b4 e7e5 c1b2 d7d6
A00	Polish Opening: Dutch Defense	گشایش لهستانی	b2b4 f7f5
A00	Polish Opening: German Defense	گشایش لهستانی	b2b4 d7d5 c1b2 d8d6
A00	Polish Opening: Grigorian Variation	گشایش لهستانی	b2b4 b8c6
A00	Polish Opening: Karniewski Variation	گشایش لهستانی	b2b4 g8h6
A00	Polish Opening: King's Indian Variation	گشایش لهستانی	b2b4 g8f6 c1b2 g7g6
A00	Polish Opening: King's Indian Variation, Schiffler Attack	گشایش لهستانی	b2b4 g8f6 c1b2 g7g6 e2e4
A00	Polish Opening: King's Indian Variation, Sokolsky Attack	گشایش لهستانی	b2b4 g8f6 c1b2 g7g6 c2c4 f8g7 e2e3 d7d6 g1f3 e8g8 d2d4
A00	Polish Opening: Myers Variation	گشایش لهستانی	b2b4 d7d5 c1b2 c7c6 a2a4
A00	Polish Opening: Outflank Variation	گشایش لهستانی	b2b4 c7c6
A00	Polish Opening: Outflank Variation, Schuehler Gambit	گشایش لهستانی	b2b4 c7c6 c1b2 a7a5 b4b5
A00	Polish Opening: Queen's Indian Variation	گشایش لهستانی	b2b4 e7e6 c1b2 g8f6 b4b5 b7b6
A00	Polish Opening: Queenside Defense	گشایش لهستانی	b2b4 e7e6 c1b2 g8f6 b4b5 a7a6
A00	Polish Opening: Rooks Swap Line	گشایش لهستانی	b2b4 e7e6 c1b2 g8f6 b4b5 a7a6 a2a4 a6b5 a4b5 a8a1 b2a1
A00	Polish Opening: Schiffler-Sokolsky Variation	گشایش لهستانی	b2b4 e7e6 c1b2 g8f6 b4b5 d7d5 e2e3
A00	Polish Opening: Schuehler Gambit	گشایش لهستانی	b2b4 c7c6 c1b2 a7a5 b4b5 c6b5 e2e4
A00	Polish Opening: Symmetrical Variation	گشایش لهستانی	b2b4 b7b5
A00	Polish Opening: Tartakower Gambit	گشایش لهستانی	b2b4 e7e5 c1b2 f7f6 e2e4
A00	Polish Opening: Wolferts Gambit	گشایش لهستانی	b2b4 e7e5 c1b2 c7c5
A00	Saragossa Opening	گشایش ساراگوسا	c2c3
A00	Sodium Attack	حمله‌ی سدیم	b1a3
A00	Sodium Attack: Celadon Variation	حمله‌ی سدیم	b1a3 e7e5 d2d3 f8a3 b2a3 d7d5 e2e3 c7c5 a1b1
A00	Sodium Attack: Chenoboskion Variation	حمله‌ی سدیم	b1a3 g7g6 g2g4
A00	Sodium Attack: Durkin Gambit	حمله‌ی سدیم	b1a3 e7e5 a3c4 b8c6 e2e4 f7f5
A00	Valencia Opening	گشایش والنسیا	d2d3 e7e5 b1d2
A00	Van Geet Opening	گشایش فان گیت	b1c3
A00	Van Geet Opening: Battambang Variation	گشایش فان گیت	a2a3 e7e5 b1c3
A00	Van Geet Opening: Billockus-Johansen Gambit	گشایش فان گیت	b1c3 e7e5 g1f3 f8c5
A00	Van Geet Opening: Damhaug Gambit	گشایش فان گیت	b1c3 d7d5 f2f4 e7e5
A00	Van Geet Opening: Dougherty Gambit	گشایش فان گیت	b1c3 d7d5 e2e4 d5e4 f2f3
A00	Van Geet Opening: Dunst-Perrenet Gambit	گشایش فان گیت	b1c3 d7d5 e2e4 d5e4 d2d3
A00	Van Geet Opening: Düsseldorf Gambit	گشایش فان گیت	b1c3 c7c5 b2b4
A00	Van Geet Opening: Gladbacher Gambit	گشایش فان گیت	b1c3 e7e5 b2b3 d7d5 e2e4 d5e4 d2d3
A00	Van Geet Opening: Hector Gambit	گشایش فان گیت	b1c3 d7d5 e2e4 d5e4 f1c4
A00	Van Geet Opening: Hergert Gambit	گشایش فان گیت	b1c3 d7d6 f2f4 e7e5 f4e5 b8c6
A00	Van Geet Opening: Hulsemann Gambit	گشایش فان گیت	b1c3 e7e5 e2e3 d7d5 d1h5 c8e6
A00	Van Geet Opening: Jendrossek Gambit	گشایش فان گیت	b1c3 d7d5 f2f4 d5d4 c3e4 f7f5 e4f2 g8f6 g1f3 c7c5 b2b4
A00	Van Geet Opening: Kluever Gambit	گشایش فان گیت	b1c3 f7f5 e2e4 f5e4 d2d3
A00	Van Geet Opening: Laroche Gambit	گشایش فان گیت	b1c3 b7b5
A00	Van Geet Opening: Liebig Gambit	گشایش فان گیت	b1c3 e7e5 e2e3 d7d5 d1h5 g8f6
A00	Van Geet Opening: Melleby Gambit	گشایش فان گیت	b1c3 d7d5 f2f4 d5d4 c3e4 c7c5
A00	Van Geet Opening: Myers Attack	گشایش فان گیت	b1c3 g7g6 h2h4
A00	Van Geet Opening: Napoleon Attack	گشایش فان گیت	b1c3 e7e5 g1f3 b8c6 d2d4
A00	Van Geet Opening: Novosibirsk Variation	گشایش فان گیت	b1c3 c7c5 d2d4 c5d4 d1d4 b8c6 d4h4
A00	Van Geet Opening: Nowokunski Gambit	گشایش فان گیت	b1c3 e7e5 f2f4 e5f4 e2e4
A00	Van Geet Opening: Pfeiffer Gambit	گشایش فان گیت	b1c3 d7d5 f2f4 d5d4 c3e4 e7e5
A00	Van Geet Opening: Pfeiffer Gambit, Sleipnir Countergambit	گشایش فان گیت	b1c3 d7d5 f2f4 d5d4 c3e4 e7e5 g1f3
A00	Van Geet Opening: Reversed Nimzowitsch	گشایش فان گیت	b1c3 e7e5
A00	Van Geet Opening: Reversed Scandinavian	گشایش فان گیت	b1c3 e7e5 d2d4 e5d4 d1d4 b8c6 d4a4
A00	Van Geet Opening: Sicilian Two Knights	گشایش فان گیت	b1c3 c7c5 g1f3 b8c6 d2d4 c5d4 f3d4
A00	Van Geet Opening: Sleipnir Gambit	گشایش فان گیت	b1c3 d7d5 e2e3 e7e5 d2d4 f8b4
A00	Van Geet Opening: Twyble Attack	گشایش فان گیت	b1c3 c7c5 a1b1
A00	Van Geet Opening: Tübingen Gambit	گشایش فان گیت	b1c3 g8f6 g2g4
A00	Van Geet Opening: Venezolana Variation	گشایش فان گیت	b1c3 d7d5 d2d3 g8f6 g2g3
A00	Van Geet Opening: Warsteiner Gambit	گشایش فان گیت	b1c3 d7d5 f2f4 g7g5
A00	Van't Kruijs Opening	گشایش فانت کرویس	e2e3
A00	Van't Kruijs Opening: Bouncing Bishop Variation	گشایش فانت کرویس	e2e3 e7e5 f1c4 b7b5 c4b3
A00	Van't Kruijs Opening: Keoni-Hiva Gambit, Akahi Variation	گشایش فانت کرویس	e2e3 e7e5 b1c3 g8f6 f2f4 e5f4 g1f3
A00	Van't Kruijs Opening: Keoni-Hiva Gambit, Alua Variation	گشایش فانت کرویس	e2e3 e7e5 b1c3 b8c6 f2f4 e5f4 g1f3
A00	Van't Kruijs Opening: Keoni-Hiva Gambit, Ekolu Variation	گشایش فانت کرویس	e2e3 e7e5 b1c3 d7d5 f2f4 e5f4 g1f3
A00	Ware Opening	گشایش ویر	a2a4
A00	Ware Opening: Cologne Gambit	گشایش ویر	a2a4 b7b6 d2d4 d7d5 b1c3 b8d7
A00	Ware Opening: Crab Variation	گشایش ویر	a2a4 e7e5 h2h4
A00	Ware Opening: Meadow Hay Trap	گشایش ویر	a2a4 e7e5 a1a3
A00	Ware Opening: Symmetric Variation	گشایش ویر	a2a4 a7a5
A00	Ware Opening: Ware Gambit	گشایش ویر	a2a4 e7e5 a4a5 d7d5 e2e3 f7f5 a5a6
A00	Ware Opening: Wing Gambit	گشایش ویر	a2a4 b7b5 a4b5 c8b7
A01	Nimzo-Larsen Attack	حمله‌ی نیمزو-لارسن	b2b3
A01	Nimzo-Larsen Attack: Classical Variation	حمله‌ی نیمزو-لارسن	b2b3 d7d5
A01	Nimzo-Larsen Attack: Dutch Variation	حمله‌ی نیمزو-لارسن	b2b3 f7f5
A01	Nimzo-Larsen Attack: English Variation	حمله‌ی نیمزو-لارسن	b2b3 c7c5
A01	Nimzo-Larsen Attack: Graz Attack	حمله‌ی نیمزو-لارسن	b2b3 d7d5 c1a3
A01	Nimzo-Larsen Attack: Indian Variation	حمله‌ی نیمزو-لارسن	b2b3 g8f6
A01	Nimzo-Larsen Attack: Modern Variation	حمله‌ی نیمزو-لارسن	b2b3 e7e5
A01	Nimzo-Larsen Attack: Modern Variation	حمله‌ی نیمزو-لارسن	b2b3 e7e5 c1b2 b8c6
A01	Nimzo-Larsen Attack: Modern Variation	حمله‌ی نیمزو-لارسن	b2b3 e7e5 c1b2 b8c6 e2e3
A01	Nimzo-Larsen Attack: Modern Variation	حمله‌ی نیمزو-لارسن	b2b3 e7e5 c1b2 b8c6 c2c4 g8f6
A01	Nimzo-Larsen Attack: Pachman Gambit	حمله‌ی نیمزو-لارسن	b2b3 e7e5 c1b2 b8c6 f2f4
A01	Nimzo-Larsen Attack: Polish Variation	حمله‌ی نیمزو-لارسن	b2b3 b7b5
A01	Nimzo-Larsen Attack: Ringelbach Gambit	حمله‌ی نیمزو-لارسن	b2b3 f7f5 c1b2 e7e6 e2e4
A01	Nimzo-Larsen Attack: Spike Variation	حمله‌ی نیمزو-لارسن	b2b3 g8f6 c1b2 g7g6 g2g4
A01	Nimzo-Larsen Attack: Symmetrical Variation	حمله‌ی نیمزو-لارسن	b2b3 b7b6
A02	Bird Opening	گشایش برد	f2f4
A02	Bird Opening: Batavo-Polish Attack	گشایش برد	f2f4 g8f6 g1f3 g7g6 b2b4
A02	Bird Opening: Double Duck Formation	گشایش برد	f2f4 f7f5 d2d4 d7d5
A02	Bird Opening: From's Gambit	گشایش برد	f2f4 e7e5
A02	Bird Opening: From's Gambit, Bahr Gambit	گشایش برد	f2f4 e7e5 b1c3
A02	Bird Opening: From's Gambit, Langheld Gambit	گشایش برد	f2f4 e7e5 f4e5 d7d6 e5d6 g8f6
A02	Bird Opening: From's Gambit, Lasker Variation	گشایش برد	f2f4 e7e5 f4e5 d7d6 e5d6 f8d6 g1f3 g7g5
A02	Bird Opening: From's Gambit, Lipke Variation	گشایش برد	f2f4 e7e5 f4e5 d7d6 e5d6 f8d6 g1f3 g8h6 d2d4
A02	Bird Opening: Hobbs Gambit	گشایش برد	f2f4 g7g5
A02	Bird Opening: Hobbs-Zilbermints Gambit	گشایش برد	f2f4 h7h6 g1f3 g7g5
A02	Bird Opening: Horsefly Defense	گشایش برد	f2f4 g8h6
A02	Bird Opening: Lasker Gambit	گشایش برد	f2f4 e7e5 f4e5 f7f6
A02	Bird Opening: Mujannah	گشایش برد	f2f4 g8f6 c2c4
A02	Bird Opening: Myers Defense	گشایش برد	f2f4 b7b5
A02	Bird Opening: Platz Gambit	گشایش برد	f2f4 e7e5 f4e5 g8e7
A02	Bird Opening: Schlechter Gambit	گشایش برد	f2f4 e7e5 f4e5 b8c6
A02	Bird Opening: Siegener Gambit	گشایش برد	f2f4 e7e5 d2d4 e5d4 g1f3 c7c5 c2c3
A02	Bird Opening: Swiss Gambit	گشایش برد	f2f4 f7f5 e2e4 f5e4 b1c3 g8f6 g2g4
A02	Bird Opening: Wagner-Zwitersch Gambit	گشایش برد	f2f4 f7f5 e2e4
A03	Bird Opening: Dutch Variation	گشایش برد	f2f4 d7d5
A03	Bird Opening: Dutch Variation, Dudweiler Gambit	گشایش برد	f2f4 d7d5 g2g4
A03	Bird Opening: Lasker Variation	گشایش برد	f2f4 d7d5 g1f3 g8f6 e2e3 c7c5
A03	Bird Opening: Sturm Gambit	گشایش برد	f2f4 d7d5 c2c4
A03	Bird Opening: Thomas Gambit	گشایش برد	f2f4 d7d5 b2b3 g8f6 c1b2 d5d4 g1f3 c7c5 e2e3
A03	Bird Opening: Williams Gambit	گشایش برد	f2f4 d7d5 e2e4
A03	Bird Opening: Williams Gambit	گشایش برد	f2f4 d7d5 e2e4 d5e4 b1c3 g8f6 d1e2
A03	Bird Opening: Williams-Zilbermints Gambit	گشایش برد	f2f4 d7d5 e2e4 d5e4 b1c3 g8f6 g1e2
A04	Colle System: Rhamphorhynchus Variation	سیستم کوله	g1f3 c7c5 e2e3 g7g6 d2d4 f8g7 d4c5 d8a5
A04	Modern Defense: Semi-Averbakh Variation, Polish Variation	دفاع مدرن	g1f3 c7c5 c2c4 g7g6 d2d4 f8g7 e2e4 d8b6
A04	Modern Defense: Semi-Averbakh Variation, Pterodactyl Variation	دفاع مدرن	g1f3 c7c5 c2c4 g7g6 d2d4 f8g7 e2e4 d8a5
A04	Modern Defense: Semi-Averbakh Variation, Pterodactyl Variation Accepted	دفاع مدرن	g1f3 g7g6 d2d4 f8g7 e2e4 d7d6 c2c4 c7c5 d4c5 d8a5
A04	Zukertort Defense: Kingside Variation	دفاع زوکرتورت	g1f3 g8h6 d2d4 g7g6
A04	Zukertort Defense: Sicilian Knight Variation	دفاع زوکرتورت	g1f3 b8a6 e2e4 c7c5
A04	Zukertort Opening	گشایش زوکرتورت	g1f3
A04	Zukertort Opening: Arctic Defense	گشایش زوکرتورت	g1f3 f7f6
A04	Zukertort Opening: Arctic Defense, Drunken Knight Variation	گشایش زوکرتورت	g1f3 f7f6 e2e4 g8h6 d2d4 h6f7
A04	Zukertort Opening: Basman Defense	گشایش زوکرتورت	g1f3 h7h6
A04	Zukertort Opening: Black Mustang Defense	گشایش زوکرتورت	g1f3 b8c6
A04	Zukertort Opening: Drunken Cavalry Variation	گشایش زوکرتورت	g1f3 b8a6 e2e4 g8h6
A04	Zukertort Opening: Dutch Variation	گشایش زوکرتورت	g1f3 f7f5
A04	Zukertort Opening: Herrstrom Gambit	گشایش زوکرتورت	g1f3 g7g5
A04	Zukertort Opening: Kingside Fianchetto	گشایش زوکرتورت	g1f3 g7g6
A04	Zukertort Opening: Lisitsyn Gambit	گشایش زوکرتورت	g1f3 f7f5 e2e4
A04	Zukertort Opening: Lisitsyn Gambit Deferred	گشایش زوکرتورت	g1f3 f7f5 d2d3 g8f6 e2e4
A04	Zukertort Opening: Pirc Invitation	گشایش زوکرتورت	g1f3 d7d6
A04	Zukertort Opening: Polish Defense	گشایش زوکرتورت	g1f3 b7b5
A04	Zukertort Opening: Queen's Gambit Invitation	گشایش زوکرتورت	g1f3 e7e6
A04	Zukertort Opening: Queenside Fianchetto Variation	گشایش زوکرتورت	g1f3 b7b6
A04	Zukertort Opening: Ross Gambit	گشایش زوکرتورت	g1f3 e7e5
A04	Zukertort Opening: Shabalov Gambit	گشایش زوکرتورت	g1f3 e7e6 c2c4 a7a6 b1c3 c7c5 g2g3 b7b5
A04	Zukertort Opening: Sicilian Invitation	گشایش زوکرتورت	g1f3 c7c5
A04	Zukertort Opening: Slav Invitation	گشایش زوکرتورت	g1f3 c7c6
A04	Zukertort Opening: Speelsmet Gambit	گشایش زوکرتورت	g1f3 c7c5 d2d4 c5d4 e2e3
A04	Zukertort Opening: St. George Defense	گشایش زوکرتورت	g1f3 a7a6
A04	Zukertort Opening: The Walrus	گشایش زوکرتورت	g1f3 e7e5 f3e5 b8c6 e5c6 d7c6
A04	Zukertort Opening: Vos Gambit	گشایش زوکرتورت	g1f3 d7d6 d2d4 e7e5
A04	Zukertort Opening: Wade Defense	گشایش زوکرتورت	g1f3 d7d6 e2e4 c8g4
A04	Zukertort Opening: Ware Defense	گشایش زوکرتورت	g1f3 a7a5
A05	King's Indian Attack	حمله‌ی هندی شاه	g1f3 g8f6 g2g3 d7d5
A05	King's Indian Attack: Smyslov Variation	حمله‌ی هندی شاه	g1f3 g8f6 g2g3 g7g6 b2b4
A05	King's Indian Attack: Spassky Variation	حمله‌ی هندی شاه	g1f3 g8f6 g2g3 b7b5
A05	King's Indian Attack: Symmetrical Defense	حمله‌ی هندی شاه	g1f3 g8f6 g2g3 g7g6
A05	King's Indian Attack: Wahls Defense	حمله‌ی هندی شاه	g1f3 g8f6 g2g3 g7g6 f1g2 f8g7 e1g1 e8g8 d2d3 d7d5
A05	Polish Opening: Zukertort System	گشایش لهستانی	g1f3 g8f6 b2b4 g7g6 c1b2
A05	Zukertort Opening	گشایش زوکرتورت	g1f3 g8f6
A05	Zukertort Opening	گشایش زوکرتورت	g1f3 g8f6 b1c3 b8c6
A05	Zukertort Opening: Double Fianchetto Attack	گشایش زوکرتورت	g1f3 g8f6 g2g3 g7g6 b2b3 f8g7 c1b2 e8g8 f1g2 d7d6 e1g1
A05	Zukertort Opening: Lemberger Gambit	گشایش زوکرتورت	g1f3 g8f6 e2e4
A05	Zukertort Opening: Myers Polish Attack	گشایش زوکرتورت	g1f3 g8f6 a2a4 g7g6 b2b4
A05	Zukertort Opening: Nimzo-Larsen Variation	گشایش زوکرتورت	g1f3 g8f6 b2b3
A05	Zukertort Opening: Quiet System	گشایش زوکرتورت	g1f3 g8f6 e2e3
A06	Nimzo-Larsen Attack: Classical Variation	حمله‌ی نیمزو-لارسن	g1f3 d7d5 b2b3
A06	Nimzo-Larsen Attack: Norfolk Gambit	حمله‌ی نیمزو-لارسن	g1f3 d7d5 b2b3 c7c5 e2e4
A06	Nimzo-Larsen Attack: Norfolk Gambit	حمله‌ی نیمزو-لارسن	g1f3 d7d5 b2b3 g8f6 c1b2 c7c5 e2e4
A06	Zukertort Opening	گشایش زوکرتورت	g1f3 d7d5
A06	Zukertort Opening: Ampel Variation	گشایش زوکرتورت	g1f3 d7d5 h1g1
A06	Zukertort Opening: Old Indian Attack	گشایش زوکرتورت	g1f3 d7d5 d2d3
A06	Zukertort Opening: Pachman Gambit	گشایش زوکرتورت	g1f3 d7d5 e2e3 c7c5 c2c4 d5c4 b2b3
A06	Zukertort Opening: Regina-Nu Gambit	گشایش زوکرتورت	g1f3 d7d5 b2b3 c7c5 c2c4 d5c4 b1c3
A06	Zukertort Opening: Reversed Mexican Defense	گشایش زوکرتورت	g1f3 d7d5 b1c3
A06	Zukertort Opening: Santasiere's Folly	گشایش زوکرتورت	b2b4 d7d5 g1f3
A06	Zukertort Opening: Tennison Gambit	گشایش زوکرتورت	e2e4 d7d5 g1f3
A06	Zukertort Opening: Tennison Gambit, Brigg's Trap	گشایش زوکرتورت	e2e4 d7d5 g1f3 d5e4 f3g5 g8f6 b1c3 c8f5 d1e2 d8d4
A06	Zukertort Opening: The Potato	گشایش زوکرتورت	g1f3 d7d5 a2a4
A07	Hungarian Opening: Wiedenhagen-Beta Gambit	گشایش مجاری	g2g3 d7d5 g1f3 g7g5
A07	King's Indian Attack	حمله‌ی هندی شاه	g1f3 d7d5 g2g3
A07	King's Indian Attack, with Bf5	حمله‌ی هندی شاه، با Bf5	g1f3 g8f6 g2g3 d7d5 f1g2 c7c6 e1g1 c8f5
A07	King's Indian Attack, with Bf5	حمله‌ی هندی شاه، با Bf5	g1f3 g8f6 g2g3 d7d5 f1g2 c7c6 e1g1 c8f5 d2d3 h7h6
A07	King's Indian Attack, with Bf5	حمله‌ی هندی شاه، با Bf5	g1f3 g8f6 g2g3 d7d5 f1g2 c7c6 e1g1 c8f5 d2d3 h7h6 c2c4 d5c4
A07	King's Indian Attack, with Bf5	حمله‌ی هندی شاه، با Bf5	g1f3 g8f6 g2g3 d7d5 f1g2 c7c6 e1g1 c8f5 d2d3 e7e6 b1d2
A07	King's Indian Attack, with Bf5	حمله‌ی هندی شاه، با Bf5	g1f3 g8f6 g2g3 d7d5 f1g2 c7c6 e1g1 c8f5 d2d3 e7e6 f3h4
A07	King's Indian Attack, with e6	حمله‌ی هندی شاه، با e6	g1f3 g8f6 g2g3 d7d5 f1g2 e7e6
A07	King's Indian Attack, with e6	حمله‌ی هندی شاه، با e6	g1f3 g8f6 g2g3 d7d5 f1g2 e7e6 e1g1 f8e7
A07	King's Indian Attack: Double Fianchetto	حمله‌ی هندی شاه	g1f3 d7d5 g2g3 g7g6
A07	King's Indian Attack: Keres Variation	حمله‌ی هندی شاه	g1f3 d7d5 g2g3 c8g4
A07	King's Indian Attack: Keres Variation	حمله‌ی هندی شاه	g1f3 d7d5 g2g3 c8g4 f1g2 b8d7
A07	King's Indian Attack: Keres Variation	حمله‌ی هندی شاه	g1f3 d7d5 g2g3 c7c6 f1g2 c8g4 e1g1 b8d7
A07	King's Indian Attack: Keres Variation	حمله‌ی هندی شاه	g1f3 d7d5 g2g3 c7c6 f1g2 c8g4 e1g1 b8d7 d2d4 g8f6 c2c4 e7e6 c4d5 e6d5 b1c3 f8d6
A07	King's Indian Attack: Omega-Delta Gambit	حمله‌ی هندی شاه	g1f3 d7d5 g2g3 e7e5
A07	King's Indian Attack: Pachman System	حمله‌ی هندی شاه	g1f3 d7d5 g2g3 g7g6 f1g2 f8g7 e1g1 e7e5 d2d3 g8e7
A07	King's Indian Attack: Sicilian Variation	حمله‌ی هندی شاه	g1f3 d7d5 g2g3 c7c5
A07	King's Indian Attack: Yugoslav Variation	حمله‌ی هندی شاه	g1f3 g8f6 g2g3 d7d5 f1g2 c7c6 e1g1 c8g4
A07	King's Indian Attack: Yugoslav Variation	حمله‌ی هندی شاه	c2c4 e7e6 g1f3 d7d5 g2g3 g8f6 f1g2 b7b6 e1g1
A08	King's Indian Attack: French Variation	حمله‌ی هندی شاه	g1f3 d7d5 g2g3 c7c5 f1g2 b8c6
A08	King's Indian Attack: Sicilian Variation	حمله‌ی هندی شاه	e2e4 e7e6 d2d3 d7d5 b1d2 g8f6 g1f3 c7c5 g2g3 b8c6 f1g2 f8e7 e1g1 e8g8 f1e1
A08	King's Indian Attack: Sicilian Variation	حمله‌ی هندی شاه	g1f3 d7d5 g2g3 c7c5 f1g2
A08	King's Indian Attack: Sicilian Variation	حمله‌ی هندی شاه	g1f3 d7d5 g2g3 c7c5 f1g2 g8f6 e1g1 e7e6 d2d3
A08	Zukertort Opening: Reversed Grünfeld	گشایش زوکرتورت	g1f3 d7d5 g2g3 c7c5 f1g2 b8c6 d2d4
A08	Zukertort Opening: Reversed Grünfeld	گشایش زوکرتورت	g1f3 d7d5 g2g3 c7c5 f1g2 b8c6 d2d4 g8f6
A08	Zukertort Opening: Reversed Grünfeld	گشایش زوکرتورت	g1f3 d7d5 g2g3 c7c5 f1g2 b8c6 d2d4 g8f6 e1g1
A08	Zukertort Opening: Reversed Grünfeld	گشایش زوکرتورت	g1f3 d7d5 g2g3 c7c5 f1g2 b8c6 d2d4 e7e6 e1g1
A09	Réti Opening	گشایش رتی	g1f3 d7d5 c2c4
A09	Réti Opening: Advance Variation	گشایش رتی	g1f3 d7d5 c2c4 d5d4
A09	Réti Opening: Advance Variation, Michel Gambit	گشایش رتی	g1f3 d7d5 c2c4 d5d4 b2b4 c7c5
A09	Réti Opening: Advance Variation, Navara Gambit	گشایش رتی	g1f3 d7d5 c2c4 d5d4 b2b4 g7g5
A09	Réti Opening: Penguin Variation	گشایش رتی	g1f3 d7d5 c2c4 d5d4 h1g1
A09	Réti Opening: Reversed Blumenfeld Gambit	گشایش رتی	g1f3 d7d5 c2c4 d5d4 e2e3 c7c5 b2b4
A09	Réti Opening: Réti Accepted	گشایش رتی	g1f3 d7d5 c2c4 d5c4
A09	Réti Opening: Réti Gambit, Keres Variation	گشایش رتی	g1f3 d7d5 c2c4 d5c4 e2e3 c8e6
A09	Réti Opening: Zilbermints Gambit	گشایش رتی	g1f3 d7d5 c2c4 b7b5
A10	English Opening	گشایش انگلیسی	c2c4
A10	English Opening: Achilles-Omega Gambit	گشایش انگلیسی	c2c4 g8f6 e2e4
A10	English Opening: Adorjan Defense	گشایش انگلیسی	c2c4 g7g6 e2e4 e7e5
A10	English Opening: Anglo-Dutch Defense	گشایش انگلیسی	c2c4 f7f5
A10	English Opening: Anglo-Dutch Defense, Hickmann Gambit	گشایش انگلیسی	c2c4 f7f5 e2e4
A10	English Opening: Anglo-Dutch Variation, Chabanon Gambit	گشایش انگلیسی	c2c4 f7f5 g1f3 d7d6 e2e4
A10	English Opening: Anglo-Dutch Variation, Ferenc Gambit	گشایش انگلیسی	c2c4 f7f5 b1c3 g8f6 e2e4
A10	English Opening: Anglo-Lithuanian Variation	گشایش انگلیسی	c2c4 b8c6
A10	English Opening: Anglo-Scandinavian Defense	گشایش انگلیسی	c2c4 d7d5
A10	English Opening: Anglo-Scandinavian Defense, Löhn Gambit	گشایش انگلیسی	c2c4 d7d5 c4d5 e7e6
A10	English Opening: Anglo-Scandinavian Defense, Malvinas Variation	گشایش انگلیسی	c2c4 d7d5 c4d5 d8d5 b1c3 d5a5
A10	English Opening: Anglo-Scandinavian Defense, Schulz Gambit	گشایش انگلیسی	c2c4 d7d5 c4d5 g8f6
A10	English Opening: Great Snake Variation	گشایش انگلیسی	c2c4 g7g6
A10	English Opening: Jaenisch Gambit	گشایش انگلیسی	c2c4 b7b5
A10	English Opening: King's English Variation, Botvinnik System, Prickly Pawn Pass System	گشایش انگلیسی	c2c4 g7g6 b1c3 f8g7 g2g3 g8f6 f1g2 e8g8 e2e4 d7d6 g1e2 e7e5 e1g1 c7c6 d2d3 a7a6
A10	English Opening: Myers Defense	گشایش انگلیسی	c2c4 g7g5
A10	English Opening: Myers Gambit	گشایش انگلیسی	c2c4 g7g5 d2d4 f8g7
A10	English Opening: Porcupine Variation	گشایش انگلیسی	c2c4 f7f5 b1c3 g8f6 e2e4 f5e4 g2g4
A10	English Opening: Wade Gambit	گشایش انگلیسی	c2c4 f7f5 g2g4
A10	English Opening: Zilbermints Gambit	گشایش انگلیسی	c2c4 g7g5 d2d4 e7e5
A11	English Opening: Caro-Kann Defensive System	گشایش انگلیسی	c2c4 c7c6
A11	Réti Opening: Anglo-Slav Variation, Gurevich System	گشایش رتی	c2c4 c7c6 g1f3 d7d5 e2e3
A11	Réti Opening: Anglo-Slav Variation, Gurevich System	گشایش رتی	c2c4 c7c6 g1f3 d7d5 e2e3 g8f6 d1c2
A11	Réti Opening: Anglo-Slav Variation, Gurevich System	گشایش رتی	c2c4 c7c6 g1f3 d7d5 e2e3 g8f6 b1c3 b8d7 d1c2
A11	Réti Opening: Anglo-Slav Variation, Gurevich System	گشایش رتی	c2c4 c7c6 g1f3 d7d5 e2e3 g8f6 b1c3 b8d7 b2b3 e7e5
A11	Réti Opening: Anglo-Slav Variation, Gurevich System	گشایش رتی	c2c4 c7c6 g1f3 d7d5 e2e3 g8f6 b1c3 e7e6 b2b3 f8d6
A11	Réti Opening: Anglo-Slav Variation, with g3	گشایش رتی	c2c4 c7c6 g1f3 d7d5 g2g3 g8f6 b2b3 g7g6
A11	Réti Opening: Anglo-Slav Variation, with g3	گشایش رتی	c2c4 c7c6 g1f3 d7d5 g2g3 g8f6 f1g2
A11	Réti Opening: Anglo-Slav Variation, with g3	گشایش رتی	c2c4 c7c6 g1f3 d7d5 g2g3 g8f6 f1g2 d5c4
A11	Réti Opening: Anglo-Slav Variation, with g3	گشایش رتی	c2c4 c7c6 g1f3 d7d5 g2g3 g8f6 f1g2 c8f5
A11	Réti Opening: Anglo-Slav Variation, with g3	گشایش رتی	c2c4 c7c6 g1f3 d7d5 g2g3 g8f6 f1g2 c8f5 e1g1 e7e6 d2d3
A11	Réti Opening: Anglo-Slav Variation, with g3	گشایش رتی	g1f3 g8f6 g2g3 d7d5 f1g2 c7c6 e1g1 c8f5 d2d3 h7h6 c2c4 e7e6
A12	Réti Opening: Anglo-Slav Variation	گشایش رتی	c2c4 g8f6 g2g3 c7c6 g1f3 d7d5 b2b3
A12	Réti Opening: Anglo-Slav Variation, Bled Variation	گشایش رتی	g1f3 d7d5 b2b3 g8f6 c1b2 g7g6 c2c4 c7c6
A12	Réti Opening: Anglo-Slav Variation, Bogoljubow Variation	گشایش رتی	g1f3 d7d5 c2c4 c7c6 b2b3
A12	Réti Opening: Anglo-Slav Variation, Bogoljubow Variation	گشایش رتی	g1f3 d7d5 c2c4 c7c6 b2b3 c8g4
A12	Réti Opening: Anglo-Slav Variation, Bogoljubow Variation	گشایش رتی	g1f3 d7d5 c2c4 c7c6 b2b3 c8f5
A12	Réti Opening: Anglo-Slav Variation, Bogoljubow Variation	گشایش رتی	g1f3 d7d5 c2c4 c7c6 b2b3 c8f5 c1b2
A12	Réti Opening: Anglo-Slav Variation, Capablanca Variation	گشایش رتی	c2c4 g8f6 g1f3 c7c6 b2b3 d7d5 c1b2 c8g4
A12	Réti Opening: Anglo-Slav Variation, Capablanca Variation	گشایش رتی	c2c4 g8f6 g1f3 c7c6 b2b3 d7d5 c1b2 c8g4 e2e3
A12	Réti Opening: Anglo-Slav Variation, Capablanca Variation	گشایش رتی	c2c4 g8f6 g1f3 c7c6 b2b3 d7d5 c1b2 c8g4 d2d3
A12	Réti Opening: Anglo-Slav Variation, London Defensive System	گشایش رتی	c2c4 g8f6 g2g3 c7c6 g1f3 d7d5 b2b3 c8f5
A12	Réti Opening: Anglo-Slav Variation, London Defensive System	گشایش رتی	c2c4 g8f6 g2g3 c7c6 g1f3 d7d5 b2b3 c8f5 f1g2
A12	Réti Opening: Anglo-Slav Variation, London Defensive System	گشایش رتی	c2c4 g8f6 g2g3 c7c6 g1f3 d7d5 b2b3 c8f5 f1g2 e7e6 c1b2
A12	Réti Opening: Anglo-Slav Variation, London Defensive System	گشایش رتی	c2c4 g8f6 g2g3 c7c6 g1f3 d7d5 b2b3 c8f5 c1b2
A12	Réti Opening: Anglo-Slav Variation, New York System	گشایش رتی	g1f3 g8f6 c2c4 c7c6 b2b3 d7d5 c1b2 c8f5
A12	Réti Opening: Anglo-Slav Variation, New York System	گشایش رتی	g1f3 g8f6 c2c4 c7c6 b2b3 d7d5 c1b2 c8f5 e2e3
A12	Réti Opening: Anglo-Slav Variation, New York System	گشایش رتی	g1f3 g8f6 c2c4 c7c6 b2b3 d7d5 c1b2 c8f5 d2d3
A12	Réti Opening: Anglo-Slav Variation, Torre System	گشایش رتی	c2c4 g8f6 g2g3 c7c6 g1f3 d7d5 b2b3 c8g4
A12	Réti Opening: Anglo-Slav Variation, Torre System	گشایش رتی	c2c4 g8f6 g2g3 c7c6 g1f3 d7d5 b2b3 c8g4 f1g2
A12	Réti Opening: Anglo-Slav Variation, Torre System	گشایش رتی	c2c4 g8f6 g2g3 c7c6 g1f3 d7d5 b2b3 c8g4 f1g2 e7e6 c1b2
A12	Réti Opening: Anglo-Slav Variation, Torre System	گشایش رتی	c2c4 g8f6 g2g3 c7c6 g1f3 d7d5 b2b3 c8g4 c1b2
A12	Réti Opening: Anglo-Slav Variation, with dxc4	گشایش رتی	c2c4 g8f6 g2g3 c7c6 g1f3 d7d5 b2b3 d5c4
A13	English Opening: Agincourt Defense	گشایش انگلیسی	c2c4 e7e6
A13	English Opening: Agincourt Defense	گشایش انگلیسی	c2c4 e7e6 g1f3
A13	English Opening: Agincourt Defense	گشایش انگلیسی	c2c4 e7e6 g1f3 d7d5
A13	English Opening: Agincourt Defense	گشایش انگلیسی	c2c4 e7e6 g1f3 d7d5 b2b3 g8f6 c1b2 f8e7 e2e3 e8g8
A13	English Opening: Agincourt Defense	گشایش انگلیسی	c2c4 e7e6 g1f3 d7d5 b2b3 g8f6 c1b2 f8e7 e2e3 e8g8 d2d4
A13	English Opening: Agincourt Defense, Bogoljubow Defense	گشایش انگلیسی	c2c4 e7e6 g1f3 d7d5 g2g3 g8f6 f1g2 f8d6
A13	English Opening: Agincourt Defense, Catalan Defense	گشایش انگلیسی	c2c4 e7e6 g1f3 d7d5 g2g3 b7b6 f1g2 c8b7 e1g1
A13	English Opening: Agincourt Defense, Catalan Defense	گشایش انگلیسی	c2c4 e7e6 g1f3 d7d5 g2g3 c7c5
A13	English Opening: Agincourt Defense, Catalan Defense Accepted	گشایش انگلیسی	c2c4 e7e6 g1f3 g8f6 g2g3 d7d5 f1g2 d5c4
A13	English Opening: Agincourt Defense, Catalan Defense, Semi-Slav Defense	گشایش انگلیسی	c2c4 e7e6 g1f3 g8f6 g2g3 d7d5 f1g2 c7c6
A13	English Opening: Agincourt Defense, Kurajica Defense	گشایش انگلیسی	c2c4 e7e6 g1f3 d7d5 g2g3 c7c6
A13	English Opening: Agincourt Defense, Tarrasch Defense	گشایش انگلیسی	c2c4 e7e6 g1f3 d7d5 g2g3 g8f6 f1g2 c7c5 b2b3 b8c6 e1g1 f8e7
A13	English Opening: Agincourt Defense, Wimpy System	گشایش انگلیسی	c2c4 e7e6 g1f3 g8f6 b2b3 d7d5 c1b2 c7c5 e2e3
A13	English Opening: Neo-Catalan	گشایش انگلیسی	c2c4 e7e6 g1f3 d7d5 g2g3 g8f6
A13	English Opening: Neo-Catalan Declined	گشایش انگلیسی	c2c4 e7e6 g1f3 d7d5 g2g3 g8f6 f1g2 f8e7
A13	English Opening: Romanishin Gambit	گشایش انگلیسی	c2c4 g8f6 g1f3 e7e6 g2g3 a7a6 f1g2 b7b5
A14	English Opening: Agincourt Defense, Keres Defense	گشایش انگلیسی	c2c4 e7e6 g1f3 d7d5 g2g3 g8f6 f1g2 f8e7 e1g1 c7c5 c4d5 f6d5 b1c3 b8c6
A14	English Opening: Agincourt Defense, Neo-Catalan Declined	گشایش انگلیسی	c2c4 e7e6 g1f3 d7d5 g2g3 g8f6 f1g2 f8e7 e1g1
A14	English Opening: Agincourt Defense, Neo-Catalan Declined	گشایش انگلیسی	c2c4 e7e6 g1f3 d7d5 g2g3 g8f6 f1g2 f8e7 e1g1 e8g8 b2b3
A14	English Opening: Agincourt Defense, Neo-Catalan Declined	گشایش انگلیسی	g1f3 d7d5 g2g3 g8f6 f1g2 e7e6 e1g1 f8e7 c2c4 e8g8 b2b3 c7c5
A14	English Opening: Agincourt Defense, Neo-Catalan Declined	گشایش انگلیسی	g1f3 d7d5 g2g3 g8f6 f1g2 e7e6 e1g1 f8e7 c2c4 e8g8 b2b3 c7c5 e2e3
A14	English Opening: Agincourt Defense, Neo-Catalan Declined	گشایش انگلیسی	g1f3 d7d5 g2g3 g8f6 f1g2 e7e6 e1g1 f8e7 c2c4 e8g8 b2b3 c7c5 e2e3 d5d4
A14	English Opening: Agincourt Defense, Neo-Catalan Declined	گشایش انگلیسی	g1f3 d7d5 g2g3 g8f6 f1g2 e7e6 e1g1 f8e7 c2c4 e8g8 b2b3 c7c5 e2e3 b8c6
A14	English Opening: Agincourt Defense, Neo-Catalan Declined, Early b3	گشایش انگلیسی	c2c4 e7e6 g1f3 d7d5 g2g3 g8f6 f1g2 f8e7 b2b3
A14	English Opening: Agincourt Defense, Neo-Catalan Declined, Early b3	گشایش انگلیسی	c2c4 e7e6 g1f3 d7d5 g2g3 g8f6 f1g2 f8e7 b2b3 b7b6
A14	English Opening: Agincourt Defense, Neo-Catalan Declined, Early b3	گشایش انگلیسی	c2c4 e7e6 g1f3 d7d5 g2g3 g8f6 f1g2 f8e7 b2b3 c7c5
A14	Réti Opening: Anglo-Slav Variation	گشایش رتی	g1f3 d7d5 c2c4 c7c6 g2g3 g8f6 f1g2 e7e6 b2b3 f8e7 c1b2
A14	Réti Opening: Anglo-Slav Variation, Bogoljubow Variation, Stonewall Line	گشایش رتی	g1f3 d7d5 c2c4 e7e6 g2g3 g8f6 f1g2 f8e7 e1g1 e8g8 b2b3 c7c6 c1b2
A15	English Opening: Anglo-Indian Defense	گشایش انگلیسی	c2c4 g8f6
A15	English Opening: Anglo-Indian Defense, Anti-Anti-Grünfeld	گشایش انگلیسی	c2c4 g8f6 b1c3 g7g6 g1f3 f8g7 e2e4
A15	English Opening: Anglo-Indian Defense, Grünfeld Formation	گشایش انگلیسی	c2c4 g8f6 g1f3 g7g6 g2g3 d7d5
A15	English Opening: Anglo-Indian Defense, King's Indian Formation	گشایش انگلیسی	c2c4 g8f6 g1f3 g7g6
A15	English Opening: Anglo-Indian Defense, King's Indian Formation, Double Fianchetto	گشایش انگلیسی	c2c4 g8f6 g1f3 g7g6 g2g3 b7b6 f1g2 c8b7
A15	English Opening: Anglo-Indian Defense, King's Knight Variation	گشایش انگلیسی	c2c4 g8f6 g1f3
A15	English Opening: Anglo-Indian Defense, Old Indian Formation	گشایش انگلیسی	c2c4 g8f6 g1f3 d7d6
A15	English Opening: Anglo-Indian Defense, Queen's Indian Formation	گشایش انگلیسی	c2c4 g8f6 g1f3 b7b6
A15	English Opening: Anglo-Indian Defense, Queen's Indian Formation	گشایش انگلیسی	c2c4 e7e6 g1f3 g8f6 g2g3 b7b6 f1g2 c8b7
A15	English Opening: Anglo-Indian Defense, Romanishin Variation	گشایش انگلیسی	c2c4 e7e6 g1f3 g8f6 g2g3 a7a6
A15	English Opening: Anglo-Indian Defense, Scandinavian Defense	گشایش انگلیسی	c2c4 g8f6 g1f3 d7d5
A15	English Opening: Anglo-Indian Defense, Scandinavian Defense, Exchange Variation	گشایش انگلیسی	c2c4 g8f6 g1f3 d7d5 c4d5 f6d5
A15	English Opening: Anglo-Indian Defense, Slav Formation	گشایش انگلیسی	c2c4 g8f6 g1f3 g7g6 g2g3 c7c6
A15	English Orangutan	اورانگوتان انگلیسی	c2c4 g8f6 b2b4
A15	English Orangutan	اورانگوتان انگلیسی	c2c4 g8f6 g1f3 g7g6 b2b4
A16	English Opening: Anglo-Grünfeld Defense	گشایش انگلیسی	c2c4 g8f6 b1c3 d7d5
A16	English Opening: Anglo-Grünfeld Defense, Korchnoi Variation	گشایش انگلیسی	c2c4 g8f6 b1c3 d7d5 c4d5 f6d5 g1f3 g7g6 g2g3 f8g7 f1g2 e7e5
A16	English Opening: Anglo-Indian Defense, Anglo-Grünfeld Variation	گشایش انگلیسی	c2c4 g8f6 b1c3 d7d5 c4d5 f6d5 g1f3
A16	English Opening: Anglo-Indian Defense, Anglo-Grünfeld Variation	گشایش انگلیسی	c2c4 g8f6 b1c3 d7d5 c4d5 f6d5 g1f3 g7g6
A16	English Opening: Anglo-Indian Defense, Anglo-Grünfeld Variation	گشایش انگلیسی	c2c4 g8f6 b1c3 d7d5 c4d5 f6d5 g2g3 g7g6 f1g2 d5b6
A16	English Opening: Anglo-Indian Defense, Anglo-Grünfeld Variation	گشایش انگلیسی	c2c4 g8f6 b1c3 d7d5 c4d5 f6d5 g2g3 g7g6 f1g2 d5c3
A16	English Opening: Anglo-Indian Defense, Queen's Knight Variation	گشایش انگلیسی	c2c4 g8f6 b1c3
A17	English Opening: Anglo-Indian Defense	گشایش انگلیسی	c2c4 g8f6 b1c3 d7d5 c4d5 f6d5 g1f3 c7c5 e2e3 e7e6
A17	English Opening: Anglo-Indian Defense, Hedgehog System	گشایش انگلیسی	c2c4 g8f6 b1c3 e7e6
A17	English Opening: Anglo-Indian Defense, Nimzo-English	گشایش انگلیسی	c2c4 g8f6 b1c3 e7e6 g1f3 f8b4
A17	English Opening: Anglo-Indian Defense, Queen's Indian Formation	گشایش انگلیسی	c2c4 e7e6 b1c3 g8f6 g1f3 b7b6
A17	English Opening: Anglo-Indian Defense, Queen's Indian Variation	گشایش انگلیسی	c2c4 e7e6 b1c3 g8f6 g1f3 b7b6 e2e4 c8b7 f1d3
A17	English Opening: Anglo-Indian Defense, Zvjaginsev-Krasenkow Attack	گشایش انگلیسی	c2c4 e7e6 b1c3 g8f6 g1f3 f8b4 g2g4
A18	English Opening: Mikenas-Carls Variation	گشایش انگلیسی	c2c4 e7e6 b1c3 g8f6 e2e4
A18	English Opening: Mikenas-Carls Variation	گشایش انگلیسی	c2c4 e7e6 b1c3 g8f6 e2e4 b8c6
A18	English Opening: Mikenas-Carls Variation	گشایش انگلیسی	c2c4 e7e6 b1c3 g8f6 e2e4 d7d5 e4e5
A19	English Opening: Anglo-Indian Defense, Flohr-Mikenas-Carls Variation, Nei Gambit	گشایش انگلیسی	c2c4 e7e6 b1c3 g8f6 e2e4 c7c5 e4e5 f6g8
A19	English Opening: Mikenas-Carls, Sicilian	گشایش انگلیسی	c2c4 e7e6 b1c3 g8f6 e2e4 c7c5
A20	English Opening: Drill Variation	گشایش انگلیسی	c2c4 e7e5 g2g3 h7h5
A20	English Opening: King's English Variation	گشایش انگلیسی	c2c4 e7e5
A20	English Opening: King's English Variation, Kahiko-Hula Gambit	گشایش انگلیسی	c2c4 e7e5 e2e3 g8f6 f2f4 e5f4 g1f3
A20	English Opening: King's English Variation, Nimzowitsch Variation	گشایش انگلیسی	c2c4 e7e5 g1f3
A20	English Opening: King's English Variation, Nimzowitsch-Flohr Variation	گشایش انگلیسی	c2c4 e7e5 g1f3 e5e4
A21	English Opening: King's English Variation	گشایش انگلیسی	c2c4 e7e5 b1c3 d7d6 g1f3
A21	English Opening: King's English Variation, Keres Defense	گشایش انگلیسی	c2c4 e7e5 b1c3 d7d6 g2g3 c7c6
A21	English Opening: King's English Variation, Kramnik-Shirov Counterattack	گشایش انگلیسی	c2c4 e7e5 b1c3 f8b4
A21	English Opening: King's English Variation, Reversed Sicilian	گشایش انگلیسی	c2c4 e7e5 b1c3
A21	English Opening: King's English Variation, Smyslov Defense	گشایش انگلیسی	c2c4 e7e5 b1c3 d7d6 g1f3 c8g4
A21	English Opening: King's English Variation, Troger Defense	گشایش انگلیسی	c2c4 e7e5 b1c3 b8c6 g2g3 d7d6 f1g2 c8e6
A22	English Opening: Carls-Bremen System	گشایش انگلیسی	c2c4 e7e5 b1c3 g8f6 g2g3
A22	English Opening: King's English Variation, Adhiban Gambit	گشایش انگلیسی	c2c4 e7e5 b1c3 g8f6 g1f3 e5e4 f3g5 c7c6
A22	English Opening: King's English Variation, Bellon Gambit	گشایش انگلیسی	c2c4 e7e5 b1c3 g8f6 g1f3 e5e4 f3g5 b7b5
A22	English Opening: King's English Variation, Two Knights Variation	گشایش انگلیسی	c2c4 e7e5 b1c3 g8f6
A22	English Opening: King's English Variation, Two Knights Variation, Reversed Dragon	گشایش انگلیسی	c2c4 e7e5 b1c3 g8f6 g2g3 d7d5
A22	English Opening: King's English Variation, Two Knights Variation, Smyslov System	گشایش انگلیسی	c2c4 e7e5 b1c3 g8f6 g2g3 f8b4
A22	English Opening: King's English, Erbenheimer Gambit	گشایش انگلیسی	c2c4 e7e5 b1c3 g8f6 g1f3 e5e4 f3g5 f6g4
A22	English Opening: King's English, Mazedonisch	گشایش انگلیسی	c2c4 e7e5 b1c3 g8f6 f2f4
A23	English Opening: King's English Variation, Two Knights Variation, Keres Variation	گشایش انگلیسی	c2c4 e7e5 b1c3 g8f6 g2g3 c7c6
A23	English Opening: King's English Variation, Two Knights Variation, Keres Variation	گشایش انگلیسی	c2c4 e7e5 b1c3 g8f6 g2g3 f8c5 f1g2 c7c6
A24	English Opening: King's English Variation, Two Knights Variation, Fianchetto Line	گشایش انگلیسی	c2c4 e7e5 b1c3 g8f6 g2g3 g7g6
A25	English Opening: Closed, Taimanov Variation	گشایش انگلیسی	c2c4 e7e5 b1c3 b8c6 g2g3 g7g6 a1b1 g8h6 f1g2 f8g7
A25	English Opening: Closed, Taimanov Variation	گشایش انگلیسی	c2c4 e7e5 b1c3 b8c6 g2g3 g7g6 f1g2 f8g7 e2e3 d7d6 g1e2 g8h6
A25	English Opening: King's English Variation, Bremen-Hort Variation	گشایش انگلیسی	c2c4 e7e5 b1c3 b8c6 g2g3 g7g6 f1g2 f8g7 e2e3 d7d6 g1e2 c8e6
A25	English Opening: King's English Variation, Closed System	گشایش انگلیسی	c2c4 e7e5 b1c3 b8c6 g2g3 g7g6 f1g2 f8g7 d2d3
A25	English Opening: King's English Variation, Hungarian Attack	گشایش انگلیسی	c2c4 e7e5 b1c3 b8c6 g2g3 g7g6 f1g2 f8g7 a1b1
A25	English Opening: King's English Variation, Reversed Closed Sicilian	گشایش انگلیسی	c2c4 e7e5 b1c3 b8c6
A25	English Opening: King's English Variation, Reversed Closed Sicilian	گشایش انگلیسی	c2c4 e7e5 g2g3 g8f6 f1g2 b8c6 b1c3 f8b4 c3d5
A25	English Opening: King's English Variation, Reversed Closed Sicilian	گشایش انگلیسی	c2c4 e7e5 g2g3 g8f6 f1g2 b8c6 b1c3 f8b4 e2e4 d7d6 g1e2
A25	English Opening: King's English Variation, Reversed Closed Sicilian	گشایش انگلیسی	c2c4 e7e5 g2g3 g8f6 f1g2 b8c6 b1c3 f8b4 e2e4 d7d6 g1e2 c8g4
A25	English Opening: King's English Variation, Reversed Closed Sicilian	گشایش انگلیسی	c2c4 e7e5 b1c3 g8f6 g2g3 f8b4 e2e4 e8g8 g1e2 b8c6 f1g2
A25	English Opening: King's English Variation, Taimanov Variation	گشایش انگلیسی	c2c4 e7e5 b1c3 b8c6 g2g3 g7g6 f1g2 f8g7
A26	English Opening: King's English Variation, Botvinnik System	گشایش انگلیسی	c2c4 e7e5 b1c3 b8c6 g2g3 g7g6 f1g2 f8g7 d2d3 d7d6 e2e4
A26	English Opening: King's English Variation, Closed System, Full Symmetry	گشایش انگلیسی	c2c4 e7e5 b1c3 b8c6 g2g3 g7g6 f1g2 f8g7 d2d3 d7d6
A27	English Opening: King's English Variation, Three Knights System	گشایش انگلیسی	c2c4 e7e5 b1c3 b8c6 g1f3
A28	English Opening: Four Knights System, Nimzowitsch Variation	گشایش انگلیسی	c2c4 e7e5 b1c3 g8f6 g1f3 b8c6 e2e4
A28	English Opening: King's English Variation, Four Knights Variation	گشایش انگلیسی	c2c4 e7e5 b1c3 g8f6 g1f3 b8c6
A28	English Opening: King's English Variation, Four Knights Variation	گشایش انگلیسی	c2c4 e7e5 b1c3 g8f6 g1f3 b8c6 d2d4 e5d4 f3d4 f8b4 c1g5 h7h6 g5h4 b4c3 b2c3 c6e5
A28	English Opening: King's English Variation, Four Knights Variation, Bradley Beach Variation	گشایش انگلیسی	c2c4 e7e5 b1c3 g8f6 g1f3 b8c6 d2d4 e5e4
A28	English Opening: King's English Variation, Four Knights Variation, Flexible Line	گشایش انگلیسی	c2c4 e7e5 b1c3 g8f6 g1f3 b8c6 d2d3
A28	English Opening: King's English Variation, Four Knights Variation, Korchnoi Line	گشایش انگلیسی	c2c4 e7e5 b1c3 g8f6 g1f3 b8c6 a2a3
A28	English Opening: King's English Variation, Four Knights Variation, Quiet Line	گشایش انگلیسی	c2c4 e7e5 b1c3 g8f6 g1f3 b8c6 e2e3
A28	English Opening: King's English Variation, Four Knights Variation, Quiet Line	گشایش انگلیسی	c2c4 e7e5 b1c3 g8f6 g1f3 b8c6 e2e3 f8b4 d1c2 b4c3
A28	English Opening: King's English Variation, Four Knights Variation, Quiet Line	گشایش انگلیسی	c2c4 e7e5 b1c3 g8f6 g1f3 b8c6 e2e3 f8b4 d1c2 e8g8 c3d5 f8e8 c2f5
A29	English Opening: King's English Variation, Four Knights Variation, Fianchetto Line	گشایش انگلیسی	c2c4 e7e5 b1c3 g8f6 g1f3 b8c6 g2g3
A29	English Opening: King's English Variation, Four Knights Variation, Fianchetto Line	گشایش انگلیسی	c2c4 e7e5 b1c3 g8f6 g1f3 b8c6 g2g3 f8b4
A29	English Opening: King's English Variation, Four Knights Variation, Fianchetto Line	گشایش انگلیسی	c2c4 e7e5 b1c3 g8f6 g1f3 b8c6 g2g3 f8b4 f1g2 b4c3 d2c3 d7d6 e1g1 e8g8
A29	English Opening: King's English Variation, Four Knights Variation, Fianchetto Line	گشایش انگلیسی	c2c4 e7e5 g2g3 g8f6 f1g2 d7d5 c4d5 f6d5 g1f3 b8c6
A29	English Opening: King's English Variation, Four Knights Variation, Fianchetto Line	گشایش انگلیسی	c2c4 e7e5 g2g3 g8f6 f1g2 d7d5 c4d5 f6d5 g1f3 b8c6 d2d3
A29	English Opening: King's English Variation, Four Knights Variation, Fianchetto Line	گشایش انگلیسی	c2c4 e7e5 g2g3 g8f6 f1g2 d7d5 c4d5 f6d5 g1f3 b8c6 d2d3 f8e7 e1g1 e8g8
A29	English Opening: King's English Variation, Four Knights Variation, Fianchetto Line, Delayed .. Nc6	گشایش انگلیسی	c2c4 e7e5 b1c3 g8f6 g2g3 f8b4 f1g2 e8g8 g1f3 f8e8 e1g1 e5e4 f3d4 b8c6
A29	English Opening: King's English Variation, Four Knights Variation, Fianchetto Line, with .. d6	گشایش انگلیسی	c2c4 e7e5 b1c3 g8f6 g1f3 b8c6 g2g3 f8c5 d2d3 d7d6 f1g2
A29	English Opening: King's English Variation, Four Knights Variation, Fianchetto Line, with .. d6	گشایش انگلیسی	c2c4 e7e5 b1c3 g8f6 g1f3 b8c6 g2g3 f8c5 d2d3 d7d6 f1g2 e8g8 e1g1
A29	English Opening: King's English Variation, Four Knights Variation, Fianchetto Line, with .. d6, Be7	گشایش انگلیسی	c2c4 e7e5 b1c3 g8f6 g2g3 b8c6 f1g2 d7d6 d2d3 f8e7 g1f3 e8g8
A29	English Opening: King's English Variation, Four Knights Variation, Fianchetto Line, with .. d6, a6	گشایش انگلیسی	c2c4 e7e5 b1c3 g8f6 g1f3 b8c6 g2g3 f8c5 d2d3 d7d6 f1g2 a7a6
A29	English Opening: King's English Variation, Four Knights Variation, Fianchetto Line, with .. d6, h6	گشایش انگلیسی	c2c4 e7e5 b1c3 g8f6 g1f3 b8c6 g2g3 f8c5 d2d3 d7d6 f1g2 h7h6
A29	English Opening: King's English Variation, Four Knights Variation, Fianchetto Line, with Bc5	گشایش انگلیسی	c2c4 e7e5 b1c3 g8f6 g1f3 b8c6 g2g3 d7d5 c4d5 f6d5 f1g2 f8c5
A29	English Opening: King's English Variation, Four Knights Variation, Fianchetto Line, with Nb6	گشایش انگلیسی	c2c4 e7e5 b1c3 g8f6 g1f3 b8c6 g2g3 d7d5 c4d5 f6d5 f1g2 d5b6
A30	English Opening: Symmetrical Variation	گشایش انگلیسی	c2c4 c7c5
A30	English Opening: Symmetrical Variation	گشایش انگلیسی	c2c4 c7c5 g1f3
A30	English Opening: Symmetrical Variation, Hedgehog Defense	گشایش انگلیسی	c2c4 e7e6 g1f3 g8f6 b1c3 c7c5 g2g3 b7b6 f1g2 c8b7 e1g1 f8e7
A30	English Opening: Symmetrical Variation, Napolitano Gambit	گشایش انگلیسی	c2c4 c7c5 g1f3 g8f6 b2b4
A30	English Opening: Symmetrical, Hedgehog, Flexible Formation	گشایش انگلیسی	c2c4 e7e6 g1f3 c7c5 b1c3 g8f6 g2g3 b7b6 f1g2 c8b7 e1g1 f8e7 d2d4 c5d4 d1d4 d7d6 f1d1 a7a6 b2b3 b8d7
A30	English Opening: Wing Gambit	گشایش انگلیسی	c2c4 c7c5 b2b4
A31	English Opening: Symmetrical Variation, Anti-Benoni Variation	گشایش انگلیسی	c2c4 g8f6 d2d4 c7c5 g1f3
A32	English Opening: Symmetrical Variation, Anti-Benoni Variation, Spielmann Defense	گشایش انگلیسی	c2c4 e7e6 d2d4 c7c5 g1f3 c5d4 f3d4 g8f6
A33	English Opening: Symmetrical Variation, Anti-Benoni Variation, Geller Variation	گشایش انگلیسی	c2c4 e7e6 g1f3 g8f6 b1c3 c7c5 d2d4 b8c6 g2g3 c5d4 f3d4 d8b6
A33	English Opening: Symmetrical Variation, Anti-Benoni Variation, Spielmann Defense	گشایش انگلیسی	c2c4 e7e6 g1f3 g8f6 b1c3 c7c5 d2d4 c5d4 f3d4 b8c6
A34	English Opening: Symmetrical Variation	گشایش انگلیسی	c2c4 c7c5 g1f3 g8f6 b1c3 b8c6 g2g3 d7d5 d2d4 c5d4
A34	English Opening: Symmetrical Variation, Fianchetto Variation	گشایش انگلیسی	c2c4 g8f6 b1c3 c7c5 g2g3
A34	English Opening: Symmetrical Variation, Normal Variation	گشایش انگلیسی	c2c4 c7c5 b1c3
A34	English Opening: Symmetrical Variation, Rubinstein Variation	گشایش انگلیسی	c2c4 g8f6 b1c3 c7c5 g2g3 d7d5 c4d5 f6d5 f1g2 d5c7
A34	English Opening: Symmetrical Variation, Rubinstein Variation	گشایش انگلیسی	c2c4 c7c5 g1f3 g8f6 b1c3 d7d5 c4d5 f6d5 g2g3 b8c6 f1g2 d5c7
A34	English Opening: Symmetrical Variation, Three Knights Variation	گشایش انگلیسی	c2c4 c7c5 b1c3 g8f6 g1f3
A35	English Opening: Symmetrical Variation	گشایش انگلیسی	c2c4 c7c5 b1c3 g8f6 g1f3 e7e5
A35	English Opening: Symmetrical Variation, Four Knights Variation	گشایش انگلیسی	c2c4 c7c5 g1f3 g8f6 b1c3 b8c6
A35	English Opening: Symmetrical Variation, Four Knights Variation, Keres-Parma System	گشایش انگلیسی	c2c4 c7c5 g1f3 g8f6 b1c3 b8c6 g2g3 e7e6
A35	English Opening: Symmetrical Variation, Two Knights Variation	گشایش انگلیسی	c2c4 c7c5 b1c3 b8c6
A36	English Opening: Symmetrical Variation, Botvinnik System	گشایش انگلیسی	c2c4 c7c5 e2e4 b8c6 b1c3 g7g6 g2g3 f8g7 f1g2
A36	English Opening: Symmetrical Variation, Botvinnik System Reversed, with e3	گشایش انگلیسی	c2c4 c7c5 b1c3 b8c6 g2g3 g7g6 f1g2 f8g7 e2e3 e7e5
A36	English Opening: Symmetrical Variation, Two Knights, Fianchetto Variation	گشایش انگلیسی	c2c4 c7c5 b1c3 b8c6 g2g3
A36	English Opening: Symmetrical Variation, Ultra-Symmetrical Variation	گشایش انگلیسی	c2c4 c7c5 g2g3 g7g6 f1g2 f8g7 b1c3 b8c6
A37	English Opening: Symmetrical Variation, Botvinnik System Reversed, with Nf3	گشایش انگلیسی	c2c4 c7c5 b1c3 b8c6 g2g3 g7g6 f1g2 f8g7 g1f3 e7e5
A37	English Opening: Symmetrical Variation, Botvinnik System Reversed, with Nf3	گشایش انگلیسی	c2c4 c7c5 b1c3 b8c6 g2g3 g7g6 f1g2 f8g7 g1f3 e7e5 e1g1 d7d6
A37	English Opening: Symmetrical Variation, Botvinnik System Reversed, with Nf3	گشایش انگلیسی	c2c4 c7c5 b1c3 b8c6 g2g3 g7g6 f1g2 f8g7 g1f3 e7e5 e1g1 g8e7
A37	English Opening: Symmetrical Variation, Botvinnik System Reversed, with Nf3	گشایش انگلیسی	c2c4 c7c5 b1c3 b8c6 g2g3 g7g6 f1g2 f8g7 g1f3 e7e5 e1g1 g8e7 a2a3
A37	English Opening: Symmetrical Variation, Botvinnik System Reversed, with Nf3	گشایش انگلیسی	c2c4 c7c5 b1c3 b8c6 g2g3 g7g6 f1g2 f8g7 g1f3 e7e5 e1g1 g8e7 d2d3
A37	English Opening: Symmetrical Variation, Botvinnik System Reversed, with Nf3	گشایش انگلیسی	c2c4 c7c5 b1c3 b8c6 g2g3 g7g6 f1g2 f8g7 g1f3 e7e5 e1g1 g8e7 d2d3 d7d6
A37	English Opening: Symmetrical Variation, Three Knights, Fianchetto Variation	گشایش انگلیسی	c2c4 c7c5 b1c3 b8c6 g2g3 g7g6 f1g2 f8g7 g1f3
A37	English Opening: Symmetrical Variation, Three Knights, Fianchetto Variation	گشایش انگلیسی	c2c4 c7c5 g1f3 b8c6 g2g3 g7g6 f1g2 f8g7 e1g1 d7d6 b1c3
A37	English Opening: Symmetrical Variation, Three Knights, Fianchetto Variation	گشایش انگلیسی	c2c4 c7c5 g1f3 b8c6 g2g3 g7g6 f1g2 f8g7 e1g1 e7e6 b1c3
A38	English Opening: Symmetrical Variation, Double Fianchetto	گشایش انگلیسی	c2c4 c7c5 b1c3 b8c6 g2g3 g7g6 f1g2 f8g7 g1f3 g8f6 e1g1 e8g8 b2b3
A38	English Opening: Symmetrical Variation, Duchamp Variation	گشایش انگلیسی	c2c4 g8f6 g1f3 g7g6 g2g3 f8g7 f1g2 e8g8 e1g1 c7c5 b1c3 b8c6 d2d3
A38	English Opening: Symmetrical Variation, Full Symmetry Line	گشایش انگلیسی	c2c4 g8f6 g1f3 c7c5 b1c3 b8c6 g2g3 g7g6 f1g2 f8g7
A39	English Opening: Symmetrical Variation, Mecking Variation	گشایش انگلیسی	c2c4 g8f6 g1f3 c7c5 b1c3 b8c6 g2g3 g7g6 f1g2 f8g7 e1g1 e8g8 d2d4
A40	Australian Defense	دفاع استرالیایی	d2d4 b8a6
A40	Benoni Defense: Franco-Sicilian Hybrid	دفاع بنونی	d2d4 e7e6 c2c4 c7c5 d4d5 e6d5 c4d5 d7d6 b1c3 g7g6 e2e4 f8g7 g1f3 g8e7
A40	Borg Defense: Borg Gambit	دفاع بورگ	d2d4 g7g5
A40	Colle System: Pterodactyl Variation	سیستم کوله	d2d4 g7g6 g1f3 f8g7 e2e3 c7c5 f1d3 d8a5
A40	Colle System: Siroccopteryx Variation	سیستم کوله	d2d4 g7g6 g1f3 f8g7 e2e3 c7c5 f1d3 c5d4 f3d4 d8a5
A40	English Defense	دفاع انگلیسی	d2d4 b7b6
A40	English Defense	دفاع انگلیسی	d2d4 e7e6 c2c4 b7b6
A40	English Defense: Eastbourne Gambit	دفاع انگلیسی	d2d4 b7b6 c2c4 c8b7 b1c3 e7e5
A40	English Defense: Hartlaub Gambit Accepted	دفاع انگلیسی	c2c4 e7e6 d2d4 b7b6 b1c3 c8b7 e2e4 f7f5 e4f5 g8f6
A40	English Defense: Hartlaub Gambit Declined	دفاع انگلیسی	c2c4 e7e6 d2d4 b7b6 b1c3 c8b7 e2e4 f7f5 d4d5
A40	English Defense: Perrin Variation	دفاع انگلیسی	d2d4 e7e6 c2c4 b7b6 e2e4 c8b7 f1d3 b8c6
A40	English Defense: Poli Gambit	دفاع انگلیسی	d2d4 e7e6 c2c4 b7b6 e2e4 c8b7 f2f3 f7f5 e4f5 g8h6
A40	Englund Gambit	گامبی انگلوند	d2d4 e7e5
A40	Englund Gambit Declined	گامبی انگلوندِ ردشده	d2d4 e7e5 d4d5
A40	Englund Gambit Declined: Diemer Counterattack	گامبی انگلوندِ ردشده	d2d4 e7e5 d4d5 f8c5 e2e4 d8h4
A40	Englund Gambit Declined: Reversed Alekhine	گامبی انگلوندِ ردشده	d2d4 e7e5 g1f3
A40	Englund Gambit Declined: Reversed Brooklyn	گامبی انگلوندِ ردشده	d2d4 e7e5 g1f3 e5e4 f3g1
A40	Englund Gambit Declined: Reversed French	گامبی انگلوندِ ردشده	d2d4 e7e5 e2e3
A40	Englund Gambit Declined: Reversed Krebs	گامبی انگلوندِ ردشده	d2d4 e7e5 g1f3 e5e4
A40	Englund Gambit Declined: Reversed Mokele Mbembe	گامبی انگلوندِ ردشده	d2d4 e7e5 g1f3 e5e4 f3e5
A40	Englund Gambit: Felbecker Gambit	گامبی انگلوند	d2d4 e7e5 d4e5 b8c6 g1f3 f8c5
A40	Englund Gambit: Hartlaub-Charlick Gambit	گامبی انگلوند	d2d4 e7e5 d4e5 d7d6
A40	Englund Gambit: Main Line	گامبی انگلوند	d2d4 e7e5 d4e5 b8c6 g1f3 d8e7
A40	Englund Gambit: Mosquito Gambit	گامبی انگلوند	d2d4 e7e5 d4e5 d8h4
A40	Englund Gambit: Soller Gambit	گامبی انگلوند	d2d4 e7e5 d4e5 f7f6
A40	Englund Gambit: Soller Gambit Deferred	گامبی انگلوند	d2d4 e7e5 d4e5 b8c6 g1f3 f7f6
A40	Englund Gambit: Stockholm Variation	گامبی انگلوند	d2d4 e7e5 d4e5 b8c6 g1f3 d8e7 d1d5
A40	Englund Gambit: Zilbermints Gambit	گامبی انگلوند	d2d4 e7e5 d4e5 b8c6 g1f3 g8e7
A40	Horwitz Defense	دفاع هورویتس	d2d4 e7e6
A40	Horwitz Defense: Zilbermints Gambit	دفاع هورویتس	d2d4 e7e6 c2c4 e6e5
A40	Kangaroo Defense	دفاع کانگورو	d2d4 e7e6 c2c4 f8b4
A40	Kangaroo Defense: Keres Defense, Transpositional Variation	دفاع کانگورو	d2d4 e7e6 c2c4 f8b4 b1c3
A40	Mikenas Defense	دفاع میکناس	d2d4 b8c6
A40	Mikenas Defense: Cannstatter Variation	دفاع میکناس	d2d4 b8c6 c2c4 e7e5 d4d5 c6d4
A40	Mikenas Defense: Lithuanian Variation	دفاع میکناس	d2d4 b8c6 c2c4 e7e5 d4d5 c6e7
A40	Mikenas Defense: Pozarek Gambit	دفاع میکناس	d2d4 b8c6 c2c4 e7e5 d4e5 c6e5 b1c3 e5c4
A40	Modern Defense: Beefeater Variation	دفاع مدرن	d2d4 g7g6 c2c4 f8g7 b1c3 c7c5 d4d5 g7c3 b2c3 f7f5
A40	Modern Defense: Lizard Defense, Pirc-Diemer Gambit	دفاع مدرن	d2d4 g7g6 h2h4 g8f6 h4h5
A40	Montevideo Defense	دفاع مونته‌ویدئو	d2d4 b8c6 d4d5 c6b8
A40	Polish Defense	دفاع لهستانی	d2d4 b7b5
A40	Polish Defense: Spassky Gambit Accepted	دفاع لهستانی	d2d4 b7b5 e2e4 c8b7 f1b5
A40	Pterodactyl Defense: Central, Benoni Beefeater Pterodactyl	دفاع پتروداکتیل	d2d4 g7g6 c2c4 f8g7 b1c3 c7c5 d4d5 d7d6 e2e4 g7c3 b2c3 d8a5
A40	Pterodactyl Defense: Central, Benoni Pterodactyl	دفاع پتروداکتیل	d2d4 g7g6 c2c4 f8g7 e2e4 c7c5 d4d5 d8a5
A40	Pterodactyl Defense: Fianchetto, Queen Benoni Pterodactyl	دفاع پتروداکتیل	d2d4 g7g6 c2c4 f8g7 b1c3 c7c5 d4d5 d8a5
A40	Pterodactyl Defense: Fianchetto, Queen Pteranodon	دفاع پتروداکتیل	d2d4 g7g6 c2c4 f8g7 b1c3 c7c5 d4d5 g7c3 b2c3 d8a5
A40	Pterodactyl Defense: Fianchetto, Queen Pterodactyl	دفاع پتروداکتیل	d2d4 g7g6 g1f3 f8g7 g2g3 c7c5 f1g2 d8a5
A40	Pterodactyl Defense: Queen Pterodactyl, Quiet Line	دفاع پتروداکتیل	d2d4 g7g6 c2c4 f8g7 b1c3 c7c5 e2e3
A40	Queen's Pawn Game	بازی پیاده‌ی وزیر	d2d4
A40	Queen's Pawn Game: Anglo-Slav Opening	بازی پیاده‌ی وزیر	d2d4 c7c6 c2c4 d7d6
A40	Queen's Pawn Game: Modern Defense	بازی پیاده‌ی وزیر	d2d4 g7g6
A40	Slav Indian: Kudischewitsch Gambit	هندی اسلاو	d2d4 c7c6 g1f3 g8f6 c2c4 b7b5
A40	Zaire Defense	دفاع زئیر	d2d4 b8c6 d4d5 c6b8 e2e4 g8f6 e4e5 f6g8
A41	Modern Defense	دفاع مدرن	d2d4 g7g6 c2c4 f8g7 b1c3 d7d6
A41	Modern Defense: Neo-Modern Defense	دفاع مدرن	d2d4 g7g6 c2c4 f8g7 e2e4 e7e5
A41	Old Indian Defense	دفاع هندی قدیمی	d2d4 d7d6 c2c4
A41	Queen's Pawn Game	بازی پیاده‌ی وزیر	d2d4 d7d6
A41	Queen's Pawn Game: Rossolimo Variation	بازی پیاده‌ی وزیر	d2d4 d7d6 g1f3 g7g6
A41	Rat Defense: English Rat	دفاع موش	d2d4 d7d6 c2c4 e7e5
A41	Rat Defense: English Rat, Lisbon Gambit	دفاع موش	d2d4 d7d6 c2c4 e7e5 d4e5 b8c6
A41	Rat Defense: English Rat, Pounds Gambit	دفاع موش	d2d4 d7d6 c2c4 e7e5 d4e5 c8e6
A41	Robatsch Defense: Rossolimo Variation	دفاع روباچ	d2d4 d7d6 g1f3 g7g6 c2c4 f8g7 e2e4 c8g4
A41	Wade Defense	دفاع وید	d2d4 d7d6 g1f3 c8g4
A41	Zukertort Opening: Wade Defense, Chigorin Plan	گشایش زوکرتورت	d2d4 d7d6 g1f3 c8g4 c2c4 b8d7 d1b3 a8b8
A42	Modern Defense: Averbakh System	دفاع مدرن	d2d4 g7g6 c2c4 f8g7 b1c3 d7d6 e2e4
A42	Modern Defense: Averbakh Variation, Pseudo-Sämisch	دفاع مدرن	d2d4 g7g6 c2c4 f8g7 e2e4 d7d6 c1e3 g8f6 f2f3
A42	Modern Defense: Kotov Variation	دفاع مدرن	d2d4 g7g6 c2c4 f8g7 b1c3 d7d6 e2e4 b8c6
A42	Modern Defense: Randspringer Variation	دفاع مدرن	d2d4 g7g6 c2c4 f8g7 b1c3 d7d6 e2e4 f7f5
A42	Pterodactyl Defense	دفاع پتروداکتیل	g1f3 c7c5 c2c4 g7g6 d2d4 f8g7 e2e4 d8a5 b1c3 d7d6
A42	Pterodactyl Defense: Central, Bogolubovia	دفاع پتروداکتیل	d2d4 g7g6 c2c4 f8g7 e2e4 d7d6 b1c3 c7c5 g1e2 d8a5
A43	Benoni Defense: Benoni Gambit Accepted	دفاع بنونی	d2d4 c7c5 d4c5
A43	Benoni Defense: Benoni Gambit, Schlenker Defense	دفاع بنونی	d2d4 c7c5 d4c5 b8a6
A43	Benoni Defense: Benoni-Indian Defense	دفاع بنونی	d2d4 c7c5 d4d5 g8f6
A43	Benoni Defense: Benoni-Indian Defense, Kingside Move Order	دفاع بنونی	d2d4 c7c5 d4d5 g8f6 g1f3
A43	Benoni Defense: Benoni-Staunton Gambit	دفاع بنونی	d2d4 c7c5 d4d5 f7f5 e2e4
A43	Benoni Defense: Cormorant Gambit	دفاع بنونی	d2d4 c7c5 d4c5 b7b6
A43	Benoni Defense: French Benoni	دفاع بنونی	e2e4 e7e6 d2d4 c7c5 d4d5
A43	Benoni Defense: Hawk Variation	دفاع بنونی	d2d4 g8f6 g1f3 c7c5 d4d5 c5c4
A43	Benoni Defense: Old Benoni	دفاع بنونی	d2d4 c7c5
A43	Benoni Defense: Old Benoni	دفاع بنونی	d2d4 c7c5 d4d5
A43	Benoni Defense: Old Benoni	دفاع بنونی	d2d4 c7c5 d4d5 d7d6
A43	Benoni Defense: Old Benoni, Mujannah Formation	دفاع بنونی	d2d4 c7c5 d4d5 f7f5
A43	Benoni Defense: Old Benoni, Schmid Variation	دفاع بنونی	d2d4 c7c5 d4d5 d7d6 b1c3 g7g6
A43	Benoni Defense: Snail Variation	دفاع بنونی	d2d4 c7c5 d4d5 b8a6
A43	Benoni Defense: Woozle	دفاع بنونی	d2d4 c7c5 d4d5 g8f6 b1c3 d8a5
A43	Benoni Defense: Zilbermints-Benoni Gambit	دفاع بنونی	d2d4 c7c5 b2b4
A43	Benoni Defense: Zilbermints-Benoni Gambit	دفاع بنونی	d2d4 c7c5 g1f3 c5d4 b2b4
A43	Benoni Defense: Zilbermints-Benoni Gambit, Tamarkin Countergambit	دفاع بنونی	d2d4 c7c5 g1f3 c5d4 b2b4 e7e5
A43	Indian Defense: Pseudo-Benko	دفاع هندی	d2d4 g8f6 g1f3 c7c5 d4d5 b7b5
A43	Queen's Pawn Game: Liedmann Gambit	بازی پیاده‌ی وزیر	d2d4 c7c5 c2c4 c5d4 e2e3
A44	Benoni Defense: Old Benoni	دفاع بنونی	d2d4 c7c5 d4d5 e7e5
A44	Benoni Defense: Semi-Benoni	دفاع بنونی	d2d4 c7c5 d4d5 e7e5 e2e4 d7d6
A45	Amazon Attack: Siberian Attack	حمله‌ی آمازون	d2d4 g8f6 b1c3 d7d5 d1d3
A45	Basque Opening	گشایش باسک	d2d4 g8f6 b2b3
A45	Canard Opening	گشایش کانار	d2d4 g8f6 f2f4
A45	Indian Defense	دفاع هندی	d2d4 g8f6
A45	Indian Defense: Accelerated London System	دفاع هندی	d2d4 g8f6 c1f4
A45	Indian Defense: Gedult Attack	دفاع هندی	d2d4 g8f6 f2f3 d7d5 g2g4
A45	Indian Defense: Gibbins-Weidenhagen Gambit	دفاع هندی	d2d4 g8f6 g2g4
A45	Indian Defense: Gibbins-Weidenhagen Gambit Accepted	دفاع هندی	d2d4 g8f6 g2g4 f6g4
A45	Indian Defense: Gibbins-Weidenhagen Gambit, Maltese Falcon	دفاع هندی	d2d4 g8f6 g2g4 f6g4 f2f3 g4f6 e2e4
A45	Indian Defense: Gibbins-Weidenhagen Gambit, Oshima Defense	دفاع هندی	d2d4 g8f6 g2g4 e7e5
A45	Indian Defense: Gibbins-Weidenhagen Gambit, Stummer Gambit	دفاع هندی	d2d4 g8f6 g2g4 f6g4 e2e4 d7d6 f1e2 g4f6 b1c3
A45	Indian Defense: Lazard Gambit	دفاع هندی	d2d4 g8f6 b1d2 e7e5
A45	Indian Defense: Maddigan Gambit	دفاع هندی	d2d4 g8f6 b1c3 e7e5
A45	Indian Defense: Omega Gambit	دفاع هندی	d2d4 g8f6 e2e4
A45	Indian Defense: Omega Gambit, Arafat Gambit	دفاع هندی	d2d4 g8f6 e2e4 f6e4 f1d3 e4f6 c1g5
A45	Indian Defense: Paleface Attack, Blackmar-Diemer Gambit Deferred	دفاع هندی	d2d4 g8f6 f2f3 d7d5 e2e4
A45	Indian Defense: Pawn Push Variation	دفاع هندی	d2d4 g8f6 d4d5
A45	Indian Defense: Reversed Chigorin Defense	دفاع هندی	d2d4 g8f6 b1c3 c7c5
A45	Indian Defense: Tartakower Attack	دفاع هندی	d2d4 g8f6 g2g3
A45	Paleface Attack	حمله‌ی رنگ‌پریده	d2d4 g8f6 f2f3
A45	Queen's Pawn Game: Chigorin Variation	بازی پیاده‌ی وزیر	d2d4 g8f6 b1c3 d7d5
A45	Queen's Pawn Game: Veresov, Richter Attack	بازی پیاده‌ی وزیر	d2d4 g8f6 f2f3 d7d5 b1c3
A45	Trompowsky Attack	حمله‌ی ترومپوفسکی	d2d4 g8f6 c1g5
A45	Trompowsky Attack: Borg Variation	حمله‌ی ترومپوفسکی	d2d4 g8f6 c1g5 f6e4 g5f4 g7g5
A45	Trompowsky Attack: Classical Defense	حمله‌ی ترومپوفسکی	d2d4 g8f6 c1g5 e7e6
A45	Trompowsky Attack: Classical Defense, Big Center Variation	حمله‌ی ترومپوفسکی	d2d4 g8f6 c1g5 e7e6 e2e4
A45	Trompowsky Attack: Edge Variation	حمله‌ی ترومپوفسکی	d2d4 g8f6 c1g5 f6e4 g5h4
A45	Trompowsky Attack: Edge Variation, Hergert Gambit	حمله‌ی ترومپوفسکی	d2d4 g8f6 c1g5 f6e4 g5h4 c7c6 b1d2 d8a5 c2c3 e4d2 d1d2 d7d5 e2e4
A45	Trompowsky Attack: Edge Variation, Hergert Gambit	حمله‌ی ترومپوفسکی	d2d4 g8f6 c1g5 f6e4 g5h4 d7d5 f2f3 e4f6 b1c3 c8f5 e2e4
A45	Trompowsky Attack: Poisoned Pawn Variation	حمله‌ی ترومپوفسکی	d2d4 g8f6 c1g5 c7c5 d4d5 d8b6 b1c3
A45	Trompowsky Attack: Raptor Variation	حمله‌ی ترومپوفسکی	d2d4 g8f6 c1g5 f6e4 h2h4
A45	Trompowsky Attack: Raptor Variation, Hergert Gambit	حمله‌ی ترومپوفسکی	d2d4 g8f6 c1g5 f6e4 h2h4 e4g5 h4g5 e7e5
A46	Döry Defense	دفاع دوری	d2d4 g8f6 g1f3 f6e4
A46	Indian Defense: Czech-Indian	دفاع هندی	d2d4 g8f6 g1f3 c7c6
A46	Indian Defense: Knights Variation	دفاع هندی	d2d4 g8f6 g1f3
A46	Indian Defense: Knights Variation, Alburt-Miles Variation	دفاع هندی	d2d4 g8f6 g1f3 a7a6
A46	Indian Defense: London System	دفاع هندی	d2d4 g8f6 g1f3 e7e6 c1f4
A46	Indian Defense: Polish Variation	دفاع هندی	d2d4 g8f6 g1f3 b7b5
A46	Indian Defense: Spielmann-Indian	دفاع هندی	d2d4 g8f6 g1f3 c7c5
A46	Indian Defense: Wade-Tartakower Defense	دفاع هندی	d2d4 g8f6 g1f3 d7d6
A46	Queen's Pawn Game: Torre Attack, Breyer Variation	بازی پیاده‌ی وزیر	d2d4 g8f6 g1f3 e7e6 c1g5 d7d5 e2e3 c7c5 c2c3 d8b6
A46	Queen's Pawn Game: Veresov Attack, Classical Defense	بازی پیاده‌ی وزیر	d2d4 g8f6 g1f3 e7e6 b1c3 d7d5 c1g5
A46	Torre Attack: Classical Defense	حمله‌ی توره	d2d4 g8f6 g1f3 e7e6 c1g5
A46	Torre Attack: Classical Defense, Nimzowitsch Variation	حمله‌ی توره	d2d4 g8f6 g1f3 e7e6 c1g5 h7h6
A46	Torre Attack: Classical Defense, Petrosian Gambit	حمله‌ی توره	d2d4 g8f6 g1f3 e7e6 c1g5 c7c5 e2e3 b7b6 d4d5
A46	Torre Attack: Wagner Gambit	حمله‌ی توره	d2d4 g8f6 g1f3 e7e6 c1g5 c7c5 e2e4
A46	Yusupov-Rubinstein System	سیستم یوسوپوف-روبینشتاین	d2d4 g8f6 g1f3 e7e6 e2e3
A47	Indian Defense: Schnepper Gambit	دفاع هندی	d2d4 g8f6 g1f3 b7b6 c2c3 e7e5
A47	Marienbad System	سیستم ماریین‌باد	d2d4 g8f6 g1f3 b7b6 g2g3 c8b7 f1g2 c7c5
A47	Marienbad System: Berg Variation	سیستم ماریین‌باد	d2d4 g8f6 g1f3 b7b6 g2g3 c8b7 f1g2 c7c5 c2c4 c5d4 d1d4
A47	Pseudo Queen's Indian Defense	دفاع شبه‌هندی وزیر	d2d4 g8f6 g1f3 b7b6
A47	Pseudo Queen's Indian Defense	دفاع شبه‌هندی وزیر	d2d4 g8f6 g1f3 b7b6 e2e3 c8b7 f1d3 e7e6 b1d2 c7c5 b2b3 f8e7
A48	East Indian Defense	دفاع هندی شرقی	d2d4 g8f6 g1f3 g7g6
A48	Indian Defense: Colle System, King's Indian Variation	دفاع هندی	d2d4 g8f6 g1f3 g7g6 e2e3 f8g7 f1d3 d7d6
A48	London System	سیستم لندن	d2d4 g8f6 g1f3 g7g6 c1f4
A48	London System	سیستم لندن	d2d4 g8f6 g1f3 g7g6 c1f4 f8g7 e2e3
A48	London System	سیستم لندن	d2d4 g8f6 g1f3 g7g6 c1f4 f8g7 e2e3 d7d6
A48	London System, with Bd3	سیستم لندن، با Bd3	d2d4 g8f6 g1f3 g7g6 c1f4 f8g7 e2e3 d7d6 f1d3
A48	London System, with Be2	سیستم لندن، با Be2	d2d4 g8f6 g1f3 g7g6 c1f4 f8g7 e2e3 d7d6 f1e2
A48	London System, with Be2	سیستم لندن، با Be2	d2d4 g8f6 g1f3 g7g6 c1f4 f8g7 e2e3 d7d6 f1e2 e8g8
A48	London System, with Be2	سیستم لندن، با Be2	d2d4 g8f6 g1f3 g7g6 c1f4 f8g7 e2e3 d7d6 h2h3 c7c5 f1e2
A48	Queen's Pawn Game: Barry Attack	بازی پیاده‌ی وزیر	d2d4 g8f6 g1f3 g7g6 b1c3 d7d5 c1f4
A48	Queen's Pawn Game: Barry Attack	بازی پیاده‌ی وزیر	d2d4 g8f6 g1f3 g7g6 b1c3 d7d5 c1f4 f8g7
A48	Queen's Pawn Game: Barry Attack, Grünfeld Variation	بازی پیاده‌ی وزیر	d2d4 g8f6 g1f3 g7g6 b1c3 d7d5 c1f4 f8g7 e2e3 e8g8 f1e2
A48	Queen's Pawn Game: Barry Attack, Tarzan Attack	بازی پیاده‌ی وزیر	d2d4 g8f6 g1f3 g7g6 b1c3 d7d5 c1f4 f8g7 d1d2
A48	Queen's Pawn Game: Torre Attack, Grünfeld Variation, Main Line	بازی پیاده‌ی وزیر	d2d4 g8f6 g1f3 g7g6 c1g5 f8g7 b1d2 d7d5 e2e3 e8g8
A48	Torre Attack: Fianchetto Defense	حمله‌ی توره	d2d4 g8f6 g1f3 g7g6 c1g5
A48	Torre Attack: Fianchetto Defense, Euwe Variation	حمله‌ی توره	d2d4 g8f6 g1f3 g7g6 c1g5 f8g7 b1d2 c7c5
A49	Indian Defense: Przepiorka Variation	دفاع هندی	d2d4 g8f6 g1f3 g7g6 g2g3
A50	Indian Defense: Medusa Gambit	دفاع هندی	d2d4 g8f6 c2c4 g7g5
A50	Indian Defense: Normal Variation	دفاع هندی	d2d4 g8f6 c2c4
A50	Indian Defense: Pyrenees Gambit	دفاع هندی	d2d4 g8f6 c2c4 b7b5
A50	Mexican Defense	دفاع مکزیکی	d2d4 g8f6 c2c4 b8c6
A50	Mexican Defense: Horsefly Gambit	دفاع مکزیکی	d2d4 g8f6 c2c4 b8c6 d4d5 c6e5 f2f4
A50	Queen's Indian Accelerated	هندی وزیرِ سریع	d2d4 g8f6 c2c4 b7b6
A50	Slav Indian	هندی اسلاو	d2d4 g8f6 c2c4 c7c6
A51	Indian Defense: Budapest Gambit	دفاع هندی	d2d4 g8f6 c2c4 e7e5
A51	Indian Defense: Budapest Gambit Accepted	دفاع هندی	d2d4 g8f6 c2c4 e7e5 d4e5
A51	Indian Defense: Budapest Gambit Accepted, Fajarowicz Defense	دفاع هندی	d2d4 g8f6 c2c4 e7e5 d4e5 f6e4
A51	Indian Defense: Budapest Gambit Accepted, Fajarowicz Defense, Bonsdorf Variation	دفاع هندی	d2d4 g8f6 c2c4 e7e5 d4e5 f6e4 a2a3
A51	Indian Defense: Budapest Gambit Accepted, Fajarowicz Defense, Steiner Variation	دفاع هندی	d2d4 g8f6 c2c4 e7e5 d4e5 f6e4 d1c2
A52	Indian Defense: Budapest Gambit Accepted, Main Line	دفاع هندی	d2d4 g8f6 c2c4 e7e5 d4e5 f6g4
A52	Indian Defense: Budapest Gambit Accepted, Main Line, Adler Variation	دفاع هندی	d2d4 g8f6 c2c4 e7e5 d4e5 f6g4 g1f3
A52	Indian Defense: Budapest Gambit Accepted, Main Line, Alekhine Variation	دفاع هندی	d2d4 g8f6 c2c4 e7e5 d4e5 f6g4 e2e4
A52	Indian Defense: Budapest Gambit Accepted, Main Line, Alekhine Variation, Abonyi Variation	دفاع هندی	d2d4 g8f6 c2c4 e7e5 d4e5 f6g4 e2e4 g4e5
A52	Indian Defense: Budapest Gambit Accepted, Main Line, Alekhine Variation, Tartakower Defense	دفاع هندی	d2d4 g8f6 c2c4 e7e5 d4e5 f6g4 e2e4 d7d6
A52	Indian Defense: Budapest Gambit Accepted, Main Line, Rubinstein Variation	دفاع هندی	d2d4 g8f6 c2c4 e7e5 d4e5 f6g4 c1f4
A53	Old Indian Defense	دفاع هندی قدیمی	d2d4 g8f6 c2c4 d7d6
A53	Old Indian Defense: Aged Gibbon Gambit	دفاع هندی قدیمی	d2d4 g8f6 c2c4 d7d6 g2g4
A53	Old Indian Defense: Czech Variation, with Nc3	دفاع هندی قدیمی	d2d4 g8f6 c2c4 d7d6 b1c3 c7c6
A53	Old Indian Defense: Czech Variation, with Nf3	دفاع هندی قدیمی	d2d4 g8f6 c2c4 d7d6 g1f3 c7c6
A53	Old Indian Defense: Janowski Variation	دفاع هندی قدیمی	d2d4 g8f6 c2c4 d7d6 b1c3 c8f5
A53	Old Indian Defense: Janowski Variation, Fianchetto Variation	دفاع هندی قدیمی	d2d4 g8f6 c2c4 d7d6 b1c3 c8f5 g2g3
A53	Old Indian Defense: Janowski Variation, Grinberg Gambit	دفاع هندی قدیمی	d2d4 g8f6 c2c4 d7d6 b1c3 c8f5 e2e4
A53	Old Indian Defense: Janowski Variation, Main Line	دفاع هندی قدیمی	d2d4 g8f6 c2c4 d7d6 b1c3 c8f5 f2f3
A54	Old Indian Defense: Duz-Khotimirsky Variation	دفاع هندی قدیمی	d2d4 g8f6 c2c4 d7d6 b1c3 e7e5 e2e3 b8d7 f1d3
A54	Old Indian Defense: Tartakower-Indian	دفاع هندی قدیمی	d2d4 g8f6 c2c4 d7d6 g1f3 c8g4
A54	Old Indian Defense: Two Knights Variation	دفاع هندی قدیمی	d2d4 g8f6 c2c4 d7d6 b1c3 e7e5 g1f3
A54	Old Indian Defense: Ukrainian Variation	دفاع هندی قدیمی	d2d4 g8f6 c2c4 d7d6 b1c3 e7e5
A55	Old Indian Defense: Normal Variation	دفاع هندی قدیمی	d2d4 g8f6 c2c4 d7d6 b1c3 b8d7 e2e4 e7e5 g1f3
A56	Benoni Defense	دفاع بنونی	d2d4 g8f6 c2c4 c7c5
A56	Benoni Defense: Czech Benoni Defense	دفاع بنونی	d2d4 g8f6 c2c4 c7c5 d4d5 e7e5
A56	Benoni Defense: Hromádka System	دفاع بنونی	d2d4 g8f6 c2c4 c7c5 d4d5 d7d6
A56	Benoni Defense: King's Indian System	دفاع بنونی	d2d4 g8f6 c2c4 c7c5 d4d5 e7e5 b1c3 d7d6 e2e4 g7g6
A56	Benoni Defense: Weenink Variation	دفاع بنونی	d2d4 g8f6 c2c4 c7c5 d4c5 e7e6
A56	Grünfeld Defense: Three Knights Variation, Burille Variation, Reversed Tarrasch	دفاع گرونفلد	d2d4 g8f6 c2c4 c7c5 e2e3 g7g6 b1c3 f8g7 g1f3 e8g8 f1e2 c5d4 e3d4 d7d5 e1g1 b8c6
A56	Vulture Defense	دفاع کرکس	d2d4 g8f6 c2c4 c7c5 d4d5 f6e4
A57	Benko Gambit	گامبی بنکو	d2d4 g8f6 c2c4 c7c5 d4d5 b7b5
A57	Benko Gambit Accepted	گامبی بنکوی پذیرفته	d2d4 g8f6 c2c4 c7c5 d4d5 b7b5 c4b5 a7a6
A57	Benko Gambit Accepted: Dlugy Variation	گامبی بنکوی پذیرفته	d2d4 g8f6 c2c4 c7c5 d4d5 b7b5 c4b5 a7a6 f2f3
A57	Benko Gambit Accepted: Modern Variation	گامبی بنکوی پذیرفته	d2d4 g8f6 c2c4 c7c5 d4d5 b7b5 c4b5 a7a6 e2e3
A57	Benko Gambit Accepted: Pawn Return Variation	گامبی بنکوی پذیرفته	d2d4 g8f6 c2c4 c7c5 d4d5 b7b5 c4b5 a7a6 b5b6
A57	Benko Gambit Declined: Bishop Attack	گامبی بنکوی ردشده	d2d4 g8f6 c2c4 c7c5 d4d5 b7b5 c1g5
A57	Benko Gambit Declined: Hjørring Countergambit	گامبی بنکوی ردشده	d2d4 g8f6 c2c4 c7c5 d4d5 b7b5 e2e4
A57	Benko Gambit Declined: Main Line	گامبی بنکوی ردشده	d2d4 g8f6 c2c4 c7c5 d4d5 b7b5 g1f3
A57	Benko Gambit Declined: Pseudo-Sämisch	گامبی بنکوی ردشده	d2d4 g8f6 c2c4 c7c5 d4d5 b7b5 f2f3
A57	Benko Gambit Declined: Quiet Line	گامبی بنکوی ردشده	d2d4 g8f6 c2c4 c7c5 d4d5 b7b5 b1d2
A57	Benko Gambit Declined: Sosonko Variation	گامبی بنکوی ردشده	d2d4 g8f6 c2c4 c7c5 d4d5 b7b5 a2a4
A57	Benko Gambit: Mutkin Countergambit	گامبی بنکو	d2d4 g8f6 c2c4 c7c5 d4d5 b7b5 g2g4
A57	Benko Gambit: Nescafe Frappe Attack	گامبی بنکو	d2d4 g8f6 c2c4 c7c5 d4d5 b7b5 c4b5 a7a6 b1c3 a6b5 e2e4 b5b4 c3b5 d7d6 f1c4
A57	Benko Gambit: Zaitsev System	گامبی بنکو	d2d4 g8f6 c2c4 c7c5 d4d5 b7b5 c4b5 a7a6 b1c3
A57	Benko Gambit: Zaitsev Variation, Nescafe Frappe Attack	گامبی بنکو	d2d4 g8f6 c2c4 c7c5 d4d5 b7b5 c4b5 a7a6 b1c3 a6b5 e2e4 b5b4 c3b5
A58	Benko Gambit Accepted: Central Storming Variation	گامبی بنکوی پذیرفته	d2d4 g8f6 c2c4 c7c5 d4d5 b7b5 c4b5 a7a6 b5a6 g7g6 b1c3 c8a6 f2f4
A58	Benko Gambit Accepted: Fianchetto Variation	گامبی بنکوی پذیرفته	d2d4 g8f6 c2c4 c7c5 d4d5 b7b5 c4b5 a7a6 b5a6 g7g6 b1c3 c8a6 g2g3 d7d6 f1g2 f8g7 g1f3
A58	Benko Gambit Accepted: Fully Accepted Variation	گامبی بنکوی پذیرفته	d2d4 g8f6 c2c4 c7c5 d4d5 b7b5 c4b5 a7a6 b5a6
A58	Benko Gambit: Fianchetto Variation	گامبی بنکو	d2d4 g8f6 c2c4 c7c5 d4d5 b7b5 c4b5 a7a6 b5a6 c8a6 b1c3 d7d6 g1f3 g7g6 g2g3
A58	Benko Gambit: Nd2 Variation	گامبی بنکو	d2d4 g8f6 c2c4 c7c5 d4d5 b7b5 c4b5 a7a6 b5a6 c8a6 b1c3 d7d6 g1f3 g7g6 f3d2
A59	Benko Gambit	گامبی بنکو	d2d4 g8f6 c2c4 c7c5 d4d5 b7b5 c4b5 a7a6 b5a6 g7g6 b1c3 c8a6 e2e4 a6f1 e1f1 d7d6 g2g3
A59	Benko Gambit Accepted: King Walk Variation	گامبی بنکوی پذیرفته	d2d4 g8f6 c2c4 c7c5 d4d5 b7b5 c4b5 a7a6 b5a6 g7g6 b1c3 c8a6 g1f3 d7d6 e2e4 a6f1 e1f1 f8g7 g2g3 e8g8 f1g2
A59	Benko Gambit Accepted: Yugoslav	گامبی بنکوی پذیرفته	d2d4 g8f6 c2c4 c7c5 d4d5 b7b5 c4b5 a7a6 b5a6 c8a6 b1c3 d7d6 e2e4
A59	Benko Gambit Accepted: Yugoslav	گامبی بنکوی پذیرفته	d2d4 g8f6 c2c4 c7c5 d4d5 b7b5 c4b5 a7a6 b5a6 g7g6 b1c3 c8a6 e2e4 a6f1 e1f1 d7d6 g1e2
A60	Benoni Defense: Modern Variation	دفاع بنونی	d2d4 g8f6 c2c4 c7c5 d4d5 e7e6
A60	Benoni Defense: Modern Variation, Snake Variation	دفاع بنونی	d2d4 g8f6 c2c4 c7c5 d4d5 e7e6 b1c3 e6d5 c4d5 f8d6
A61	Benoni Defense	دفاع بنونی	d2d4 g8f6 c2c4 e7e6 g1f3 c7c5 d4d5 e6d5 c4d5 d7d6 b1c3 g7g6
A61	Benoni Defense: Fianchetto Variation	دفاع بنونی	d2d4 g8f6 c2c4 e7e6 g1f3 c7c5 d4d5 e6d5 c4d5 d7d6 b1c3 g7g6 g2g3
A61	Benoni Defense: Knight's Tour Variation	دفاع بنونی	d2d4 g8f6 c2c4 e7e6 g1f3 c7c5 d4d5 e6d5 c4d5 d7d6 b1c3 g7g6 f3d2
A61	Benoni Defense: Uhlmann Variation	دفاع بنونی	d2d4 g8f6 c2c4 e7e6 g1f3 c7c5 d4d5 e6d5 c4d5 d7d6 b1c3 g7g6 c1g5
A62	Benoni Defense: Fianchetto Variation	دفاع بنونی	d2d4 g8f6 c2c4 e7e6 g2g3 c7c5 d4d5 e6d5 c4d5 d7d6 b1c3 g7g6 f1g2 f8g7 g1f3 e8g8
A63	Benoni Defense: Fianchetto Variation, Hastings Defense	دفاع بنونی	d2d4 g8f6 c2c4 e7e6 g2g3 c7c5 d4d5 e6d5 c4d5 d7d6 b1c3 g7g6 f1g2 f8g7 g1f3 e8g8 e1g1 b8d7
A64	Benoni Defense: Fianchetto Variation, Hastings Defense, Main Line	دفاع بنونی	d2d4 g8f6 c2c4 e7e6 g2g3 c7c5 d4d5 e6d5 c4d5 d7d6 b1c3 g7g6 f1g2 f8g7 g1f3 e8g8 e1g1 a7a6 a2a4 b8d7 f3d2 f8e8
A65	Benoni Defense: King's Pawn Line	دفاع بنونی	d2d4 g8f6 c2c4 c7c5 d4d5 e7e6 b1c3 e6d5 c4d5 d7d6 e2e4
A65	Benoni Defense: King's Pawn Line	دفاع بنونی	d2d4 g8f6 c2c4 c7c5 d4d5 e7e6 b1c3 e6d5 c4d5 d7d6 e2e4 g7g6 f2f3 f8g7
A65	Benoni Defense: King's Pawn Line	دفاع بنونی	d2d4 g8f6 c2c4 g7g6 f2f3 c7c5 d4d5 d7d6 e2e4 f8g7 b1c3 e7e6 c1e3 e8g8 d1d2 e6d5 c4d5
A65	Benoni Defense: King's Pawn Line, with Be3	دفاع بنونی	d2d4 g8f6 c2c4 c7c5 d4d5 e7e6 b1c3 e6d5 c4d5 d7d6 e2e4 g7g6 f2f3 f8g7 c1e3
A65	Benoni Defense: King's Pawn Line, with Bg5	دفاع بنونی	d2d4 g8f6 c2c4 g7g6 b1c3 f8g7 e2e4 d7d6 f2f3 e8g8 c1g5 c7c5 d4d5
A65	Benoni Defense: King's Pawn Line, with Bg5	دفاع بنونی	d2d4 g8f6 c2c4 c7c5 d4d5 e7e6 b1c3 e6d5 c4d5 d7d6 e2e4 g7g6 f2f3 f8g7 c1g5
A65	Benoni Defense: King's Pawn Line, with Bg5	دفاع بنونی	d2d4 g8f6 c2c4 g7g6 b1c3 f8g7 e2e4 d7d6 f2f3 e8g8 c1g5 c7c5 d4d5 e7e6 d1d2 e6d5 e4d5
A65	Benoni Defense: King's Pawn Line, with Nge2	دفاع بنونی	d2d4 g8f6 c2c4 c7c5 d4d5 e7e6 b1c3 e6d5 c4d5 d7d6 e2e4 g7g6 f2f3 f8g7 g1e2
A65	Benoni Defense: King's Pawn Line, with Nge2	دفاع بنونی	d2d4 g8f6 c2c4 g7g6 b1c3 f8g7 e2e4 d7d6 f2f3 e8g8 g1e2 c7c5 d4d5 e7e6 e2g3 e6d5 c4d5
A66	Benoni Defense: Mikenas Variation	دفاع بنونی	d2d4 g8f6 c2c4 c7c5 d4d5 e7e6 b1c3 e6d5 c4d5 d7d6 e2e4 g7g6 f2f4 f8g7 e4e5
A66	Benoni Defense: Pawn Storm Variation	دفاع بنونی	d2d4 g8f6 c2c4 c7c5 d4d5 e7e6 b1c3 e6d5 c4d5 d7d6 e2e4 g7g6 f2f4
A67	Benoni Defense: Taimanov Variation	دفاع بنونی	d2d4 g8f6 c2c4 c7c5 d4d5 e7e6 b1c3 e6d5 c4d5 d7d6 e2e4 g7g6 f2f4 f8g7 f1b5
A68	Benoni Defense: Four Pawns Attack	دفاع بنونی	d2d4 g8f6 c2c4 c7c5 d4d5 e7e6 b1c3 e6d5 c4d5 d7d6 e2e4 g7g6 f2f4 f8g7 g1f3 e8g8
A69	Benoni Defense: Four Pawns Attack, Main Line	دفاع بنونی	d2d4 g8f6 c2c4 c7c5 d4d5 e7e6 b1c3 e6d5 c4d5 d7d6 e2e4 g7g6 f2f4 f8g7 g1f3 e8g8 f1e2 f8e8
A70	Benoni Defense: Classical Variation	دفاع بنونی	d2d4 g8f6 c2c4 e7e6 g1f3 c7c5 d4d5 e6d5 c4d5 d7d6 b1c3 g7g6 e2e4
A70	Benoni Defense: Classical Variation, New York Variation	دفاع بنونی	d2d4 g8f6 c2c4 e7e6 g1f3 c7c5 d4d5 e6d5 c4d5 d7d6 b1c3 g7g6 e2e4 f8g7 h2h3
A70	Benoni Defense: Classical Variation, Traditional Variation	دفاع بنونی	d2d4 g8f6 c2c4 e7e6 g1f3 c7c5 d4d5 e6d5 c4d5 d7d6 b1c3 g7g6 e2e4 f8g7 f1e2
A71	Benoni Defense: Classical Variation, Averbakh-Grivas Attack	دفاع بنونی	d2d4 g8f6 c2c4 e7e6 g1f3 c7c5 d4d5 e6d5 c4d5 d7d6 b1c3 g7g6 e2e4 f8g7 c1g5
A72	Benoni Defense: Classical Variation	دفاع بنونی	d2d4 g8f6 c2c4 c7c5 d4d5 e7e6 b1c3 e6d5 c4d5 d7d6 e2e4 g7g6 g1f3 f8g7 f1e2 e8g8
A73	Benoni Defense: Classical Variation, Main Line	دفاع بنونی	d2d4 g8f6 c2c4 c7c5 d4d5 e7e6 b1c3 e6d5 c4d5 d7d6 e2e4 g7g6 g1f3 f8g7 f1e2 e8g8 e1g1
A74	Benoni Defense: Classical Variation, Full Line	دفاع بنونی	d2d4 g8f6 c2c4 c7c5 d4d5 e7e6 b1c3 e6d5 c4d5 d7d6 e2e4 g7g6 g1f3 f8g7 f1e2 e8g8 e1g1 a7a6 a2a4
A75	Benoni Defense: Classical Variation, Argentine Counterattack	دفاع بنونی	d2d4 g8f6 c2c4 e7e6 g1f3 c7c5 d4d5 e6d5 c4d5 d7d6 b1c3 g7g6 e2e4 f8g7 f1e2 e8g8 e1g1 a7a6 a2a4 c8g4
A76	Benoni Defense: Classical Variation, Czerniak Defense	دفاع بنونی	d2d4 g8f6 c2c4 c7c5 d4d5 e7e6 b1c3 e6d5 c4d5 d7d6 e2e4 g7g6 g1f3 f8g7 f1e2 e8g8 e1g1 f8e8
A77	Benoni Defense: Classical Variation, Czerniak Defense, Tal Line	دفاع بنونی	d2d4 g8f6 c2c4 c7c5 d4d5 e7e6 b1c3 e6d5 c4d5 d7d6 e2e4 g7g6 g1f3 f8g7 f1e2 e8g8 e1g1 f8e8 f3d2
A78	Benoni Defense: Classical Variation, Czerniak Defense	دفاع بنونی	d2d4 g8f6 c2c4 e7e6 g1f3 c7c5 d4d5 e6d5 c4d5 d7d6 b1c3 g7g6 e2e4 f8g7 f1e2 e8g8 e1g1 f8e8 f3d2 b8a6
A79	Benoni Defense: Classical Variation, Czerniak Defense	دفاع بنونی	d2d4 g8f6 c2c4 c7c5 d4d5 e7e6 b1c3 e6d5 c4d5 d7d6 e2e4 g7g6 g1f3 f8g7 f1e2 e8g8 e1g1 f8e8 f3d2 b8a6 f2f3
A80	Dutch Defense	دفاع هلندی	d2d4 f7f5
A80	Dutch Defense: Alapin Variation	دفاع هلندی	d2d4 f7f5 d1d3
A80	Dutch Defense: Barcza Variation	دفاع هلندی	d2d4 f7f5 g1f3 g8f6 c2c3
A80	Dutch Defense: Hevendehl Gambit	دفاع هلندی	d2d4 f7f5 g2g4 e7e5
A80	Dutch Defense: Hopton Attack	دفاع هلندی	d2d4 f7f5 c1g5
A80	Dutch Defense: Janzen-Korchnoi Gambit	دفاع هلندی	d2d4 f7f5 h2h3 g8f6 g2g4
A80	Dutch Defense: Kingfisher Gambit	دفاع هلندی	d2d4 f7f5 b1c3 d7d5 e2e4
A80	Dutch Defense: Korchnoi Attack	دفاع هلندی	d2d4 f7f5 h2h3
A80	Dutch Defense: Krejcik Gambit	دفاع هلندی	d2d4 f7f5 g2g4
A80	Dutch Defense: Krejcik Gambit, Tate Gambit	دفاع هلندی	d2d4 f7f5 g2g4 f5g4 e2e4 d7d5 b1c3
A80	Dutch Defense: Manhattan Gambit, Anti-Classical Line	دفاع هلندی	d2d4 f7f5 d1d3 e7e6 g2g4
A80	Dutch Defense: Manhattan Gambit, Anti-Leningrad	دفاع هلندی	d2d4 f7f5 d1d3 g7g6 g2g4
A80	Dutch Defense: Manhattan Gambit, Anti-Modern	دفاع هلندی	d2d4 f7f5 d1d3 d7d6 g2g4
A80	Dutch Defense: Manhattan Gambit, Anti-Stonewall	دفاع هلندی	d2d4 f7f5 d1d3 d7d5 g2g4
A80	Dutch Defense: Omega-Isis Gambit	دفاع هلندی	d2d4 f7f5 g1f3 e7e5
A80	Dutch Defense: Raphael Variation	دفاع هلندی	d2d4 f7f5 b1c3
A80	Dutch Defense: Senechaud Gambit	دفاع هلندی	d2d4 f7f5 c1f4 e7e6 g2g4
A80	Dutch Defense: Spielmann Gambit	دفاع هلندی	d2d4 f7f5 b1c3 g8f6 g2g4
A80	Queen's Pawn Game: Veresov Attack, Dutch System	بازی پیاده‌ی وزیر	d2d4 f7f5 b1c3 d7d5
A81	Dutch Defense: Blackburne Variation	دفاع هلندی	d2d4 f7f5 g2g3 g8f6 f1g2 e7e6 g1h3
A81	Dutch Defense: Fianchetto Attack	دفاع هلندی	d2d4 f7f5 g2g3
A81	Dutch Defense: Leningrad Variation, Carlsbad Variation	دفاع هلندی	d2d4 f7f5 g2g3 g7g6 f1g2 f8g7 g1h3
A81	Dutch Defense: Leningrad, Basman System	دفاع هلندی	d2d4 f7f5 g2g3 c7c6 f1g2 g7g6 g1f3 f8g7 e1g1 g8h6
A81	Dutch Defense: Semi-Leningrad Variation	دفاع هلندی	d2d4 f7f5 g2g3 g8f6 f1g2 g7g6
A82	Dutch Defense: Blackmar's Second Gambit	دفاع هلندی	d2d4 f7f5 e2e4 f5e4 b1c3 g8f6 f2f3
A82	Dutch Defense: Staunton Gambit	دفاع هلندی	d2d4 f7f5 e2e4
A82	Dutch Defense: Staunton Gambit Accepted	دفاع هلندی	d2d4 f7f5 e2e4 f5e4
A82	Dutch Defense: Staunton Gambit, American Attack	دفاع هلندی	d2d4 f7f5 e2e4 f5e4 b1d2
A82	Dutch Defense: Staunton Gambit, Tartakower Variation	دفاع هلندی	d2d4 f7f5 e2e4 f5e4 b1c3 g8f6 g2g4
A82	Rat Defense: Balogh Defense	دفاع موش	e2e4 d7d6 d2d4 f7f5
A83	Dutch Defense: Staunton Gambit	دفاع هلندی	d2d4 f7f5 e2e4 f5e4 b1c3 g8f6 c1g5
A83	Dutch Defense: Staunton Gambit, Alekhine Variation	دفاع هلندی	d2d4 f7f5 e2e4 f5e4 b1c3 g8f6 c1g5 g7g6 h2h4
A83	Dutch Defense: Staunton Gambit, Chigorin Variation	دفاع هلندی	d2d4 f7f5 e2e4 f5e4 b1c3 g8f6 c1g5 c7c6
A83	Dutch Defense: Staunton Gambit, Lasker Variation	دفاع هلندی	d2d4 f7f5 e2e4 f5e4 b1c3 g8f6 c1g5 g7g6 f2f3
A83	Dutch Defense: Staunton Gambit, Nimzowitsch Variation	دفاع هلندی	d2d4 f7f5 e2e4 f5e4 b1c3 g8f6 c1g5 b7b6
A84	Dutch Defense	دفاع هلندی	d2d4 f7f5 c2c4
A84	Dutch Defense: Bellon Gambit	دفاع هلندی	d2d4 f7f5 c2c4 e7e6 e2e4
A84	Dutch Defense: Bladel Variation	دفاع هلندی	d2d4 f7f5 c2c4 g7g6 b1c3 g8h6
A84	Dutch Defense: Classical Variation	دفاع هلندی	d2d4 f7f5 c2c4 e7e6
A84	Dutch Defense: Krause Variation	دفاع هلندی	d2d4 f7f5 c2c4 g8f6 b1c3 d7d6 g1f3 b8c6
A84	Dutch Defense: Normal Variation	دفاع هلندی	d2d4 f7f5 c2c4 g8f6
A84	Dutch Defense: Rubinstein Variation	دفاع هلندی	d2d4 f7f5 c2c4 e7e6 b1c3
A85	Dutch Defense: Queen's Knight Variation	دفاع هلندی	d2d4 f7f5 c2c4 g8f6 b1c3
A86	Dutch Defense: Fianchetto Variation	دفاع هلندی	d2d4 f7f5 c2c4 g8f6 g2g3
A86	Dutch Defense: Hort-Antoshin System	دفاع هلندی	d2d4 f7f5 c2c4 g8f6 g2g3 d7d6 f1g2 c7c6 b1c3 d8c7
A86	Dutch Defense: Leningrad Variation	دفاع هلندی	d2d4 f7f5 c2c4 g8f6 g2g3 g7g6
A87	Dutch Defense: Leningrad Variation	دفاع هلندی	d2d4 f7f5 c2c4 g8f6 g2g3 g7g6 f1g2 f8g7 g1f3
A88	Dutch Defense: Leningrad Variation, Warsaw Variation	دفاع هلندی	d2d4 f7f5 g2g3 g8f6 f1g2 g7g6 g1f3 f8g7 e1g1 e8g8 c2c4 d7d6 b1c3 c7c6
A89	Dutch Defense: Leningrad Variation, Matulovic Variation	دفاع هلندی	d2d4 f7f5 g2g3 g8f6 f1g2 g7g6 g1f3 f8g7 e1g1 e8g8 c2c4 d7d6 b1c3 b8c6
A90	Dutch Defense: Classical Variation	دفاع هلندی	d2d4 f7f5 c2c4 g8f6 g2g3 e7e6 f1g2
A90	Dutch Defense: Classical Variation	دفاع هلندی	d2d4 f7f5 c2c4 g8f6 g2g3 e7e6 f1g2 d7d5 g1f3
A90	Dutch Defense: Nimzo-Dutch Variation	دفاع هلندی	d2d4 f7f5 c2c4 g8f6 g2g3 e7e6 f1g2 f8b4
A90	Dutch Defense: Nimzo-Dutch Variation, Alekhine Variation	دفاع هلندی	d2d4 f7f5 c2c4 g8f6 g2g3 e7e6 f1g2 f8b4 c1d2 b4e7
A90	Dutch Defense: Stonewall Variation, Modern Variation	دفاع هلندی	d2d4 f7f5 c2c4 e7e6 g1f3 g8f6 g2g3 c7c6 f1g2 d7d5 e1g1 f8d6
A91	Dutch Defense: Classical Variation	دفاع هلندی	d2d4 f7f5 c2c4 g8f6 g2g3 e7e6 f1g2 f8e7
A91	Dutch Defense: Classical Variation, Blackburne Attack	دفاع هلندی	d2d4 f7f5 c2c4 g8f6 g2g3 e7e6 f1g2 f8e7 g1h3
A92	Dutch Defense: Alekhine Variation	دفاع هلندی	d2d4 f7f5 c2c4 g8f6 g2g3 e7e6 f1g2 f8e7 g1f3 e8g8 e1g1 f6e4
A92	Dutch Defense: Classical Variation	دفاع هلندی	d2d4 f7f5 c2c4 g8f6 g2g3 e7e6 f1g2 f8e7 g1f3 e8g8
A92	Dutch Defense: Stonewall Variation	دفاع هلندی	d2d4 f7f5 c2c4 g8f6 g2g3 e7e6 f1g2 f8e7 g1f3 e8g8 e1g1 d7d5 b1c3
A92	Dutch Defense: Stonewall Variation	دفاع هلندی	d2d4 f7f5 c2c4 g8f6 g2g3 e7e6 f1g2 f8e7 g1f3 e8g8 e1g1 d7d5
A93	Dutch Defense: Stonewall Variation, Botvinnik Variation	دفاع هلندی	d2d4 f7f5 c2c4 g8f6 g2g3 e7e6 f1g2 f8e7 g1f3 e8g8 e1g1 d7d5 b2b3
A94	Dutch Defense: Stonewall Variation	دفاع هلندی	d2d4 f7f5 c2c4 g8f6 g2g3 e7e6 f1g2 f8e7 g1f3 e8g8 e1g1 d7d5 b2b3 c7c6 c1a3
A95	Dutch Defense: Stonewall Variation	دفاع هلندی	d2d4 f7f5 c2c4 g8f6 g2g3 e7e6 f1g2 f8e7 g1f3 e8g8 e1g1 d7d5 b1c3 c7c6
A95	Dutch Defense: Stonewall Variation, Chekhover Variation	دفاع هلندی	d2d4 f7f5 c2c4 g8f6 g2g3 e7e6 f1g2 f8e7 g1f3 e8g8 e1g1 d7d5 b1c3 c7c6 d1c2 d8e8 c1g5
A96	Dutch Defense: Classical Variation	دفاع هلندی	d2d4 f7f5 c2c4 g8f6 g2g3 e7e6 f1g2 f8e7 g1f3 e8g8 e1g1 d7d6
A96	Dutch Defense: Classical Variation, Buenos Aires Variation	دفاع هلندی	d2d4 f7f5 c2c4 g8f6 g2g3 e7e6 f1g2 f8e7 g1f3 e8g8 e1g1 d7d6 b1c3 a7a5
A96	Dutch Defense: Classical Variation, Huisl Variation	دفاع هلندی	d2d4 f7f5 c2c4 g8f6 g2g3 e7e6 f1g2 f8e7 g1f3 e8g8 e1g1 d7d6 b1c3 f6e4
A97	Dutch Defense: Classical Variation, Ilyin-Zhenevsky Variation	دفاع هلندی	d2d4 f7f5 c2c4 g8f6 g2g3 e7e6 f1g2 f8e7 g1f3 e8g8 e1g1 d7d6 b1c3 d8e8
A97	Dutch Defense: Classical Variation, Ilyin-Zhenevsky Variation, Winter Variation	دفاع هلندی	d2d4 f7f5 c2c4 g8f6 g2g3 e7e6 f1g2 f8e7 g1f3 e8g8 e1g1 d7d6 b1c3 d8e8 f1e1
A98	Dutch Defense: Classical Variation, Ilyin-Zhenevsky Variation, Alatortsev-Lisitsyn Line	دفاع هلندی	d2d4 f7f5 c2c4 g8f6 g2g3 e7e6 f1g2 f8e7 g1f3 e8g8 e1g1 d7d6 b1c3 d8e8 d1c2
A99	Dutch Defense: Classical Variation, Ilyin-Zhenevsky Variation, Modern Main Line	دفاع هلندی	d2d4 f7f5 c2c4 g8f6 g2g3 e7e6 f1g2 f8e7 g1f3 e8g8 e1g1 d7d6 b1c3 d8e8 b2b3
B00	Barnes Defense	دفاع بارنز	e2e4 f7f6
B00	Borg Defense	دفاع بورگ	e2e4 g7g5
B00	Borg Defense: Borg Gambit	دفاع بورگ	e2e4 g7g5 d2d4 f8g7
B00	Borg Defense: Troon Gambit	دفاع بورگ	e2e4 g7g5 d2d4 h7h6 h2h4 g5g4
B00	Borg Defense: Zilbermints Gambit	دفاع بورگ	e2e4 g7g5 d2d4 e7e5
B00	Carr Defense	دفاع کار	e2e4 h7h6
B00	Carr Defense: Zilbermints Gambit	دفاع کار	e2e4 h7h6 d2d4 e7e5
B00	Duras Gambit	گامبی دوراس	e2e4 f7f5
B00	Fried Fox Defense	دفاع فرایدفاکس	e2e4 f7f6 d2d4 e8f7
B00	Goldsmith Defense	دفاع گلداسمیت	e2e4 h7h5
B00	Goldsmith Defense: Picklepuss Defense	دفاع گلداسمیت	e2e4 h7h5 d2d4 g8f6
B00	Hippopotamus Defense	دفاع اسب‌آبی	e2e4 g8h6
B00	Hippopotamus Defense	دفاع اسب‌آبی	e2e4 g8h6 d2d4 g7g6 c2c4 f7f6
B00	King's Pawn Game	بازی پیاده‌ی شاه	e2e4
B00	Lemming Defense	دفاع لمینگ	e2e4 b8a6
B00	Lion Defense: Lion's Jaw	دفاع شیر	e2e4 d7d6 d2d4 g8f6 f2f3
B00	Nimzowitsch Defense	دفاع نیمزوویچ	e2e4 b8c6
B00	Nimzowitsch Defense	دفاع نیمزوویچ	e2e4 b8c6 d2d4
B00	Nimzowitsch Defense: Breyer Variation	دفاع نیمزوویچ	e2e4 b8c6 b1c3 g8f6 d2d4 e7e5
B00	Nimzowitsch Defense: Colorado Countergambit	دفاع نیمزوویچ	e2e4 b8c6 g1f3 f7f5
B00	Nimzowitsch Defense: Colorado Countergambit Accepted	دفاع نیمزوویچ	e2e4 b8c6 g1f3 f7f5 e4f5
B00	Nimzowitsch Defense: Declined Variation	دفاع نیمزوویچ	e2e4 b8c6 g1f3
B00	Nimzowitsch Defense: El Columpio Defense	دفاع نیمزوویچ	e2e4 b8c6 g1f3 g8f6 e4e5 f6g4
B00	Nimzowitsch Defense: El Columpio Defense, El Columpio Gambit	دفاع نیمزوویچ	e2e4 b8c6 g1f3 g8f6 e4e5 f6g4 d2d4 d7d6 h2h3 g4h6 e5e6
B00	Nimzowitsch Defense: El Columpio Defense, Exchange Variation	دفاع نیمزوویچ	e2e4 b8c6 g1f3 g8f6 e4e5 f6g4 d2d4 d7d6 h2h3 g4h6 e5d6
B00	Nimzowitsch Defense: El Columpio Defense, Pin Variation	دفاع نیمزوویچ	e2e4 b8c6 g1f3 g8f6 e4e5 f6g4 d2d4 d7d6 h2h3 g4h6 f1b5
B00	Nimzowitsch Defense: Franco-Nimzowitsch Variation	دفاع نیمزوویچ	e2e4 b8c6 g1f3 e7e6
B00	Nimzowitsch Defense: French Connection	دفاع نیمزوویچ	e2e4 b8c6 b1c3 e7e6
B00	Nimzowitsch Defense: Hornung Gambit	دفاع نیمزوویچ	e2e4 b8c6 d2d4 d7d5 c1e3
B00	Nimzowitsch Defense: Kennedy Variation	دفاع نیمزوویچ	e2e4 b8c6 d2d4 e7e5
B00	Nimzowitsch Defense: Kennedy Variation, Bielefelder Gambit	دفاع نیمزوویچ	e2e4 b8c6 d2d4 e7e5 d4e5 f8c5
B00	Nimzowitsch Defense: Kennedy Variation, Hammer Gambit	دفاع نیمزوویچ	e2e4 b8c6 d2d4 e7e5 d4e5 f7f6
B00	Nimzowitsch Defense: Kennedy Variation, Herford Gambit	دفاع نیمزوویچ	e2e4 b8c6 d2d4 e7e5 d4e5 d8h4
B00	Nimzowitsch Defense: Kennedy Variation, Keres Attack	دفاع نیمزوویچ	e2e4 b8c6 d2d4 e7e5 d4e5 c6e5 b1c3
B00	Nimzowitsch Defense: Kennedy Variation, Linksspringer Variation	دفاع نیمزوویچ	e2e4 b8c6 d2d4 e7e5 d4d5
B00	Nimzowitsch Defense: Kennedy Variation, Main Line	دفاع نیمزوویچ	e2e4 b8c6 d2d4 e7e5 d4e5 c6e5 f2f4 e5g6
B00	Nimzowitsch Defense: Kennedy Variation, Paulsen Attack	دفاع نیمزوویچ	e2e4 b8c6 d2d4 e7e5 d4e5 c6e5 g1f3
B00	Nimzowitsch Defense: Kennedy Variation, Riemann Defense	دفاع نیمزوویچ	e2e4 b8c6 d2d4 e7e5 d4e5 c6e5 f2f4 e5c6
B00	Nimzowitsch Defense: Kennedy Variation, de Smet Gambit	دفاع نیمزوویچ	e2e4 b8c6 d2d4 e7e5 d4e5 d7d6
B00	Nimzowitsch Defense: Mikenas Variation	دفاع نیمزوویچ	e2e4 b8c6 d2d4 d7d6
B00	Nimzowitsch Defense: Neo-Mongoloid Defense	دفاع نیمزوویچ	e2e4 b8c6 d2d4 f7f6
B00	Nimzowitsch Defense: Pirc Connection	دفاع نیمزوویچ	e2e4 b8c6 b1c3 g7g6
B00	Nimzowitsch Defense: Pseudo-Spanish Variation	دفاع نیمزوویچ	e2e4 b8c6 f1b5
B00	Nimzowitsch Defense: Scandinavian Variation	دفاع نیمزوویچ	e2e4 b8c6 d2d4 d7d5
B00	Nimzowitsch Defense: Scandinavian Variation, Aachen Gambit	دفاع نیمزوویچ	e2e4 b8c6 d2d4 d7d5 e4d5 c6b4
B00	Nimzowitsch Defense: Scandinavian Variation, Advance Variation	دفاع نیمزوویچ	e2e4 b8c6 d2d4 d7d5 e4e5
B00	Nimzowitsch Defense: Scandinavian Variation, Bogoljubow Variation	دفاع نیمزوویچ	e2e4 b8c6 d2d4 d7d5 b1c3
B00	Nimzowitsch Defense: Scandinavian Variation, Bogoljubow Variation	دفاع نیمزوویچ	e2e4 b8c6 d2d4 d7d5 b1c3 d5e4
B00	Nimzowitsch Defense: Scandinavian Variation, Bogoljubow Variation, Brandics Gambit	دفاع نیمزوویچ	e2e4 b8c6 d2d4 d7d5 b1c3 a7a6
B00	Nimzowitsch Defense: Scandinavian Variation, Bogoljubow Variation, Erben Gambit	دفاع نیمزوویچ	e2e4 b8c6 d2d4 d7d5 b1c3 g7g6
B00	Nimzowitsch Defense: Scandinavian Variation, Bogoljubow Variation, Heinola-Deppe Gambit	دفاع نیمزوویچ	e2e4 b8c6 d2d4 d7d5 b1c3 e7e5
B00	Nimzowitsch Defense: Scandinavian Variation, Bogoljubow Variation, Nimzowitsch Gambit	دفاع نیمزوویچ	e2e4 b8c6 d2d4 d7d5 b1c3 d5e4 d4d5 c6e5
B00	Nimzowitsch Defense: Scandinavian Variation, Bogoljubow Variation, Richter Gambit	دفاع نیمزوویچ	e2e4 b8c6 d2d4 d7d5 b1c3 d5e4 d4d5 c6b8 f2f3
B00	Nimzowitsch Defense: Scandinavian Variation, Bogoljubow Variation, Vehre Variation	دفاع نیمزوویچ	e2e4 b8c6 d2d4 d7d5 b1c3 g8f6
B00	Nimzowitsch Defense: Scandinavian Variation, Exchange Variation	دفاع نیمزوویچ	e2e4 b8c6 d2d4 d7d5 e4d5 d8d5
B00	Nimzowitsch Defense: Scandinavian Variation, Exchange Variation, Marshall Gambit	دفاع نیمزوویچ	e2e4 b8c6 d2d4 d7d5 e4d5 d8d5 b1c3
B00	Nimzowitsch Defense: Wheeler Gambit	دفاع نیمزوویچ	e2e4 b8c6 b2b4
B00	Nimzowitsch Defense: Williams Variation	دفاع نیمزوویچ	e2e4 b8c6 g1f3 d7d6
B00	Nimzowitsch Defense: Woodchuck Variation	دفاع نیمزوویچ	e2e4 b8c6 d2d4 a7a6
B00	Owen Defense	دفاع اوون	e2e4 b7b6
B00	Owen Defense: Guatemala Defense	دفاع اوون	e2e4 b7b6 d2d4 c8a6
B00	Owen Defense: Hekili-Loa Gambit	دفاع اوون	e2e4 b7b6 d2d4 c7c5 d4c5 b8c6
B00	Owen Defense: Matovinsky Gambit	دفاع اوون	e2e4 b7b6 d2d4 c8b7 f1d3 f7f5 e4f5 b7g2 d1h5 g7g6
B00	Owen Defense: Naselwaus Gambit	دفاع اوون	e2e4 b7b6 d2d4 c8b7 c1g5
B00	Owen Defense: Smith Gambit	دفاع اوون	e2e4 b7b6 d2d4 c8b7 g1f3
B00	Owen Defense: Unicorn Variation	دفاع اوون	e2e4 f7f6 d2d4 b7b6 c2c4 c8b7
B00	Owen Defense: Wind Gambit	دفاع اوون	e2e4 b7b6 d2d4 c8b7 f2f3 e7e5
B00	Pirc Defense	دفاع پیرتس	e2e4 d7d6
B00	Pirc Defense	دفاع پیرتس	e2e4 d7d6 d2d4
B00	Pirc Defense	دفاع پیرتس	e2e4 d7d6 d2d4 g8f6
B00	Pirc Defense: Roscher Gambit	دفاع پیرتس	e2e4 d7d6 d2d4 g8f6 g1f3
B00	Rat Defense: Antal Defense	دفاع موش	e2e4 d7d6 d2d4 b8d7
B00	Rat Defense: Fuller Gambit	دفاع موش	e2e4 d7d6 f2f4 d6d5 e4d5 g8f6
B00	Rat Defense: Harmonist	دفاع موش	e2e4 d7d6 f2f4
B00	Rat Defense: Petruccioli Attack	دفاع موش	e2e4 d7d6 h2h4
B00	Rat Defense: Spike Attack	دفاع موش	e2e4 d7d6 g2g4
B00	St. George Defense	دفاع سنت جورج	e2e4 a7a6
B00	St. George Defense: Polish Variation	دفاع سنت جورج	e2e4 a7a6 d2d4 b7b5 g1f3 c8b7 f1d3 e7e6
B00	St. George Defense: San Jorge Variation	دفاع سنت جورج	e2e4 a7a6 d2d4 b7b5 g1f3 c8b7 f1d3 d7d6 e1g1 g7g6 c2c3 f8g7
B00	St. George Defense: Zilbermints Gambit	دفاع سنت جورج	e2e4 a7a6 d2d4 e7e5
B00	Van Geet Opening: Berlin Gambit	گشایش فان گیت	e2e4 b8c6 d2d4 d7d5 b1c3 d5e4 d4d5
B00	Ware Defense	دفاع ویر	e2e4 a7a5
B00	Ware Defense: Snagglepuss Defense	دفاع ویر	e2e4 a7a5 d2d4 b8c6
B01	Scandinavian Defense	دفاع اسکاندیناوی	e2e4 d7d5
B01	Scandinavian Defense	دفاع اسکاندیناوی	e2e4 d7d5 b2b3
B01	Scandinavian Defense: Anderssen Counterattack	دفاع اسکاندیناوی	e2e4 d7d5 e4d5 d8d5 b1c3 d5a5 d2d4 e7e5
B01	Scandinavian Defense: Anderssen Counterattack, Collijn Variation	دفاع اسکاندیناوی	e2e4 d7d5 e4d5 d8d5 b1c3 d5a5 d2d4 e7e5 g1f3 c8g4
B01	Scandinavian Defense: Anderssen Counterattack, Goteborg System	دفاع اسکاندیناوی	e2e4 d7d5 e4d5 d8d5 b1c3 d5a5 d2d4 e7e5 g1f3
B01	Scandinavian Defense: Anderssen Counterattack, Orthodox Attack	دفاع اسکاندیناوی	e2e4 d7d5 e4d5 d8d5 b1c3 d5a5 d2d4 e7e5 d4e5 b8c6 g1f3 f8b4 c1d2
B01	Scandinavian Defense: Blackburne Gambit	دفاع اسکاندیناوی	e2e4 d7d5 e4d5 c7c6 d5c6 b8c6
B01	Scandinavian Defense: Blackburne-Kloosterboer Gambit	دفاع اسکاندیناوی	e2e4 d7d5 e4d5 c7c6
B01	Scandinavian Defense: Boehnke Gambit	دفاع اسکاندیناوی	e2e4 d7d5 e4d5 e7e5 d5e6 c8e6
B01	Scandinavian Defense: Bronstein Variation	دفاع اسکاندیناوی	e2e4 d7d5 e4d5 d8d5 b1c3 d5d6 d2d4 g8f6 g1f3 a7a6
B01	Scandinavian Defense: Classical Variation	دفاع اسکاندیناوی	e2e4 d7d5 e4d5 d8d5 b1c3 d5a5 d2d4 g8f6 g1f3 c8f5
B01	Scandinavian Defense: Grünfeld Variation	دفاع اسکاندیناوی	e2e4 d7d5 e4d5 d8d5 b1c3 d5a5 d2d4 g8f6 g1f3 c8f5 f3e5 c7c6 g2g4
B01	Scandinavian Defense: Gubinsky-Melts Defense	دفاع اسکاندیناوی	e2e4 d7d5 e4d5 d8d5 b1c3 d5d6
B01	Scandinavian Defense: Icelandic-Palme Gambit	دفاع اسکاندیناوی	e2e4 d7d5 e4d5 g8f6 c2c4 e7e6
B01	Scandinavian Defense: Kiel Variation	دفاع اسکاندیناوی	e2e4 d7d5 e4d5 g8f6 d2d4 f6d5 c2c4 d5b4
B01	Scandinavian Defense: Kloosterboer Gambit	دفاع اسکاندیناوی	e2e4 d7d5 e4d5 c7c6 d5c6 e7e5
B01	Scandinavian Defense: Kádas Gambit	دفاع اسکاندیناوی	e2e4 d7d5 e4d5 g8f6 d2d4 c7c6 d5c6 e7e5
B01	Scandinavian Defense: Lasker Variation	دفاع اسکاندیناوی	e2e4 d7d5 e4d5 d8d5 b1c3 d5a5 d2d4 g8f6 g1f3 c8g4 h2h3
B01	Scandinavian Defense: Main Line	دفاع اسکاندیناوی	e2e4 d7d5 e4d5 d8d5 b1c3 d5a5
B01	Scandinavian Defense: Main Line, Leonhardt Gambit	دفاع اسکاندیناوی	e2e4 d7d5 e4d5 d8d5 b1c3 d5a5 b2b4
B01	Scandinavian Defense: Main Line, Mieses Variation	دفاع اسکاندیناوی	e2e4 d7d5 e4d5 d8d5 b1c3 d5a5 d2d4 g8f6
B01	Scandinavian Defense: Marshall Variation	دفاع اسکاندیناوی	e2e4 d7d5 e4d5 g8f6 d2d4 f6d5
B01	Scandinavian Defense: Mieses-Kotroc Variation	دفاع اسکاندیناوی	e2e4 d7d5 e4d5 d8d5
B01	Scandinavian Defense: Modern Variation	دفاع اسکاندیناوی	e2e4 d7d5 e4d5 g8f6
B01	Scandinavian Defense: Modern Variation	دفاع اسکاندیناوی	e2e4 d7d5 e4d5 g8f6 d2d4
B01	Scandinavian Defense: Modern Variation, Gipslis Variation	دفاع اسکاندیناوی	e2e4 d7d5 e4d5 g8f6 d2d4 f6d5 g1f3 c8g4
B01	Scandinavian Defense: Modern Variation, Wing Gambit	دفاع اسکاندیناوی	e2e4 d7d5 e4d5 g8f6 d2d4 g7g6 c2c4 b7b5
B01	Scandinavian Defense: Panov Transfer	دفاع اسکاندیناوی	e2e4 d7d5 e4d5 g8f6 c2c4 c7c6
B01	Scandinavian Defense: Portuguese Gambit	دفاع اسکاندیناوی	e2e4 d7d5 e4d5 g8f6 d2d4 c8g4
B01	Scandinavian Defense: Portuguese Gambit, Banker Variation	دفاع اسکاندیناوی	e2e4 d7d5 e4d5 g8f6 d2d4 c8g4 f2f3 g4f5 c2c4
B01	Scandinavian Defense: Portuguese Gambit, Classical Variation	دفاع اسکاندیناوی	e2e4 d7d5 e4d5 g8f6 d2d4 c8g4 g1f3
B01	Scandinavian Defense: Portuguese Gambit, Correspondence Refutation	دفاع اسکاندیناوی	e2e4 d7d5 e4d5 g8f6 d2d4 c8g4 f2f3 g4f5 g2g4
B01	Scandinavian Defense: Portuguese Gambit, Elbow Variation	دفاع اسکاندیناوی	e2e4 d7d5 e4d5 g8f6 d2d4 c8g4 f1b5 c7c6
B01	Scandinavian Defense: Portuguese Gambit, Jadoul Variation	دفاع اسکاندیناوی	e2e4 d7d5 e4d5 g8f6 d2d4 c8g4 f2f3 g4f5 f1b5 b8d7 c2c4
B01	Scandinavian Defense: Portuguese Gambit, Lusophobe Variation	دفاع اسکاندیناوی	e2e4 d7d5 e4d5 g8f6 d2d4 c8g4 f1b5 b8d7 b5e2
B01	Scandinavian Defense: Portuguese Gambit, Melbourne Shuffle Variation	دفاع اسکاندیناوی	e2e4 d7d5 e4d5 g8f6 d2d4 c8g4 f2f3 g4f5 f1b5 b8d7 b1c3
B01	Scandinavian Defense: Portuguese Gambit, Wuss Variation	دفاع اسکاندیناوی	e2e4 d7d5 e4d5 g8f6 d2d4 c8g4 f1e2
B01	Scandinavian Defense: Richter Variation	دفاع اسکاندیناوی	e2e4 d7d5 e4d5 g8f6 d2d4 f6d5 g1f3 g7g6
B01	Scandinavian Defense: Richter Variation	دفاع اسکاندیناوی	e2e4 d7d5 e4d5 g8f6 d2d4 g7g6
B01	Scandinavian Defense: Schiller-Pytel Variation	دفاع اسکاندیناوی	e2e4 d7d5 e4d5 d8d5 b1c3 d5d6 d2d4 c7c6
B01	Scandinavian Defense: Schiller-Pytel Variation, Modern Variation	دفاع اسکاندیناوی	e2e4 d7d5 e4d5 d8d5 b1c3 d5d6 d2d4 g8f6 f1c4 c7c6 g1e2 c8f5 c1f4 d6b4
B01	Scandinavian Defense: Valencian Variation	دفاع اسکاندیناوی	e2e4 d7d5 e4d5 d8d5 b1c3 d5d8
B01	Scandinavian Defense: Valencian Variation, Ilundain Variation	دفاع اسکاندیناوی	e2e4 d7d5 e4d5 d8d5 b1c3 d5d8 d2d4 g8f6 g1f3 c7c6
B01	Scandinavian Defense: Valencian Variation, Main Line	دفاع اسکاندیناوی	e2e4 d7d5 e4d5 d8d5 b1c3 d5d8 d2d4 g8f6 g1f3 c8g4
B01	Scandinavian Defense: Zilbermints Gambit	دفاع اسکاندیناوی	e2e4 d7d5 b2b4
B01	Van Geet Opening: Grünfeld Defense	گشایش فان گیت	e2e4 d7d5 b1c3 d5e4 c3e4 e7e5
B02	Alekhine Defense	دفاع آلخین	e2e4 g8f6
B02	Alekhine Defense: Brooklyn Variation	دفاع آلخین	e2e4 g8f6 e4e5 f6g8
B02	Alekhine Defense: Brooklyn Variation, Everglades Variation	دفاع آلخین	e2e4 g8f6 e4e5 f6g8 d2d4 f7f5
B02	Alekhine Defense: Buckley Attack	دفاع آلخین	e2e4 g8f6 e4e5 f6d5 b1a3
B02	Alekhine Defense: Hunt Variation, Lasker Simul Gambit	دفاع آلخین	e2e4 g8f6 e4e5 f6d5 c2c4 d5b6 c4c5 b6d5 f1c4 e7e6 b1c3
B02	Alekhine Defense: Hunt Variation, Matsukevich Gambit	دفاع آلخین	e2e4 g8f6 e4e5 f6d5 c2c4 d5b6 c4c5 b6d5 b1c3 d5c3 d2c3 d7d6 c1g5
B02	Alekhine Defense: Hunt Variation, Mikenas Gambit	دفاع آلخین	e2e4 g8f6 e4e5 f6d5 c2c4 d5b6 c4c5 b6d5 f1c4 e7e6 b1c3 d7d6 c3d5 e6d5 c4d5
B02	Alekhine Defense: Kmoch Variation	دفاع آلخین	e2e4 g8f6 e4e5 f6d5 f1c4 d5b6 c4b3 c7c5 d2d3
B02	Alekhine Defense: Krejcik Variation	دفاع آلخین	e2e4 g8f6 f1c4
B02	Alekhine Defense: Krejcik Variation, Krejcik Gambit	دفاع آلخین	e2e4 g8f6 f1c4 f6e4 c4f7
B02	Alekhine Defense: Maróczy Variation	دفاع آلخین	e2e4 g8f6 d2d3
B02	Alekhine Defense: Mokele Mbembe	دفاع آلخین	e2e4 g8f6 e4e5 f6e4
B02	Alekhine Defense: Mokele Mbembe, Modern Line	دفاع آلخین	e2e4 g8f6 e4e5 f6e4 d2d4 f7f6
B02	Alekhine Defense: Mokele Mbembe, Vavra Defense	دفاع آلخین	e2e4 g8f6 e4e5 f6e4 d2d4 e7e6
B02	Alekhine Defense: Normal Variation	دفاع آلخین	e2e4 g8f6 e4e5 f6d5
B02	Alekhine Defense: Scandinavian Variation	دفاع آلخین	e2e4 g8f6 b1c3 d7d5
B02	Alekhine Defense: Scandinavian Variation, Geschev Gambit	دفاع آلخین	e2e4 g8f6 b1c3 d7d5 e4d5 c7c6
B02	Alekhine Defense: Scandinavian Variation, Myers Gambit	دفاع آلخین	e2e4 g8f6 b1c3 d7d5 d2d3 d5e4 c1g5
B02	Alekhine Defense: Spielmann Gambit	دفاع آلخین	e2e4 g8f6 b1c3 d7d5 e4e5 f6d7 e5e6
B02	Alekhine Defense: Steiner Variation	دفاع آلخین	e2e4 g8f6 e4e5 f6d5 c2c4 d5b6 b2b3
B02	Alekhine Defense: Sämisch Attack	دفاع آلخین	e2e4 g8f6 e4e5 f6d5 b1c3
B02	Alekhine Defense: The Squirrel	دفاع آلخین	e2e4 g8f6 e4e5 f6d5 c2c4 d5f4
B02	Alekhine Defense: Two Pawns Attack	دفاع آلخین	e2e4 g8f6 e4e5 f6d5 c2c4
B02	Alekhine Defense: Two Pawns Attack, Lasker Variation	دفاع آلخین	e2e4 g8f6 e4e5 f6d5 c2c4 d5b6 c4c5
B02	Alekhine Defense: Two Pawns Attack, Mikenas Variation	دفاع آلخین	e2e4 g8f6 e4e5 f6d5 c2c4 d5b6 c4c5 b6d5 f1c4 e7e6 b1c3 d7d6
B02	Alekhine Defense: Two Pawns Attack, Tate Variation	دفاع آلخین	e2e4 g8f6 e4e5 f6d5 c2c4 d5b6 a2a4
B02	Alekhine Defense: Welling Variation	دفاع آلخین	e2e4 g8f6 e4e5 f6d5 b2b3
B03	Alekhine Defense	دفاع آلخین	e2e4 g8f6 e4e5 f6d5 d2d4
B03	Alekhine Defense	دفاع آلخین	e2e4 g8f6 e4e5 f6d5 d2d4 d7d6
B03	Alekhine Defense	دفاع آلخین	e2e4 g8f6 e4e5 f6d5 d2d4 d7d6 c2c4
B03	Alekhine Defense: Balogh Variation	دفاع آلخین	e2e4 g8f6 e4e5 f6d5 d2d4 d7d6 f1c4
B03	Alekhine Defense: Exchange Variation	دفاع آلخین	e2e4 g8f6 e4e5 f6d5 d2d4 d7d6 c2c4 d5b6 e5d6
B03	Alekhine Defense: Exchange Variation, Karpov Variation	دفاع آلخین	e2e4 g8f6 e4e5 f6d5 d2d4 d7d6 c2c4 d5b6 e5d6 c7d6 b1c3 g7g6 h2h3 f8g7 g1f3 e8g8 f1e2 b8c6 e1g1 c8f5 c1f4
B03	Alekhine Defense: Exchange Variation, Voronezh Variation	دفاع آلخین	e2e4 g8f6 e4e5 f6d5 d2d4 d7d6 c2c4 d5b6 e5d6 c7d6 b1c3 g7g6 c1e3 f8g7 a1c1 e8g8 b2b3
B03	Alekhine Defense: Four Pawns Attack	دفاع آلخین	e2e4 g8f6 e4e5 f6d5 d2d4 d7d6 c2c4 d5b6 f2f4
B03	Alekhine Defense: Four Pawns Attack, Cambridge Gambit	دفاع آلخین	e2e4 g8f6 e4e5 f6d5 d2d4 d7d6 c2c4 d5b6 f2f4 g7g5
B03	Alekhine Defense: Four Pawns Attack, Fianchetto Variation	دفاع آلخین	e2e4 g8f6 e4e5 f6d5 d2d4 d7d6 c2c4 d5b6 f2f4 g7g6
B03	Alekhine Defense: Four Pawns Attack, Ilyin-Zhenevsky Variation	دفاع آلخین	e2e4 g8f6 e4e5 f6d5 d2d4 d7d6 c2c4 d5b6 f2f4 d6e5 f4e5 b8c6 g1f3 c8g4 e5e6 f7e6 c4c5
B03	Alekhine Defense: Four Pawns Attack, Korchnoi Variation	دفاع آلخین	e2e4 g8f6 e4e5 f6d5 d2d4 d7d6 c2c4 d5b6 f2f4 d6e5 f4e5 c8f5 b1c3 e7e6 g1f3 f8e7 f1e2 e8g8 e1g1 f7f6
B03	Alekhine Defense: Four Pawns Attack, Main Line	دفاع آلخین	e2e4 g8f6 e4e5 f6d5 d2d4 d7d6 c2c4 d5b6 f2f4 d6e5 f4e5 b8c6 c1e3
B03	Alekhine Defense: Four Pawns Attack, Tartakower Variation	دفاع آلخین	e2e4 g8f6 e4e5 f6d5 d2d4 d7d6 c2c4 d5b6 f2f4 d6e5 f4e5 b8c6 c1e3 c8f5 b1c3 e7e6 g1f3 d8d7 f1e2 e8c8 e1g1 f8e7
B03	Alekhine Defense: Four Pawns Attack, Trifunovic Variation	دفاع آلخین	e2e4 g8f6 e4e5 f6d5 d2d4 d7d6 c2c4 d5b6 f2f4 c8f5
B03	Alekhine Defense: Hunt Variation	دفاع آلخین	e2e4 g8f6 e4e5 f6d5 d2d4 d7d6 c2c4 d5b6 c4c5
B03	Alekhine Defense: Modern Variation, Alekhine Gambit	دفاع آلخین	e2e4 g8f6 e4e5 f6d5 d2d4 d7d6 c2c4 d5b6 g1f3 c8g4 f1e2
B03	Alekhine Defense: O'Sullivan Gambit	دفاع آلخین	e2e4 g8f6 e4e5 f6d5 d2d4 b7b5
B04	Alekhine Defense: Modern Variation	دفاع آلخین	e2e4 g8f6 e4e5 f6d5 d2d4 d7d6 g1f3
B04	Alekhine Defense: Modern Variation, Alburt Variation	دفاع آلخین	e2e4 g8f6 e4e5 f6d5 d2d4 d7d6 g1f3 g7g6
B04	Alekhine Defense: Modern Variation, Keres Variation	دفاع آلخین	e2e4 g8f6 e4e5 f6d5 d2d4 d7d6 g1f3 g7g6 f1c4 d5b6 c4b3 f8g7 a2a4
B04	Alekhine Defense: Modern Variation, Larsen Variation	دفاع آلخین	e2e4 g8f6 e4e5 f6d5 d2d4 d7d6 g1f3 d6e5
B04	Alekhine Defense: Modern Variation, Larsen-Haakert Variation	دفاع آلخین	e2e4 g8f6 e4e5 f6d5 d2d4 d7d6 g1f3 b8c6
B04	Alekhine Defense: Modern Variation, Schmid Variation	دفاع آلخین	e2e4 g8f6 e4e5 f6d5 d2d4 d7d6 g1f3 d5b6
B05	Alekhine Defense: Modern Variation, Alekhine Variation	دفاع آلخین	e2e4 g8f6 e4e5 f6d5 d2d4 d7d6 g1f3 c8g4 c2c4
B05	Alekhine Defense: Modern Variation, Flohr Variation	دفاع آلخین	e2e4 g8f6 e4e5 f6d5 d2d4 d7d6 g1f3 c8g4 f1e2 c7c6
B05	Alekhine Defense: Modern Variation, Main Line	دفاع آلخین	e2e4 g8f6 e4e5 f6d5 d2d4 d7d6 g1f3 c8g4
B05	Alekhine Defense: Modern Variation, Panov Variation	دفاع آلخین	e2e4 g8f6 e4e5 f6d5 d2d4 d7d6 g1f3 c8g4 h2h3
B05	Alekhine Defense: Modern Variation, Vitolins Attack	دفاع آلخین	e2e4 g8f6 e4e5 f6d5 d2d4 d7d6 g1f3 c8g4 c2c4 d5b6 d4d5
B06	Modern Defense	دفاع مدرن	e2e4 g7g6
B06	Modern Defense	دفاع مدرن	e2e4 g7g6 d2d4 f8g7
B06	Modern Defense: Anti-Modern	دفاع مدرن	e2e4 g7g6 d2d4 f8g7 b1c3 c7c6 f1c4 d7d6 d1e2
B06	Modern Defense: Bishop Attack	دفاع مدرن	e2e4 g7g6 d2d4 f8g7 f1c4
B06	Modern Defense: Bishop Attack, Bücker Gambit	دفاع مدرن	e2e4 g7g6 d2d4 f8g7 f1c4 b7b5
B06	Modern Defense: Bishop Attack, Monkey's Bum	دفاع مدرن	e2e4 g7g6 f1c4 f8g7 d1f3 e7e6 d2d4 g7d4
B06	Modern Defense: Dunworthy Variation	دفاع مدرن	e2e4 g7g6 d2d4 f8g7 c2c4 d7d5 e4d5 c7c6 d5c6 g7d4
B06	Modern Defense: Fianchetto Gambit	دفاع مدرن	e2e4 g7g6 d2d4 f7f5
B06	Modern Defense: Gurgenidze Defense	دفاع مدرن	e2e4 g7g6 d2d4 f8g7 b1c3 c7c6 f2f4 d7d5 e4e5 h7h5
B06	Modern Defense: Lizard Defense, Mittenberger Gambit	دفاع مدرن	e2e4 g7g6 d2d4 f8g7 b1c3 d7d5
B06	Modern Defense: Masur Gambit	دفاع مدرن	e2e4 g7g6 d2d4 g8h6 b1c3 f7f5 c1h6 f8h6 e4f5 e8g8
B06	Modern Defense: Modern Pterodactyl	دفاع مدرن	e2e4 g7g6 d2d4 f8g7 b1c3 c7c5
B06	Modern Defense: Mongredien Defense, with Nc3	دفاع مدرن	e2e4 g7g6 d2d4 f8g7 b1c3 b7b6
B06	Modern Defense: Mongredien Defense, with Nf3	دفاع مدرن	e2e4 g7g6 d2d4 f8g7 g1f3 b7b6
B06	Modern Defense: Norwegian Defense	دفاع مدرن	e2e4 g7g6 d2d4 g8f6
B06	Modern Defense: Norwegian Defense, Norwegian Gambit	دفاع مدرن	e2e4 g7g6 d2d4 g8f6 e4e5 f6h5 f1e2 d7d6
B06	Modern Defense: Pseudo-Austrian Attack	دفاع مدرن	e2e4 g7g6 d2d4 f8g7 b1c3 d7d6 f2f4
B06	Modern Defense: Semi-Averbakh Variation, Pterodactyl Variation Declined	دفاع مدرن	e2e4 g7g6 d2d4 f8g7 c2c4 c7c5 g1f3 d7d6 f1e2 d8a5
B06	Modern Defense: Standard Defense	دفاع مدرن	e2e4 g7g6 d2d4 f8g7 b1c3 d7d6
B06	Modern Defense: Standard Line	دفاع مدرن	e2e4 g7g6 d2d4 f8g7 b1c3
B06	Modern Defense: Three Pawns Attack	دفاع مدرن	e2e4 g7g6 d2d4 f8g7 f2f4
B06	Modern Defense: Two Knights Variation	دفاع مدرن	e2e4 g7g6 d2d4 f8g7 b1c3 d7d6 g1f3
B06	Modern Defense: Two Knights Variation, Suttles Variation	دفاع مدرن	e2e4 g7g6 d2d4 f8g7 b1c3 c7c6 g1f3 d7d6
B06	Modern Defense: Two Knights Variation, Suttles Variation, Tal Gambit	دفاع مدرن	e2e4 g7g6 d2d4 f8g7 b1c3 d7d6 g1f3 c7c6 c1g5 d8b6 d1d2 b6b2
B06	Modern Defense: Westermann Gambit	دفاع مدرن	e2e4 g7g6 d2d4 f8g7 c1d2
B06	Modern Defense: Wind Gambit	دفاع مدرن	e2e4 g7g6 d2d4 f8g7 f1d3
B06	Pterodactyl Defense: Austrian, Austriadactylus Western	دفاع پتروداکتیل	e2e4 g7g6 d2d4 f8g7 f2f4 c7c5 g1f3 d8a5
B06	Pterodactyl Defense: Austrian, Grand Prix Pterodactyl	دفاع پتروداکتیل	e2e4 g7g6 b1c3 f8g7 f2f4 c7c5 g1f3 d8a5
B06	Pterodactyl Defense: Austrian, Pteranodon	دفاع پتروداکتیل	e2e4 g7g6 d2d4 f8g7 f2f4 c7c5 c2c3 d8a5
B06	Pterodactyl Defense: Central, Anhanguera	دفاع پتروداکتیل	e2e4 g7g6 d2d4 f8g7 c2c4 c7c5 b1c3 d7d6 c1e3 d8a5
B06	Pterodactyl Defense: Central, Benoni Quetzalcoatlus	دفاع پتروداکتیل	e2e4 g7g6 d2d4 f8g7 c2c4 c7c5 d4d5 d7d6 b1c3 d8a5
B06	Pterodactyl Defense: Central, Quetzalcoatlus Gambit	دفاع پتروداکتیل	e2e4 g7g6 d2d4 f8g7 c2c4 c7c5 b1c3 d7d6 d4c5 d8a5
B06	Pterodactyl Defense: Eastern, Anhanguera	دفاع پتروداکتیل	e2e4 g7g6 d2d4 f8g7 b1c3 c7c5 c1e3
B06	Pterodactyl Defense: Eastern, Benoni	دفاع پتروداکتیل	d2d4 g7g6 e2e4 f8g7 b1c3 c7c5 d4d5
B06	Pterodactyl Defense: Eastern, Benoni Pteranodon	دفاع پتروداکتیل	e2e4 g7g6 d2d4 f8g7 b1c3 c7c5 d4d5 g7c3 b2c3 d8a5
B06	Pterodactyl Defense: Eastern, Benoni Pterodactyl	دفاع پتروداکتیل	d2d4 g7g6 b1c3 f8g7 e2e4 c7c5 d4d5 d8a5
B06	Pterodactyl Defense: Eastern, Pteranodon	دفاع پتروداکتیل	e2e4 g7g6 d2d4 f8g7 b1c3 c7c5 d4c5 g7c3 b2c3 d8a5
B06	Pterodactyl Defense: Eastern, Rhamphorhynchus	دفاع پتروداکتیل	e2e4 g7g6 d2d4 f8g7 b1c3 c7c5 d4c5 d8a5
B06	Pterodactyl Defense: Fianchetto, King Pterodactyl	دفاع پتروداکتیل	e2e4 g7g6 d2d4 f8g7 g2g3 c7c5 g1f3 d8a5
B06	Pterodactyl Defense: Fianchetto, Rhamphorhynchus	دفاع پتروداکتیل	e2e4 g7g6 d2d4 f8g7 g2g3 c7c5 d4c5 d8a5
B06	Pterodactyl Defense: Sicilian, Quetzalcoatlus	دفاع پتروداکتیل	e2e4 g7g6 d2d4 f8g7 b1c3 c7c5 g1f3 d8a5 f1e2 d7d6
B06	Pterodactyl Defense: Sicilian, Siroccopteryx	دفاع پتروداکتیل	e2e4 g7g6 d2d4 f8g7 b1c3 c7c5 g1f3 d8a5 f1c4
B06	Pterodactyl Defense: Western, Anhanguera	دفاع پتروداکتیل	e2e4 g7g6 d2d4 f8g7 g1f3 c7c5 c1e3 d8a5
B06	Pterodactyl Defense: Western, Siroccopteryx	دفاع پتروداکتیل	e2e4 g7g6 g1f3 f8g7 d2d4 c7c5 f1c4 c5d4 f3d4 d8a5
B06	Rat Defense: Accelerated Gurgenidze	دفاع موش	e2e4 g7g6 d2d4 d7d6 b1c3 c7c6
B07	Czech Defense	دفاع چک	e2e4 d7d6 d2d4 g8f6 b1c3 c7c6
B07	King's Pawn Game: Maróczy Defense	بازی پیاده‌ی شاه	e2e4 d7d6 d2d4 e7e5
B07	Lion Defense	دفاع شیر	e2e4 d7d6 d2d4 g8f6 b1c3 b8d7
B07	Lion Defense: Anti-Philidor	دفاع شیر	e2e4 d7d6 d2d4 g8f6 b1c3 b8d7 f2f4
B07	Lion Defense: Anti-Philidor, Lion's Cave	دفاع شیر	e2e4 d7d6 d2d4 g8f6 b1c3 b8d7 f2f4 e7e5
B07	Lion Defense: Anti-Philidor, Lion's Cave, Lion Claw Gambit	دفاع شیر	e2e4 d7d6 d2d4 g8f6 b1c3 b8d7 f2f4 e7e5 g1f3 e5d4 d1d4 c7c6 f1c4 d6d5
B07	Lion Defense: Bayonet Attack	دفاع شیر	e2e4 d7d6 d2d4 g8f6 b1c3 b8d7 g2g4
B07	Modern Defense: Geller's System	دفاع مدرن	e2e4 g7g6 d2d4 f8g7 g1f3 d7d6 c2c3
B07	Pirc Defense	دفاع پیرتس	e2e4 d7d6 d2d4 g8f6 b1c3 g7g6
B07	Pirc Defense: 150 Attack	دفاع پیرتس	e2e4 d7d6 d2d4 g8f6 b1c3 g7g6 c1e3 c7c6 d1d2
B07	Pirc Defense: 150 Attack, Inner Doll Defense	دفاع پیرتس	e2e4 d7d6 d2d4 g8f6 b1c3 g7g6 c1e3 c7c6 d1d2 c8g4
B07	Pirc Defense: 150 Attack, Sveshnikov-Jansa Attack	دفاع پیرتس	e2e4 d7d6 d2d4 g8f6 b1c3 g7g6 c1e3 c7c6 h2h3
B07	Pirc Defense: Bayonet Attack	دفاع پیرتس	e2e4 d7d6 d2d4 g8f6 b1c3 g7g6 f1e2 f8g7 h2h4
B07	Pirc Defense: Byrne Variation	دفاع پیرتس	e2e4 d7d6 d2d4 g8f6 b1c3 g7g6 c1g5
B07	Pirc Defense: Chinese Variation	دفاع پیرتس	e2e4 d7d6 d2d4 g8f6 b1c3 g7g6 f1e2 f8g7 g2g4
B07	Pirc Defense: Kholmov System	دفاع پیرتس	e2e4 d7d6 d2d4 g8f6 b1c3 g7g6 f1c4
B07	Pirc Defense: Sveshnikov System	دفاع پیرتس	e2e4 d7d6 d2d4 g8f6 b1c3 g7g6 g2g3
B08	Pirc Defense: Classical Variation	دفاع پیرتس	e2e4 d7d6 d2d4 g8f6 b1c3 g7g6 g1f3
B08	Pirc Defense: Classical Variation	دفاع پیرتس	e2e4 d7d6 d2d4 g8f6 b1c3 g7g6 g1f3 f8g7
B08	Pirc Defense: Classical Variation, Quiet System	دفاع پیرتس	e2e4 d7d6 d2d4 g8f6 b1c3 g7g6 g1f3 f8g7 f1e2
B08	Pirc Defense: Classical Variation, Quiet System, Chigorin Line	دفاع پیرتس	e2e4 d7d6 d2d4 g8f6 b1c3 g7g6 g1f3 f8g7 f1e2 e8g8 e1g1 b8c6
B08	Pirc Defense: Classical Variation, Quiet System, Czech Defense	دفاع پیرتس	e2e4 d7d6 d2d4 g8f6 b1c3 g7g6 g1f3 f8g7 f1e2 e8g8 e1g1 c7c6
B08	Pirc Defense: Classical Variation, Quiet System, Parma Defense	دفاع پیرتس	e2e4 d7d6 d2d4 g8f6 b1c3 g7g6 g1f3 f8g7 f1e2 e8g8 e1g1 c8g4
B08	Pirc Defense: Classical Variation, Schlechter Variation	دفاع پیرتس	e2e4 d7d6 d2d4 g8f6 b1c3 g7g6 g1f3 f8g7 h2h3
B09	Pirc Defense: Austrian Attack	دفاع پیرتس	e2e4 d7d6 d2d4 g8f6 b1c3 g7g6 f2f4
B09	Pirc Defense: Austrian Attack	دفاع پیرتس	e2e4 d7d6 d2d4 g8f6 b1c3 g7g6 f2f4 f8g7 g1f3 e8g8
B09	Pirc Defense: Austrian Attack, Dragon Formation	دفاع پیرتس	e2e4 d7d6 d2d4 g8f6 b1c3 g7g6 f2f4 f8g7 g1f3 c7c5
B09	Pirc Defense: Austrian Attack, Kurajica Variation	دفاع پیرتس	e2e4 d7d6 d2d4 g8f6 b1c3 g7g6 f2f4 f8g7 g1f3 e8g8 c1e3
B09	Pirc Defense: Austrian Attack, Ljubojevic Variation	دفاع پیرتس	e2e4 d7d6 d2d4 g8f6 b1c3 g7g6 f2f4 f8g7 f1c4
B09	Pirc Defense: Austrian Attack, Unzicker Attack	دفاع پیرتس	e2e4 d7d6 d2d4 g8f6 b1c3 g7g6 f2f4 f8g7 g1f3 e8g8 e4e5
B09	Pirc Defense: Austrian Attack, Unzicker Attack, Bronstein Variation	دفاع پیرتس	e2e4 d7d6 d2d4 g8f6 b1c3 g7g6 f2f4 f8g7 g1f3 e8g8 e4e5 f6d7 h2h4
B09	Pirc Defense: Austrian Attack, Weiss Variation	دفاع پیرتس	e2e4 d7d6 d2d4 g8f6 b1c3 g7g6 f2f4 f8g7 g1f3 e8g8 f1d3
B10	Caro-Kann Defense	دفاع کاروکان	e2e4 c7c6
B10	Caro-Kann Defense	دفاع کاروکان	e2e4 c7c6 b1c3
B10	Caro-Kann Defense	دفاع کاروکان	e2e4 c7c6 b1c3 d7d5
B10	Caro-Kann Defense: Accelerated Panov Attack	دفاع کاروکان	e2e4 c7c6 c2c4
B10	Caro-Kann Defense: Accelerated Panov Attack	دفاع کاروکان	e2e4 c7c6 c2c4 d7d5
B10	Caro-Kann Defense: Accelerated Panov Attack, Modern Variation	دفاع کاروکان	e2e4 c7c6 c2c4 d7d5 e4d5 c6d5 c4d5 g8f6
B10	Caro-Kann Defense: Accelerated Panov Attack, Open Variation	دفاع کاروکان	e2e4 c7c6 c2c4 e7e5
B10	Caro-Kann Defense: Accelerated Panov Attack, Pseudo-Scandinavian	دفاع کاروکان	e2e4 c7c6 c2c4 d7d5 e4d5 d8d5
B10	Caro-Kann Defense: Accelerated Panov Attack, Van Weersel Attack	دفاع کاروکان	e2e4 c7c6 c2c4 d7d5 c4d5 c6d5 d1b3
B10	Caro-Kann Defense: Apocalypse Attack	دفاع کاروکان	e2e4 c7c6 g1f3 d7d5 e4d5 c6d5 f3e5
B10	Caro-Kann Defense: Breyer Variation	دفاع کاروکان	e2e4 c7c6 d2d3
B10	Caro-Kann Defense: Breyer Variation, Stein Attack	دفاع کاروکان	e2e4 c7c6 d2d3 d7d5 b1d2 g7g6 g1f3 f8g7 g2g3 e7e5 f1g2 g8e7 e1g1 e8g8 b2b4
B10	Caro-Kann Defense: Dinic Gambit	دفاع کاروکان	e2e4 c7c6 g1f3 d7d5 d2d3 d5e4 f3g5
B10	Caro-Kann Defense: Endgame Offer	دفاع کاروکان	e2e4 c7c6 g1f3 d7d5 d2d3
B10	Caro-Kann Defense: Endgame Variation	دفاع کاروکان	e2e4 c7c6 g1f3 d7d5 d2d3 d5e4 d3e4 d8d1 e1d1
B10	Caro-Kann Defense: Euwe Attack	دفاع کاروکان	e2e4 c7c6 b2b3
B10	Caro-Kann Defense: Goldman Variation	دفاع کاروکان	e2e4 c7c6 b1c3 d7d5 d1f3
B10	Caro-Kann Defense: Hector Gambit	دفاع کاروکان	e2e4 c7c6 b1c3 d7d5 g1f3 d5e4 f3g5
B10	Caro-Kann Defense: Hillbilly Attack	دفاع کاروکان	e2e4 c7c6 f1c4
B10	Caro-Kann Defense: Hillbilly Attack, Schaeffer Gambit	دفاع کاروکان	e2e4 c7c6 f1c4 d7d5 c4b3 d5e4 d1h5
B10	Caro-Kann Defense: Labahn Attack	دفاع کاروکان	e2e4 c7c6 b2b4
B10	Caro-Kann Defense: Labahn Attack, Double Gambit	دفاع کاروکان	e2e4 c7c6 b2b4 d7d5 b4b5
B10	Caro-Kann Defense: Labahn Attack, Polish Variation	دفاع کاروکان	e2e4 c7c6 b2b4 e7e5 c1b2
B10	Caro-Kann Defense: Scorpion-Horus Gambit	دفاع کاروکان	e2e4 c7c6 b1c3 d7d5 d2d3 d5e4 c1g5
B10	Caro-Kann Defense: Spike Variation	دفاع کاروکان	e2e4 c7c6 g2g4
B10	Caro-Kann Defense: Spike Variation, Scorpion-Grob Gambit	دفاع کاروکان	e2e4 c7c6 g2g4 d7d5 b1c3 d5e4 d2d3
B10	Caro-Kann Defense: St. Patrick's Attack	دفاع کاروکان	e2e4 c7c6 b1c3 d7d5 h2h3
B10	Caro-Kann Defense: Toikkanen Gambit	دفاع کاروکان	e2e4 c7c6 c2c4 d7d5 e4e5
B10	Caro-Kann Defense: Two Knights Attack	دفاع کاروکان	e2e4 c7c6 b1c3 d7d5 g1f3
B11	Caro-Kann Defense: Two Knights Attack, Mindeno Variation	دفاع کاروکان	e2e4 c7c6 b1c3 d7d5 g1f3 c8g4
B11	Caro-Kann Defense: Two Knights Attack, Mindeno Variation, Exchange Line	دفاع کاروکان	e2e4 c7c6 b1c3 d7d5 g1f3 c8g4 h2h3 g4f3
B11	Caro-Kann Defense: Two Knights Attack, Mindeno Variation, Retreat Line	دفاع کاروکان	e2e4 c7c6 b1c3 d7d5 g1f3 c8g4 h2h3 g4h5
B12	Caro-Kann Defense	دفاع کاروکان	e2e4 c7c6 d2d4
B12	Caro-Kann Defense	دفاع کاروکان	e2e4 c7c6 d2d4 d7d5
B12	Caro-Kann Defense: Advance Variation	دفاع کاروکان	e2e4 c7c6 d2d4 d7d5 e4e5
B12	Caro-Kann Defense: Advance Variation, Bayonet Attack	دفاع کاروکان	e2e4 c7c6 d2d4 d7d5 e4e5 c8f5 g2g4
B12	Caro-Kann Defense: Advance Variation, Botvinnik-Carls Defense	دفاع کاروکان	e2e4 c7c6 d2d4 d7d5 e4e5 c6c5
B12	Caro-Kann Defense: Advance Variation, Bronstein Variation	دفاع کاروکان	e2e4 c7c6 d2d4 d7d5 e4e5 c8f5 g1e2
B12	Caro-Kann Defense: Advance Variation, Prins Attack	دفاع کاروکان	e2e4 c7c6 d2d4 d7d5 e4e5 c8f5 b2b4
B12	Caro-Kann Defense: Advance Variation, Short Variation	دفاع کاروکان	e2e4 c7c6 d2d4 d7d5 e4e5 c8f5 g1f3
B12	Caro-Kann Defense: Advance Variation, Tal Variation	دفاع کاروکان	e2e4 c7c6 d2d4 d7d5 e4e5 c8f5 h2h4
B12	Caro-Kann Defense: Advance Variation, Van der Wiel Attack	دفاع کاروکان	e2e4 c7c6 d2d4 d7d5 e4e5 c8f5 b1c3
B12	Caro-Kann Defense: Advance Variation, Van der Wiel Attack	دفاع کاروکان	e2e4 c7c6 d2d4 d7d5 e4e5 c8f5 b1c3 e7e6 g2g4 f5g6 g1e2 c6c5 h2h4
B12	Caro-Kann Defense: Advance Variation, Van der Wiel Attack, Dreyev Defense	دفاع کاروکان	e2e4 c7c6 d2d4 d7d5 e4e5 c8f5 b1c3 d8b6
B12	Caro-Kann Defense: Advance, Short Variation	دفاع کاروکان	e2e4 c7c6 d2d4 d7d5 e4e5 c8f5 c2c3 e7e6 f1e2
B12	Caro-Kann Defense: De Bruycker Defense	دفاع کاروکان	e2e4 c7c6 d2d4 b8a6
B12	Caro-Kann Defense: De Bruycker Defense	دفاع کاروکان	e2e4 c7c6 d2d4 b8a6 b1c3 a6c7
B12	Caro-Kann Defense: Edinburgh Variation	دفاع کاروکان	e2e4 c7c6 d2d4 d7d5 b1d2 d8b6
B12	Caro-Kann Defense: Maróczy Variation	دفاع کاروکان	e2e4 c7c6 d2d4 d7d5 f2f3
B12	Caro-Kann Defense: Maróczy Variation, Maróczy Gambit	دفاع کاروکان	e2e4 c7c6 d2d4 d7d5 f2f3 d5e4 f3e4 e7e5 g1f3 e5d4 f1c4
B12	Caro-Kann Defense: Masi Variation	دفاع کاروکان	e2e4 c7c6 d2d4 g8f6
B12	Caro-Kann Defense: Massachusetts Defense	دفاع کاروکان	e2e4 c7c6 d2d4 f7f5
B12	Caro-Kann Defense: Mieses Attack, Landau Gambit	دفاع کاروکان	e2e4 c7c6 d2d4 d7d5 f1d3 g8f6 e4e5 f6d7 e5e6
B12	Caro-Kann Defense: Mieses Gambit	دفاع کاروکان	e2e4 c7c6 d2d4 d7d5 c1e3
B12	Caro-Kann Defense: Modern Variation	دفاع کاروکان	e2e4 c7c6 d2d4 d7d5 b1d2
B12	Caro-Kann Defense: Ulysses Gambit	دفاع کاروکان	e2e4 c7c6 d2d4 d7d5 g1f3 d5e4 f3g5
B13	Caro-Kann Defense: Exchange Variation	دفاع کاروکان	e2e4 c7c6 d2d4 d7d5 e4d5
B13	Caro-Kann Defense: Exchange Variation	دفاع کاروکان	e2e4 c7c6 d2d4 d7d5 e4d5 c6d5
B13	Caro-Kann Defense: Exchange Variation	دفاع کاروکان	e2e4 c7c6 d2d4 d7d5 e4d5 c6d5 c1f4
B13	Caro-Kann Defense: Exchange Variation	دفاع کاروکان	e2e4 c7c6 d2d4 d7d5 e4d5 c6d5 g1f3 b8c6
B13	Caro-Kann Defense: Exchange Variation, Bulla Attack	دفاع کاروکان	e2e4 c7c6 d2d4 d7d5 e4d5 c6d5 g2g4
B13	Caro-Kann Defense: Exchange Variation, Rubinstein Variation	دفاع کاروکان	e2e4 c7c6 d2d4 d7d5 e4d5 c6d5 f1d3 b8c6 c2c3 g8f6 c1f4
B13	Caro-Kann Defense: Panov Attack	دفاع کاروکان	e2e4 c7c6 d2d4 d7d5 e4d5 c6d5 c2c4
B13	Caro-Kann Defense: Panov Attack	دفاع کاروکان	e2e4 c7c6 d2d4 d7d5 e4d5 c6d5 c2c4 g8f6 b1c3
B13	Caro-Kann Defense: Panov Attack, Gunderam Attack	دفاع کاروکان	e2e4 c7c6 d2d4 d7d5 e4d5 c6d5 c2c4 g8f6 c4c5
B13	Caro-Kann Defense: Panov Attack, Modern Defense	دفاع کاروکان	e2e4 c7c6 d2d4 d7d5 e4d5 c6d5 c2c4 g8f6 b1c3 b8c6
B13	Caro-Kann Defense: Panov Attack, Modern Defense, Carlsbad Line	دفاع کاروکان	e2e4 c7c6 d2d4 d7d5 e4d5 c6d5 c2c4 g8f6 b1c3 b8c6 c1g5 e7e6
B13	Caro-Kann Defense: Panov Attack, Modern Defense, Czerniak Line	دفاع کاروکان	e2e4 c7c6 d2d4 d7d5 e4d5 c6d5 c2c4 g8f6 b1c3 b8c6 c1g5 d8a5
B13	Caro-Kann Defense: Panov Attack, Modern Defense, Mieses Line	دفاع کاروکان	e2e4 c7c6 d2d4 d7d5 e4d5 c6d5 c2c4 g8f6 b1c3 b8c6 g1f3 c8g4
B13	Caro-Kann Defense: Panov Attack, Modern Defense, Reifir-Spielmann Line	دفاع کاروکان	e2e4 c7c6 d2d4 d7d5 e4d5 c6d5 c2c4 g8f6 b1c3 b8c6 c1g5 d8b6
B13	Caro-Kann Defense: Panov-Botvinnik, Herzog Defense	دفاع کاروکان	e2e4 c7c6 d2d4 d7d5 e4d5 c6d5 c2c4 g8f6 b1c3 b8c6 c1g5 d5c4 d4d5 c6a5
B14	Caro-Kann Defense: Panov Attack	دفاع کاروکان	e2e4 c7c6 d2d4 d7d5 e4d5 c6d5 c2c4 g8f6 b1c3 e7e6
B14	Caro-Kann Defense: Panov Attack	دفاع کاروکان	e2e4 c7c6 d2d4 d7d5 e4d5 c6d5 c2c4 b8c6 b1c3 g8f6 g1f3 e7e6 c4d5 e6d5 f1b5 c8g4
B14	Caro-Kann Defense: Panov Attack	دفاع کاروکان	e2e4 c7c6 d2d4 d7d5 e4d5 c6d5 c2c4 b8c6 b1c3 g8f6 g1f3 e7e6 c4d5 e6d5 f1b5 f8d6 c1g5 e8g8 e1g1
B14	Caro-Kann Defense: Panov Attack	دفاع کاروکان	e2e4 c7c6 d2d4 d7d5 e4d5 c6d5 c2c4 g8f6 b1c3 b8c6 g1f3 e7e6 c4c5
B14	Caro-Kann Defense: Panov Attack, Fianchetto Defense	دفاع کاروکان	e2e4 c7c6 d2d4 d7d5 e4d5 c6d5 c2c4 g8f6 b1c3 g7g6
B14	Caro-Kann Defense: Panov Attack, Fianchetto Defense, Fianchetto Gambit	دفاع کاروکان	e2e4 c7c6 d2d4 d7d5 e4d5 c6d5 c2c4 g8f6 b1c3 g7g6 c4d5 f8g7
B14	Caro-Kann Defense: Panov Attack, Main Line	دفاع کاروکان	e2e4 c7c6 d2d4 d7d5 e4d5 c6d5 c2c4 g8f6 b1c3 e7e6 g1f3 f8b4
B15	Caro-Kann Defense	دفاع کاروکان	e2e4 c7c6 d2d4 d7d5 b1c3
B15	Caro-Kann Defense	دفاع کاروکان	e2e4 c7c6 d2d4 d7d5 b1c3 d5e4
B15	Caro-Kann Defense: Alekhine Gambit	دفاع کاروکان	e2e4 c7c6 d2d4 d7d5 b1c3 d5e4 c3e4 g8f6 f1d3
B15	Caro-Kann Defense: Alien Gambit	دفاع کاروکان	e2e4 c7c6 d2d4 d7d5 b1c3 d5e4 c3e4 g8f6 e4g5 h7h6 g5f7
B15	Caro-Kann Defense: Campomanes Attack	دفاع کاروکان	e2e4 c7c6 d2d4 d7d5 b1c3 g8f6
B15	Caro-Kann Defense: Forgacs Variation	دفاع کاروکان	e2e4 c7c6 d2d4 d7d5 b1c3 d5e4 c3e4 g8f6 e4f6 e7f6 f1c4
B15	Caro-Kann Defense: Gurgenidze Counterattack	دفاع کاروکان	e2e4 c7c6 d2d4 d7d5 b1c3 b7b5
B15	Caro-Kann Defense: Gurgenidze System	دفاع کاروکان	e2e4 c7c6 d2d4 d7d5 b1c3 g7g6
B15	Caro-Kann Defense: Main Line	دفاع کاروکان	e2e4 c7c6 d2d4 d7d5 b1d2 d5e4 d2e4
B15	Caro-Kann Defense: Rasa-Studier Gambit	دفاع کاروکان	e2e4 c7c6 d2d4 d7d5 b1c3 d5e4 f2f3
B15	Caro-Kann Defense: Tartakower Variation	دفاع کاروکان	e2e4 c7c6 d2d4 d7d5 b1c3 d5e4 c3e4 g8f6 e4f6 e7f6
B15	Caro-Kann Defense: Tartakower Variation, Perlis Line	دفاع کاروکان	e2e4 c7c6 d2d4 d7d5 b1c3 d5e4 c3e4 g8f6 e4f6 e7f6 c2c3 f8d6 f1d3 e8g8 d1c2 h7h6
B15	Caro-Kann Defense: von Hennig Gambit	دفاع کاروکان	e2e4 c7c6 d2d4 d7d5 b1c3 d5e4 f1c4
B16	Caro-Kann Defense: Bronstein-Larsen Variation	دفاع کاروکان	e2e4 c7c6 d2d4 d7d5 b1c3 d5e4 c3e4 g8f6 e4f6 g7f6
B16	Caro-Kann Defense: Finnish Variation	دفاع کاروکان	e2e4 c7c6 d2d4 d7d5 b1d2 d5e4 d2e4 h7h6
B17	Caro-Kann Defense: Karpov Variation	دفاع کاروکان	e2e4 c7c6 d2d4 d7d5 b1d2 d5e4 d2e4 b8d7
B17	Caro-Kann Defense: Karpov Variation, Modern Main Line	دفاع کاروکان	e2e4 c7c6 d2d4 d7d5 b1d2 d5e4 d2e4 b8d7 e4g5 g8f6 f1d3 e7e6 g1f3 f8d6 d1e2 h7h6 g5e4 f6e4 e2e4
B17	Caro-Kann Defense: Karpov Variation, Modern Variation	دفاع کاروکان	e2e4 c7c6 d2d4 d7d5 b1d2 d5e4 d2e4 b8d7 e4g5
B17	Caro-Kann Defense: Karpov Variation, Modern Variation, Ivanchuk Defense	دفاع کاروکان	e2e4 c7c6 d2d4 d7d5 b1d2 d5e4 d2e4 b8d7 e4g5 d7f6
B17	Caro-Kann Defense: Karpov Variation, Modern Variation, Kasparov Attack	دفاع کاروکان	e2e4 c7c6 d2d4 d7d5 b1c3 d5e4 c3e4 b8d7 g1f3 g8f6 e4g3
B17	Caro-Kann Defense: Karpov Variation, Smyslov Variation	دفاع کاروکان	e2e4 c7c6 d2d4 d7d5 b1d2 d5e4 d2e4 b8d7 f1c4 g8f6 e4g5 e7e6 d1e2 d7b6
B17	Caro-Kann Defense: Karpov Variation, Smyslov Variation, Main Line	دفاع کاروکان	e2e4 c7c6 d2d4 d7d5 b1d2 d5e4 d2e4 b8d7 f1c4 g8f6 e4g5 e7e6 d1e2 d7b6 c4b3
B17	Caro-Kann Defense: Karpov Variation, Tiviakov-Fischer Attack	دفاع کاروکان	e2e4 c7c6 d2d4 d7d5 b1d2 d5e4 d2e4 b8d7 f1c4 g8f6 e4f6 d7f6
B18	Caro-Kann Defense: Classical Variation	دفاع کاروکان	e2e4 c7c6 d2d4 d7d5 b1d2 d5e4 d2e4 c8f5
B18	Caro-Kann Defense: Classical Variation, Flohr Variation	دفاع کاروکان	e2e4 c7c6 d2d4 d7d5 b1d2 d5e4 d2e4 c8f5 e4g3 f5g6 g1h3
B18	Caro-Kann Defense: Classical Variation, Main Line	دفاع کاروکان	e2e4 c7c6 d2d4 d7d5 b1d2 d5e4 d2e4 c8f5 e4g3 f5g6 h2h4
B18	Caro-Kann Defense: Classical Variation, Maróczy Attack	دفاع کاروکان	e2e4 c7c6 d2d4 d7d5 b1d2 d5e4 d2e4 c8f5 e4g3 f5g6 f2f4
B18	Caro-Kann Defense: Martian Gambit	دفاع کاروکان	e2e4 c7c6 d2d4 d7d5 b1d2 d5e4 d2e4 c8f5 e4g5 f5g6 g1f3 h7h6 g5e6
B19	Caro-Kann Defense: Classical Variation	دفاع کاروکان	e2e4 c7c6 d2d4 d7d5 b1d2 d5e4 d2e4 c8f5 e4g3 f5g6 h2h4 h7h6 g1f3 b8d7
B19	Caro-Kann Defense: Classical Variation, Lobron System	دفاع کاروکان	e2e4 c7c6 d2d4 d7d5 b1d2 d5e4 d2e4 c8f5 e4g3 f5g6 h2h4 h7h6 g1f3 b8d7 h4h5 g6h7 f1d3 h7d3 d1d3 e7e6 c1d2 g8f6 e1c1 f8e7
B19	Caro-Kann Defense: Classical Variation, Seirawan Variation	دفاع کاروکان	e2e4 c7c6 d2d4 d7d5 b1d2 d5e4 d2e4 c8f5 e4g3 f5g6 h2h4 h7h6 g1f3 b8d7 h4h5 g6h7 f1d3 h7d3 d1d3 g8f6 c1d2 e7e6 e1c1 f8d6
B19	Caro-Kann Defense: Classical Variation, Spassky Variation	دفاع کاروکان	e2e4 c7c6 d2d4 d7d5 b1d2 d5e4 d2e4 c8f5 e4g3 f5g6 h2h4 h7h6 g1f3 b8d7 h4h5
B20	Sicilian Defense	دفاع سیسیلی	e2e4 c7c5
B20	Sicilian Defense: Amazon Attack	دفاع سیسیلی	e2e4 c7c5 d1g4
B20	Sicilian Defense: Big Clamp Formation	دفاع سیسیلی	e2e4 c7c5 d2d3 b8c6 c2c3 d7d6 f2f4
B20	Sicilian Defense: Bowdler Attack	دفاع سیسیلی	e2e4 c7c5 f1c4
B20	Sicilian Defense: Brick Variation	دفاع سیسیلی	e2e4 c7c5 g1h3
B20	Sicilian Defense: Czerniak Attack	دفاع سیسیلی	e2e4 c7c5 b2b3
B20	Sicilian Defense: Czerniak Attack, Queen Fianchetto Variation	دفاع سیسیلی	e2e4 c7c5 b2b3 b7b6
B20	Sicilian Defense: Euwe Attack, Prins Gambit	دفاع سیسیلی	e2e4 c7c5 b2b3 d7d5 c1b2
B20	Sicilian Defense: Gloria Variation	دفاع سیسیلی	e2e4 c7c5 c2c4 d7d6 b1c3 b8c6 g2g3 h7h5
B20	Sicilian Defense: Grob Variation	دفاع سیسیلی	e2e4 c7c5 g2g4
B20	Sicilian Defense: Keres Variation	دفاع سیسیلی	e2e4 c7c5 g1e2
B20	Sicilian Defense: King David's Opening	دفاع سیسیلی	e2e4 c7c5 e1e2
B20	Sicilian Defense: Kronberger Variation	دفاع سیسیلی	e2e4 c7c5 b1a3
B20	Sicilian Defense: Kronberger Variation, Nemeth Gambit	دفاع سیسیلی	e2e4 c7c5 b1a3 b8c6 d2d4 c5d4 f1c4
B20	Sicilian Defense: Lasker-Dunne Attack	دفاع سیسیلی	e2e4 c7c5 g2g3
B20	Sicilian Defense: Mengarini Variation	دفاع سیسیلی	e2e4 c7c5 a2a3
B20	Sicilian Defense: Myers Attack, with a4	دفاع سیسیلی	e2e4 c7c5 a2a4
B20	Sicilian Defense: Myers Attack, with h4	دفاع سیسیلی	e2e4 c7c5 h2h4
B20	Sicilian Defense: Staunton-Cochrane Variation	دفاع سیسیلی	e2e4 c7c5 c2c4
B20	Sicilian Defense: Wing Gambit	دفاع سیسیلی	e2e4 c7c5 b2b4
B20	Sicilian Defense: Wing Gambit, Abrahams Variation	دفاع سیسیلی	e2e4 c7c5 b2b4 c5b4 c1b2
B20	Sicilian Defense: Wing Gambit, Carlsbad Variation	دفاع سیسیلی	e2e4 c7c5 b2b4 c5b4 a2a3 b4a3
B20	Sicilian Defense: Wing Gambit, Marienbad Variation	دفاع سیسیلی	e2e4 c7c5 b2b4 c5b4 a2a3 d7d5 e4d5 d8d5 c1b2
B20	Sicilian Defense: Wing Gambit, Marshall Variation	دفاع سیسیلی	e2e4 c7c5 b2b4 c5b4 a2a3
B20	Sicilian Defense: Wing Gambit, Nanu Gambit	دفاع سیسیلی	e2e4 c7c5 b2b4 c5b4 a2a3 d7d5 e4d5 d8d5 g1f3 e7e5 c2c4 d5e6 f1d3
B20	Sicilian Defense: Wing Gambit, Romanian Defense	دفاع سیسیلی	e2e4 c7c5 b2b4 c5b4 a2a3 d7d5 e4d5 d8d5 g1f3 e7e5 c1b2 b8c6 c2c4 d5e6
B20	Sicilian Defense: Wing Gambit, Santasiere Variation	دفاع سیسیلی	e2e4 c7c5 b2b4 c5b4 c2c4
B21	Bird Opening: Dutch Variation, Batavo Gambit	گشایش برد	e2e4 c7c5 f2f4 d7d5 g1f3 d5e4
B21	Sicilian Defense: Coles Sicilian Gambit	دفاع سیسیلی	e2e4 c7c5 d2d4 c5d4 d1d4 b8c6 d4d1 g8f6 f1c4
B21	Sicilian Defense: Halasz Gambit	دفاع سیسیلی	e2e4 c7c5 d2d4 c5d4 f2f4
B21	Sicilian Defense: McDonnell Attack	دفاع سیسیلی	e2e4 c7c5 f2f4
B21	Sicilian Defense: McDonnell Attack, Tal Gambit	دفاع سیسیلی	e2e4 c7c5 f2f4 d7d5 e4d5 g8f6
B21	Sicilian Defense: McDonnell Attack, Toilet Variation	دفاع سیسیلی	e2e4 c7c5 f2f4 d7d5 b1c3
B21	Sicilian Defense: Morphy Gambit	دفاع سیسیلی	e2e4 c7c5 d2d4 c5d4 g1f3
B21	Sicilian Defense: Morphy Gambit, Andreaschek Gambit	دفاع سیسیلی	e2e4 c7c5 d2d4 c5d4 g1f3 e7e5 c2c3
B21	Sicilian Defense: Smith-Morra Gambit	دفاع سیسیلی	e2e4 c7c5 d2d4
B21	Sicilian Defense: Smith-Morra Gambit	دفاع سیسیلی	e2e4 c7c5 d2d4 c5d4 c2c3
B21	Sicilian Defense: Smith-Morra Gambit Accepted	دفاع سیسیلی	e2e4 c7c5 d2d4 c5d4 c2c3 d4c3
B21	Sicilian Defense: Smith-Morra Gambit Accepted, Chicago Defense	دفاع سیسیلی	e2e4 c7c5 d2d4 c5d4 c2c3 d4c3 b1c3 b8c6 f1c4 e7e6 g1f3 d7d6 e1g1 a7a6 d1e2 b7b5 c4b3 a8a7
B21	Sicilian Defense: Smith-Morra Gambit Accepted, Chicago Defense	دفاع سیسیلی	e2e4 c7c5 d2d4 c5d4 c2c3 d4c3 b1c3 d7d6 g1f3 e7e6 f1c4 g8f6 e1g1 a7a6
B21	Sicilian Defense: Smith-Morra Gambit Accepted, Classical Formation	دفاع سیسیلی	e2e4 c7c5 d2d4 c5d4 c2c3 d4c3 b1c3 b8c6 g1f3 d7d6 f1c4 a7a6 e1g1 g8f6
B21	Sicilian Defense: Smith-Morra Gambit Accepted, Danish Variation	دفاع سیسیلی	e2e4 c7c5 d2d4 c5d4 c2c3 d4c3 g1f3
B21	Sicilian Defense: Smith-Morra Gambit Accepted, Fianchetto Defense	دفاع سیسیلی	e2e4 c7c5 d2d4 c5d4 c2c3 d4c3 b1c3 g7g6
B21	Sicilian Defense: Smith-Morra Gambit Accepted, Fianchetto Defense	دفاع سیسیلی	e2e4 c7c5 d2d4 c5d4 c2c3 d4c3 b1c3 b8c6 g1f3 g7g6
B21	Sicilian Defense: Smith-Morra Gambit Accepted, Fianchetto Defense	دفاع سیسیلی	e2e4 c7c5 d2d4 c5d4 c2c3 d4c3 b1c3 b8c6 g1f3 d7d6 f1c4 g7g6
B21	Sicilian Defense: Smith-Morra Gambit Accepted, Fianchetto Defense	دفاع سیسیلی	e2e4 c7c5 d2d4 c5d4 c2c3 d4c3 b1c3 d7d6 g1f3 g7g6
B21	Sicilian Defense: Smith-Morra Gambit Accepted, Finegold Defense	دفاع سیسیلی	e2e4 c7c5 d2d4 c5d4 c2c3 d4c3 b1c3 e7e6 g1f3 d7d6 f1c4 a7a6 e1g1 f8e7 d1e2 g8f6
B21	Sicilian Defense: Smith-Morra Gambit Accepted, Kan Formation	دفاع سیسیلی	e2e4 c7c5 d2d4 c5d4 c2c3 d4c3 b1c3 e7e6 g1f3 a7a6
B21	Sicilian Defense: Smith-Morra Gambit Accepted, Larsen Defense	دفاع سیسیلی	e2e4 c7c5 d2d4 c5d4 c2c3 d4c3 b1c3 b8c6 g1f3 e7e6 f1c4 d8c7 d1e2 a7a6 e1g1 f8d6
B21	Sicilian Defense: Smith-Morra Gambit Accepted, Morphy Defense	دفاع سیسیلی	e2e4 c7c5 d2d4 c5d4 c2c3 d4c3 b1c3 b8c6 g1f3 e7e6 f1c4 f8c5
B21	Sicilian Defense: Smith-Morra Gambit Accepted, Morphy Defense Deferred	دفاع سیسیلی	e2e4 c7c5 d2d4 c5d4 c2c3 d4c3 b1c3 b8c6 g1f3 e7e6 f1c4 a7a6 e1g1 b7b5 c4b3 f8c5
B21	Sicilian Defense: Smith-Morra Gambit Accepted, Paulsen Formation	دفاع سیسیلی	e2e4 c7c5 d2d4 c5d4 c2c3 d4c3 b1c3 b8c6 g1f3 e7e6 f1c4 a7a6
B21	Sicilian Defense: Smith-Morra Gambit Accepted, Pin Defense	دفاع سیسیلی	e2e4 c7c5 d2d4 c5d4 c2c3 d4c3 b1c3 b8c6 g1f3 e7e6 f1c4 f8b4
B21	Sicilian Defense: Smith-Morra Gambit Accepted, Scheveningen Formation	دفاع سیسیلی	e2e4 c7c5 d2d4 c5d4 c2c3 d4c3 b1c3 b8c6 g1f3 d7d6 f1c4 e7e6
B21	Sicilian Defense: Smith-Morra Gambit Accepted, Siberian Variation	دفاع سیسیلی	e2e4 c7c5 d2d4 c5d4 c2c3 d4c3 b1c3 b8c6 g1f3 e7e6 f1c4 d8c7
B21	Sicilian Defense: Smith-Morra Gambit Accepted, Siberian Variation, Siberian Trap	دفاع سیسیلی	e2e4 c7c5 d2d4 c5d4 c2c3 d4c3 b1c3 b8c6 g1f3 e7e6 f1c4 d8c7 d1e2 g8f6 e1g1 f6g4
B21	Sicilian Defense: Smith-Morra Gambit Accepted, Sozin Formation	دفاع سیسیلی	e2e4 c7c5 d2d4 c5d4 c2c3 d4c3 b1c3 b8c6 f1c4 e7e6 g1f3 d7d6 e1g1 a7a6 d1e2 b7b5
B21	Sicilian Defense: Smith-Morra Gambit Accepted, Taimanov Formation	دفاع سیسیلی	e2e4 c7c5 d2d4 c5d4 c2c3 d4c3 b1c3 e7e6 f1c4 a7a6 g1f3 g8e7
B21	Sicilian Defense: Smith-Morra Gambit Declined, Alapin Formation	دفاع سیسیلی	e2e4 c7c5 d2d4 c5d4 c2c3 g8f6
B21	Sicilian Defense: Smith-Morra Gambit Declined, Center Formation	دفاع سیسیلی	e2e4 c7c5 d2d4 c5d4 c2c3 e7e5
B21	Sicilian Defense: Smith-Morra Gambit Declined, Dubois Variation	دفاع سیسیلی	e2e4 c7c5 d2d4 c5d4 c2c3 d4d3 c3c4
B21	Sicilian Defense: Smith-Morra Gambit Declined, Push Variation	دفاع سیسیلی	e2e4 c7c5 d2d4 c5d4 c2c3 d4d3
B21	Sicilian Defense: Smith-Morra Gambit Declined, Scandinavian Formation	دفاع سیسیلی	e2e4 c7c5 d2d4 c5d4 c2c3 d7d5
B21	Sicilian Defense: Smith-Morra Gambit Declined, Wing Formation	دفاع سیسیلی	e2e4 c7c5 d2d4 c5d4 c2c3 d8a5
B22	Sicilian Defense: Alapin Variation	دفاع سیسیلی	e2e4 c7c5 c2c3
B22	Sicilian Defense: Alapin Variation, Anti-Alapin Gambit	دفاع سیسیلی	e2e4 c7c5 c2c3 d7d5 e4d5 g8f6
B22	Sicilian Defense: Alapin Variation, Barmen Defense	دفاع سیسیلی	e2e4 c7c5 c2c3 d7d5 e4d5 d8d5
B22	Sicilian Defense: Alapin Variation, Barmen Defense	دفاع سیسیلی	e2e4 c7c5 c2c3 d7d5 e4d5 d8d5 d2d4 g7g6 g1f3
B22	Sicilian Defense: Alapin Variation, Barmen Defense	دفاع سیسیلی	e2e4 c7c5 c2c3 d7d5 e4d5 d8d5 d2d4 b8c6 g1f3
B22	Sicilian Defense: Alapin Variation, Barmen Defense, Central Exchange	دفاع سیسیلی	e2e4 c7c5 c2c3 d7d5 e4d5 d8d5 d2d4 c5d4 c3d4 b8c6 g1f3 c8g4
B22	Sicilian Defense: Alapin Variation, Barmen Defense, Endgame Variation	دفاع سیسیلی	e2e4 c7c5 c2c3 d7d5 e4d5 d8d5 d2d4 c5d4 c3d4 b8c6 g1f3 c8g4 b1c3 g4f3 g2f3 d5d4 d1d4 c6d4
B22	Sicilian Defense: Alapin Variation, Barmen Defense, Milner-Barry Attack	دفاع سیسیلی	e2e4 c7c5 c2c3 d7d5 e4d5 d8d5 d2d4 b8c6 g1f3 c5d4 c3d4 e7e5 b1c3 f8b4 f1e2
B22	Sicilian Defense: Alapin Variation, Barmen Defense, Modern Line	دفاع سیسیلی	e2e4 c7c5 c2c3 d7d5 e4d5 d8d5 d2d4 g8f6 g1f3 c8g4
B22	Sicilian Defense: Alapin Variation, Smith-Morra Declined	دفاع سیسیلی	e2e4 c7c5 c2c3 g8f6 e4e5 f6d5 d2d4 c5d4
B22	Sicilian Defense: Alapin Variation, Stoltz Attack	دفاع سیسیلی	e2e4 c7c5 c2c3 g8f6 e4e5 f6d5 g1f3 b8c6 f1c4 d5b6 c4b3
B22	Sicilian Defense: Alapin Variation, Stoltz Attack, Ivanchuk Line	دفاع سیسیلی	e2e4 c7c5 c2c3 g8f6 e4e5 f6d5 g1f3 b8c6 f1c4 d5b6 c4b3 c5c4 b3c2 d8c7 d1e2 g7g5
B22	Sicilian Defense: Delayed Alapin Variation	دفاع سیسیلی	e2e4 c7c5 g1f3 e7e6 c2c3 d7d5 e4d5 d8d5 d2d4 g8f6
B22	Sicilian Defense: Delayed Alapin Variation	دفاع سیسیلی	e2e4 c7c5 g1f3 e7e6 c2c3 d7d5 e4d5 e6d5 f1b5 b8c6 e1g1 f8d6 d2d4
B22	Sicilian Defense: Heidenfeld Variation	دفاع سیسیلی	e2e4 c7c5 c2c3 g8f6 e4e5 f6d5 g1f3 b8c6 b1a3
B23	Sicilian Defense: Closed	دفاع سیسیلی	e2e4 c7c5 b1c3
B23	Sicilian Defense: Closed	دفاع سیسیلی	e2e4 c7c5 b1c3 e7e6
B23	Sicilian Defense: Closed	دفاع سیسیلی	e2e4 c7c5 b1c3 e7e6 g2g3
B23	Sicilian Defense: Closed, Carlsen Variation	دفاع سیسیلی	e2e4 c7c5 b1c3 d7d6 d2d4 c5d4 d1d4 b8c6 d4d2
B23	Sicilian Defense: Closed, Chameleon Variation	دفاع سیسیلی	e2e4 c7c5 b1c3 b8c6 g1e2
B23	Sicilian Defense: Closed, Grob Attack	دفاع سیسیلی	e2e4 c7c5 b1c3 b8c6 g2g4
B23	Sicilian Defense: Closed, Korchnoi Defense	دفاع سیسیلی	e2e4 c7c5 b1c3 e7e6 g2g3 d7d5
B23	Sicilian Defense: Closed, Portland Attack	دفاع سیسیلی	e2e4 c7c5 b1c3 b8c6 d2d3 g7g6 g2g4
B23	Sicilian Defense: Closed, Traditional	دفاع سیسیلی	e2e4 c7c5 b1c3 b8c6
B23	Sicilian Defense: Grand Prix Attack	دفاع سیسیلی	e2e4 c7c5 b1c3 b8c6 f2f4
B23	Sicilian Defense: Grand Prix Attack, Schofman Variation	دفاع سیسیلی	e2e4 c7c5 b1c3 b8c6 f2f4 g7g6 g1f3 f8g7 f1c4 e7e6 f4f5
B24	Sicilian Defense: Closed	دفاع سیسیلی	e2e4 c7c5 b1c3 b8c6 g2g3 g7g6
B24	Sicilian Defense: Closed	دفاع سیسیلی	e2e4 c7c5 b1c3 b8c6 g2g3 g7g6 f1g2 f8g7
B24	Sicilian Defense: Closed, Fianchetto Variation	دفاع سیسیلی	e2e4 c7c5 b1c3 b8c6 g2g3
B24	Sicilian Defense: Closed, Smyslov Variation	دفاع سیسیلی	e2e4 c7c5 b1c3 b8c6 g2g3 g7g6 f1g2 f8g7 d2d3 e7e6 c1e3 c6d4 c3e2
B25	Sicilian Defense: Closed	دفاع سیسیلی	e2e4 c7c5 b1c3 b8c6 g2g3 g7g6 f1g2 f8g7 d2d3 d7d6
B25	Sicilian Defense: Closed	دفاع سیسیلی	e2e4 c7c5 b1c3 b8c6 g2g3 g7g6 f1g2 f8g7 d2d3 d7d6 f2f4
B25	Sicilian Defense: Closed, Botvinnik Defense, Edge Variation	دفاع سیسیلی	e2e4 c7c5 b1c3 b8c6 g2g3 g7g6 f1g2 f8g7 d2d3 d7d6 f2f4 e7e5 g1h3 g8e7
B25	Sicilian Defense: Closed, Botvinnik Defense, with Nge2	دفاع سیسیلی	e2e4 c7c5 b1c3 b8c6 g2g3 g7g6 f1g2 f8g7 d2d3 d7d6 g1e2 e7e5
B25	Sicilian Defense: Closed, Botvinnik Defense, with f4	دفاع سیسیلی	e2e4 c7c5 b1c3 b8c6 g2g3 g7g6 f1g2 f8g7 d2d3 d7d6 f2f4 e7e5
B26	Sicilian Defense: Closed	دفاع سیسیلی	e2e4 c7c5 b1c3 b8c6 g2g3 g7g6 f1g2 f8g7 d2d3 d7d6 c1e3
B27	Modern Defense: Pterodactyl Variation	دفاع مدرن	e2e4 c7c5 g1f3 g7g6 d2d4 f8g7 b1c3 d8a5
B27	Pterodactyl Defense: Sicilian, Anhanguera	دفاع پتروداکتیل	e2e4 c7c5 g1f3 g7g6 d2d4 f8g7 b1c3 d8a5 c1e3
B27	Pterodactyl Defense: Sicilian, Benoni Gambit	دفاع پتروداکتیل	e2e4 c7c5 g1f3 g7g6 d2d4 f8g7 b1c3 d8a5 d4d5
B27	Pterodactyl Defense: Sicilian, Pteranodon	دفاع پتروداکتیل	e2e4 c7c5 g1f3 g7g6 d2d4 f8g7 d4c5 d8a5 b1c3 g7c3 b2c3
B27	Pterodactyl Defense: Sicilian, Rhamphorhynchus	دفاع پتروداکتیل	e2e4 c7c5 g1f3 g7g6 d2d4 f8g7 d4c5 d8a5 b1c3
B27	Pterodactyl Defense: Sicilian, Unpin	دفاع پتروداکتیل	e2e4 c7c5 g1f3 g7g6 d2d4 f8g7 b1c3 d8a5 c1d2
B27	Pterodactyl Defense: Western, Pterodactyl	دفاع پتروداکتیل	e2e4 c7c5 g1f3 g7g6 c2c3 f8g7 d2d4 d8a5
B27	Pterodactyl Defense: Western, Rhamphorhynchus	دفاع پتروداکتیل	e2e4 c7c5 g1f3 g7g6 d2d4 f8g7 d4c5 d8a5
B27	Sicilian Defense	دفاع سیسیلی	e2e4 c7c5 g1f3
B27	Sicilian Defense: Acton Extension	دفاع سیسیلی	e2e4 c7c5 g1f3 g7g6 c2c4 f8h6
B27	Sicilian Defense: Brussels Gambit	دفاع سیسیلی	e2e4 c7c5 g1f3 f7f5
B27	Sicilian Defense: Bücker Variation	دفاع سیسیلی	e2e4 c7c5 g1f3 h7h6
B27	Sicilian Defense: Double-Dutch Gambit	دفاع سیسیلی	e2e4 c7c5 g1f3 f7f5 e4f5 g8h6
B27	Sicilian Defense: Frederico Variation	دفاع سیسیلی	e2e4 c7c5 g1f3 g7g6 d2d4 f7f5
B27	Sicilian Defense: Hyperaccelerated Dragon	دفاع سیسیلی	e2e4 c7c5 g1f3 g7g6
B27	Sicilian Defense: Hyperaccelerated Dragon	دفاع سیسیلی	e2e4 c7c5 g1f3 g7g6 d2d4
B27	Sicilian Defense: Hyperaccelerated Pterodactyl	دفاع سیسیلی	e2e4 c7c5 g1f3 g7g6 d2d4 f8g7
B27	Sicilian Defense: Hyperaccelerated Pterodactyl, Exchange Variation	دفاع سیسیلی	e2e4 c7c5 g1f3 g7g6 d2d4 f8g7 d4c5 d8a5 b1c3 g7c3 b2c3 a5c3
B27	Sicilian Defense: Jalalabad Variation	دفاع سیسیلی	e2e4 c7c5 g1f3 e7e5
B27	Sicilian Defense: Katalimov Variation	دفاع سیسیلی	e2e4 c7c5 g1f3 b7b6
B27	Sicilian Defense: Mongoose Variation	دفاع سیسیلی	e2e4 c7c5 g1f3 d8a5
B27	Sicilian Defense: Polish Gambit	دفاع سیسیلی	e2e4 c7c5 g1f3 b7b5
B27	Sicilian Defense: Quinteros Variation	دفاع سیسیلی	e2e4 c7c5 g1f3 d8c7
B28	Sicilian Defense: O'Kelly Variation	دفاع سیسیلی	e2e4 c7c5 g1f3 a7a6
B28	Sicilian Defense: O'Kelly Variation, Aronin System	دفاع سیسیلی	e2e4 c7c5 g1f3 a7a6 f1e2
B28	Sicilian Defense: O'Kelly Variation, Kieseritzky System	دفاع سیسیلی	e2e4 c7c5 g1f3 a7a6 b2b3
B28	Sicilian Defense: O'Kelly Variation, Maróczy Bind	دفاع سیسیلی	e2e4 c7c5 g1f3 a7a6 c2c4
B28	Sicilian Defense: O'Kelly Variation, Maróczy Bind, Paulsen Line	دفاع سیسیلی	e2e4 c7c5 g1f3 a7a6 c2c4 e7e6
B28	Sicilian Defense: O'Kelly Variation, Maróczy Bind, Robatsch Line	دفاع سیسیلی	e2e4 c7c5 g1f3 a7a6 c2c4 d7d6
B28	Sicilian Defense: O'Kelly Variation, Normal System	دفاع سیسیلی	e2e4 c7c5 g1f3 a7a6 d2d4
B28	Sicilian Defense: O'Kelly Variation, Normal System, Cortlever Gambit	دفاع سیسیلی	e2e4 c7c5 g1f3 a7a6 d2d4 c5d4 f1c4
B28	Sicilian Defense: O'Kelly Variation, Normal System, Smith-Morra Line	دفاع سیسیلی	e2e4 c7c5 g1f3 a7a6 d2d4 c5d4 c2c3
B28	Sicilian Defense: O'Kelly Variation, Normal System, Taimanov Line	دفاع سیسیلی	e2e4 c7c5 g1f3 a7a6 d2d4 c5d4 f3d4 e7e5
B28	Sicilian Defense: O'Kelly Variation, Normal System, Zagorovsky Line	دفاع سیسیلی	e2e4 c7c5 g1f3 a7a6 d2d4 c5d4 d1d4
B28	Sicilian Defense: O'Kelly Variation, Quiet System	دفاع سیسیلی	e2e4 c7c5 g1f3 a7a6 d2d3
B28	Sicilian Defense: O'Kelly Variation, Réti System	دفاع سیسیلی	e2e4 c7c5 g1f3 a7a6 g2g3
B28	Sicilian Defense: O'Kelly Variation, Venice System	دفاع سیسیلی	e2e4 c7c5 g1f3 a7a6 c2c3
B28	Sicilian Defense: O'Kelly Variation, Venice System, Barcza Line	دفاع سیسیلی	e2e4 c7c5 g1f3 a7a6 c2c3 g8f6
B28	Sicilian Defense: O'Kelly Variation, Venice System, Gambit Line	دفاع سیسیلی	e2e4 c7c5 g1f3 a7a6 c2c3 d7d5 e4d5 g8f6
B28	Sicilian Defense: O'Kelly Variation, Venice System, Ljubojevic Line	دفاع سیسیلی	e2e4 c7c5 g1f3 a7a6 c2c3 b7b5
B28	Sicilian Defense: O'Kelly Variation, Venice System, Steiner Line	دفاع سیسیلی	e2e4 c7c5 g1f3 a7a6 c2c3 d7d6
B28	Sicilian Defense: O'Kelly Variation, Wing Gambit	دفاع سیسیلی	e2e4 c7c5 g1f3 a7a6 b2b4
B28	Sicilian Defense: O'Kelly Variation, Yerevan System	دفاع سیسیلی	e2e4 c7c5 g1f3 a7a6 b1c3
B29	Sicilian Defense: Nimzowitsch Variation	دفاع سیسیلی	e2e4 c7c5 g1f3 g8f6
B29	Sicilian Defense: Nimzowitsch Variation, Advance Variation	دفاع سیسیلی	e2e4 c7c5 g1f3 g8f6 e4e5
B29	Sicilian Defense: Nimzowitsch Variation, Closed Variation	دفاع سیسیلی	e2e4 c7c5 g1f3 g8f6 b1c3
B29	Sicilian Defense: Nimzowitsch Variation, Exchange Variation	دفاع سیسیلی	e2e4 c7c5 g1f3 g8f6 e4e5 f6d5 b1c3 d5c3
B29	Sicilian Defense: Nimzowitsch Variation, Main Line	دفاع سیسیلی	e2e4 c7c5 g1f3 g8f6 e4e5 f6d5 b1c3 e7e6 c3d5 e6d5 d2d4 b8c6
B30	Sicilian Defense: Closed, Anti-Sveshnikov Variation	دفاع سیسیلی	e2e4 c7c5 g1f3 b8c6 b1c3 e7e5
B30	Sicilian Defense: Closed, Anti-Sveshnikov Variation, Kharlov-Kramnik Line	دفاع سیسیلی	e2e4 c7c5 g1f3 b8c6 b1c3 e7e5 f1c4 f8e7 d2d3 d7d6 f3d2 e7g5
B30	Sicilian Defense: Closed, Anti-Sveshnikov Variation, with Nf6	دفاع سیسیلی	e2e4 c7c5 g1f3 b8c6 b1c3 e7e5 f1c4 f8e7 d2d3 g8f6
B30	Sicilian Defense: Closed, Anti-Sveshnikov Variation, with d6	دفاع سیسیلی	e2e4 c7c5 g1f3 b8c6 b1c3 e7e5 f1c4 f8e7 d2d3 d7d6
B30	Sicilian Defense: Nyezhmetdinov-Rossolimo Attack	دفاع سیسیلی	e2e4 c7c5 g1f3 b8c6 f1b5
B30	Sicilian Defense: Nyezhmetdinov-Rossolimo Attack, Brooklyn Retreat Defense	دفاع سیسیلی	e2e4 c7c5 g1f3 b8c6 f1b5 c6b8
B30	Sicilian Defense: Nyezhmetdinov-Rossolimo Attack, San Francisco Gambit	دفاع سیسیلی	e2e4 c7c5 g1f3 b8c6 f1b5 c6a5 b2b4
B30	Sicilian Defense: Old Sicilian	دفاع سیسیلی	e2e4 c7c5 g1f3 b8c6
B30	Sicilian Defense: Portsmouth Gambit	دفاع سیسیلی	e2e4 c7c5 g1f3 b8c6 b2b4
B31	Sicilian Defense: Nyezhmetdinov-Rossolimo Attack, Fianchetto Variation	دفاع سیسیلی	e2e4 c7c5 g1f3 b8c6 f1b5 g7g6
B31	Sicilian Defense: Nyezhmetdinov-Rossolimo Attack, Fianchetto Variation, Gufeld Gambit	دفاع سیسیلی	e2e4 c7c5 g1f3 b8c6 f1b5 g7g6 e1g1 f8g7 c2c3 e7e5 d2d4
B31	Sicilian Defense: Nyezhmetdinov-Rossolimo Attack, Fianchetto Variation, Lutikov Gambit	دفاع سیسیلی	e2e4 c7c5 g1f3 b8c6 f1b5 g7g6 e1g1 f8g7 c2c3 g8f6 d2d4
B31	Sicilian Defense: Nyezhmetdinov-Rossolimo Attack, Fianchetto Variation, Totsky Attack	دفاع سیسیلی	e2e4 c7c5 g1f3 b8c6 f1b5 g7g6 e1g1 f8g7 c2c3 g8f6 d1a4
B31	Sicilian Defense: Nyezhmetdinov-Rossolimo Attack, Gurgenidze Variation	دفاع سیسیلی	e2e4 c7c5 g1f3 b8c6 f1b5 g7g6 e1g1 f8g7 f1e1 e7e5 b2b4
B32	Sicilian Defense: Accelerated Dragon	دفاع سیسیلی	e2e4 c7c5 g1f3 b8c6 d2d4 c5d4 f3d4 g7g6
B32	Sicilian Defense: Flohr Variation	دفاع سیسیلی	e2e4 c7c5 g1f3 b8c6 d2d4 c5d4 f3d4 d8c7
B32	Sicilian Defense: Franco-Sicilian Variation	دفاع سیسیلی	e2e4 c7c5 g1f3 b8c6 d2d4 e7e6
B32	Sicilian Defense: Godiva Variation	دفاع سیسیلی	e2e4 c7c5 g1f3 b8c6 d2d4 c5d4 f3d4 d8b6
B32	Sicilian Defense: Kalashnikov Variation	دفاع سیسیلی	e2e4 c7c5 g1f3 b8c6 d2d4 c5d4 f3d4 e7e5 d4b5 d7d6
B32	Sicilian Defense: Löwenthal Variation	دفاع سیسیلی	e2e4 c7c5 g1f3 b8c6 d2d4 c5d4 f3d4 e7e5
B32	Sicilian Defense: Nimzo-American Variation	دفاع سیسیلی	e2e4 c7c5 g1f3 b8c6 d2d4 c5d4 f3d4 d7d5
B32	Sicilian Defense: O'Kelly Variation, Maróczy Bind, Geller Line	دفاع سیسیلی	e2e4 c7c5 g1f3 b8c6 d2d4 c5d4 f3d4 a7a6 c2c4 e7e5
B32	Sicilian Defense: Open	دفاع سیسیلی	e2e4 c7c5 g1f3 b8c6 d2d4
B32	Sicilian Defense: Open	دفاع سیسیلی	e2e4 c7c5 g1f3 b8c6 d2d4 c5d4
B32	Sicilian Defense: Open	دفاع سیسیلی	e2e4 c7c5 g1f3 b8c6 d2d4 c5d4 f3d4
B33	Sicilian Defense: Lasker-Pelikan Variation	دفاع سیسیلی	e2e4 c7c5 g1f3 b8c6 d2d4 c5d4 f3d4 g8f6 b1c3 e7e5
B33	Sicilian Defense: Lasker-Pelikan Variation, Bird Variation	دفاع سیسیلی	e2e4 c7c5 g1f3 b8c6 d2d4 c5d4 f3d4 g8f6 b1c3 e7e5 d4b5 d7d6 c1g5 a7a6 b5a3 c8e6
B33	Sicilian Defense: Lasker-Pelikan Variation, Exchange Variation	دفاع سیسیلی	e2e4 c7c5 g1f3 b8c6 d2d4 c5d4 f3d4 g8f6 b1c3 e7e5 d4c6
B33	Sicilian Defense: Lasker-Pelikan Variation, Retreat Variation	دفاع سیسیلی	e2e4 c7c5 g1f3 b8c6 d2d4 c5d4 f3d4 g8f6 b1c3 e7e5 d4f3
B33	Sicilian Defense: Lasker-Pelikan Variation, Schlechter Variation	دفاع سیسیلی	e2e4 c7c5 g1f3 b8c6 d2d4 c5d4 f3d4 g8f6 b1c3 e7e5 d4b3
B33	Sicilian Defense: Lasker-Pelikan Variation, Sveshnikov Variation	دفاع سیسیلی	e2e4 c7c5 g1f3 b8c6 d2d4 c5d4 f3d4 g8f6 b1c3 e7e5 d4b5 d7d6 c1g5 a7a6 b5a3 b7b5
B33	Sicilian Defense: Lasker-Pelikan Variation, Sveshnikov Variation	دفاع سیسیلی	e2e4 c7c5 g1f3 b8c6 d2d4 c5d4 f3d4 g8f6 b1c3 e7e5 d4b5 d7d6 c1g5 a7a6 b5a3 b7b5 g5f6 g7f6 c3d5 f6f5
B33	Sicilian Defense: Lasker-Pelikan Variation, Sveshnikov Variation, Chelyabinsk Variation	دفاع سیسیلی	e2e4 c7c5 g1f3 b8c6 d2d4 c5d4 f3d4 g8f6 b1c3 e7e5 d4b5 d7d6 c1g5 a7a6 b5a3 b7b5 c3d5
B33	Sicilian Defense: Lasker-Pelikan Variation, Sveshnikov Variation, Novosibirsk Variation	دفاع سیسیلی	e2e4 c7c5 g1f3 b8c6 d2d4 c5d4 f3d4 g8f6 b1c3 e7e5 d4b5 d7d6 c1g5 a7a6 b5a3 b7b5 g5f6 g7f6 c3d5 f8g7
B33	Sicilian Defense: Lasker-Pelikan Variation, Sveshnikov Variation, Peresypkin's Sacrifice	دفاع سیسیلی	e2e4 c7c5 g1f3 b8c6 d2d4 c5d4 f3d4 g8f6 b1c3 e7e5 d4b5 d7d6 c1g5 a7a6 b5a3 b7b5 g5f6 g7f6 c3d5 f6f5 f1b5
B33	Sicilian Defense: Open	دفاع سیسیلی	e2e4 c7c5 g1f3 b8c6 d2d4 c5d4 f3d4 g8f6
B34	Sicilian Defense: Accelerated Dragon, Exchange Variation	دفاع سیسیلی	e2e4 c7c5 g1f3 b8c6 d2d4 c5d4 f3d4 g7g6 d4c6
B34	Sicilian Defense: Accelerated Dragon, Modern Variation	دفاع سیسیلی	e2e4 c7c5 g1f3 b8c6 d2d4 c5d4 f3d4 g7g6 b1c3
B35	Sicilian Defense: Accelerated Dragon, Modern Bc4 Variation	دفاع سیسیلی	e2e4 c7c5 g1f3 b8c6 d2d4 c5d4 f3d4 g7g6 b1c3 f8g7 c1e3 g8f6 f1c4
B35	Sicilian Defense: Dragon Variation, Modern Bc4 Variation	دفاع سیسیلی	e2e4 c7c5 g1f3 b8c6 d2d4 c5d4 f3d4 g7g6 b1c3 f8g7 c1e3 g8f6 f1c4 d7d6
B36	Sicilian Defense: Accelerated Dragon, Maróczy Bind	دفاع سیسیلی	e2e4 c7c5 g1f3 b8c6 d2d4 c5d4 f3d4 g7g6 c2c4
B36	Sicilian Defense: Accelerated Dragon, Maróczy Bind, Gurgenidze Variation	دفاع سیسیلی	e2e4 c7c5 g1f3 b8c6 d2d4 c5d4 f3d4 g7g6 c2c4 g8f6 b1c3 c6d4 d1d4 d7d6
B37	Sicilian Defense: Accelerated Dragon, Maróczy Bind	دفاع سیسیلی	e2e4 c7c5 g1f3 b8c6 d2d4 c5d4 f3d4 g7g6 c2c4 f8g7
B37	Sicilian Defense: Accelerated Dragon, Simagin Variation	دفاع سیسیلی	e2e4 c7c5 g1f3 b8c6 d2d4 c5d4 f3d4 g7g6 c2c4 f8g7 d4c2 d7d6 f1e2 g8h6
B38	Sicilian Defense: Accelerated Dragon, Maróczy Bind	دفاع سیسیلی	e2e4 c7c5 g1f3 b8c6 d2d4 c5d4 f3d4 g7g6 c2c4 f8g7 c1e3
B39	Sicilian Defense: Accelerated Dragon, Maróczy Bind, Breyer Variation	دفاع سیسیلی	e2e4 c7c5 g1f3 b8c6 d2d4 c5d4 f3d4 g7g6 c2c4 f8g7 c1e3 g8f6 b1c3 f6g4
B40	Sicilian Defense: Alapin Variation, Sherzer Variation	دفاع سیسیلی	e2e4 c7c5 g1f3 e7e6 c2c3 g8f6 e4e5 f6d5 d2d4 b8c6
B40	Sicilian Defense: Delayed Alapin Variation, with e6	دفاع سیسیلی	e2e4 c7c5 g1f3 e7e6 c2c3
B40	Sicilian Defense: Drazic Variation	دفاع سیسیلی	e2e4 c7c5 g1f3 e7e6 d2d4 a7a6
B40	Sicilian Defense: French Variation	دفاع سیسیلی	e2e4 c7c5 g1f3 e7e6
B40	Sicilian Defense: French Variation, Normal	دفاع سیسیلی	e2e4 c7c5 g1f3 e7e6 d2d4 c5d4 f3d4 g8f6
B40	Sicilian Defense: French Variation, Open	دفاع سیسیلی	e2e4 c7c5 g1f3 e7e6 d2d4 c5d4
B40	Sicilian Defense: French Variation, Westerinen Attack	دفاع سیسیلی	e2e4 c7c5 g1f3 e7e6 b2b3
B40	Sicilian Defense: Gaw-Paw Variation	دفاع سیسیلی	e2e4 c7c5 g1f3 e7e6 d2d4 c5d4 f3d4 g8f6 b1c3 d8b6
B40	Sicilian Defense: Kan Variation, Wing Attack, Fianchetto Variation	دفاع سیسیلی	e2e4 c7c5 g1f3 e7e6 b1c3 a7a6 g2g3 b7b5 d2d4 c5d4 f3d4
B40	Sicilian Defense: Kramnik Variation	دفاع سیسیلی	e2e4 c7c5 g1f3 e7e6 c2c4
B40	Sicilian Defense: Kveinis Variation	دفاع سیسیلی	e2e4 c7c5 g1f3 e7e6 d2d4 c5d4 f3d4 d8b6
B40	Sicilian Defense: Marshall Counterattack	دفاع سیسیلی	e2e4 c7c5 g1f3 e7e6 d2d4 d7d5
B40	Sicilian Defense: Paulsen-Basman Defense	دفاع سیسیلی	e2e4 c7c5 g1f3 e7e6 d2d4 c5d4 f3d4 f8c5
B40	Sicilian Defense: Pin Variation	دفاع سیسیلی	e2e4 c7c5 g1f3 e7e6 d2d4 c5d4 f3d4 g8f6 b1c3 f8b4
B40	Sicilian Defense: Pin Variation, Jaffe Variation	دفاع سیسیلی	e2e4 c7c5 g1f3 e7e6 d2d4 c5d4 f3d4 g8f6 b1c3 f8b4 f1d3 e6e5
B40	Sicilian Defense: Pin Variation, Koch Variation	دفاع سیسیلی	e2e4 c7c5 g1f3 e7e6 d2d4 c5d4 f3d4 g8f6 b1c3 f8b4 e4e5
B40	Sicilian Defense: Smith-Morra Gambit Deferred	دفاع سیسیلی	e2e4 c7c5 g1f3 e7e6 d2d4 c5d4 c2c3
B40	Sicilian Defense: Wing Gambit Deferred	دفاع سیسیلی	e2e4 c7c5 g1f3 e7e6 b2b4
B41	Sicilian Defense: Kan Variation	دفاع سیسیلی	e2e4 c7c5 g1f3 e7e6 d2d4 c5d4 f3d4 a7a6
B41	Sicilian Defense: Kan Variation, Maróczy Bind, Bronstein Variation	دفاع سیسیلی	e2e4 c7c5 g1f3 e7e6 d2d4 c5d4 f3d4 a7a6 c2c4 g8f6 b1c3 f8b4 f1d3 b8c6
B41	Sicilian Defense: Kan Variation, Maróczy Bind, Bronstein Variation	دفاع سیسیلی	e2e4 c7c5 g1f3 e7e6 d2d4 c5d4 f3d4 a7a6 c2c4 g8f6 b1c3 f8b4 f1d3 b8c6 d3c2
B41	Sicilian Defense: Kan Variation, Maróczy Bind, Hedgehog Variation	دفاع سیسیلی	e2e4 c7c5 g1f3 e7e6 d2d4 c5d4 f3d4 a7a6 c2c4 g7g6
B41	Sicilian Defense: Kan Variation, Maróczy Bind, Réti Variation	دفاع سیسیلی	e2e4 c7c5 g1f3 e7e6 d2d4 c5d4 f3d4 a7a6 c2c4
B42	Sicilian Defense: Kan Variation, Gipslis Variation	دفاع سیسیلی	e2e4 c7c5 g1f3 e7e6 d2d4 c5d4 f3d4 a7a6 f1d3 g8f6 e1g1 d7d6 c2c4 g7g6
B42	Sicilian Defense: Kan Variation, Modern Variation	دفاع سیسیلی	e2e4 c7c5 g1f3 e7e6 d2d4 c5d4 f3d4 a7a6 f1d3
B42	Sicilian Defense: Kan Variation, Polugaevsky Variation	دفاع سیسیلی	e2e4 c7c5 g1f3 e7e6 d2d4 c5d4 f3d4 a7a6 f1d3 f8c5
B42	Sicilian Defense: Kan Variation, Swiss Cheese Variation	دفاع سیسیلی	e2e4 c7c5 g1f3 e7e6 d2d4 c5d4 f3d4 a7a6 f1d3 g7g6
B43	Sicilian Defense: Kan Variation, Knight Variation	دفاع سیسیلی	e2e4 c7c5 g1f3 e7e6 d2d4 c5d4 f3d4 a7a6 b1c3
B43	Sicilian Defense: Kan Variation, Wing Attack	دفاع سیسیلی	e2e4 c7c5 g1f3 e7e6 d2d4 c5d4 f3d4 a7a6 b1c3 b7b5
B43	Sicilian Defense: Kan Variation, Wing Attack, Christiansen's Dream	دفاع سیسیلی	e2e4 c7c5 g1f3 e7e6 d2d4 c5d4 f3d4 a7a6 b1c3 b7b5 f1d3 d8b6 c1e3 f8c5 d1g4
B43	Sicilian Defense: Kan Variation, Wing Attack, Spraggett Attack	دفاع سیسیلی	e2e4 c7c5 g1f3 e7e6 d2d4 c5d4 f3d4 a7a6 b1c3 b7b5 f1d3 d8b6 d4f3
B44	Sicilian Defense: Taimanov Variation	دفاع سیسیلی	e2e4 c7c5 g1f3 e7e6 d2d4 c5d4 f3d4 b8c6
B44	Sicilian Defense: Taimanov Variation, Gary Gambit	دفاع سیسیلی	e2e4 c7c5 g1f3 e7e6 d2d4 c5d4 f3d4 b8c6 d4b5 d7d6 c2c4 g8f6 b1c3 a7a6 b5a3 d6d5
B44	Sicilian Defense: Taimanov Variation, Modern Line	دفاع سیسیلی	e2e4 c7c5 g1f3 e7e6 d2d4 c5d4 f3d4 b8c6 d4b5 d7d6 c2c4 g8f6 b1c3 a7a6 b5a3 f8e7 f1e2 e8g8 e1g1 b7b6
B44	Sicilian Defense: Taimanov Variation, Szén Variation	دفاع سیسیلی	e2e4 c7c5 g1f3 e7e6 d2d4 c5d4 f3d4 b8c6 d4b5
B45	Sicilian Defense: Four Knights Variation	دفاع سیسیلی	e2e4 c7c5 g1f3 e7e6 d2d4 c5d4 f3d4 b8c6 b1c3 g8f6
B45	Sicilian Defense: Four Knights Variation, American Attack	دفاع سیسیلی	e2e4 c7c5 g1f3 e7e6 d2d4 c5d4 f3d4 b8c6 b1c3 g8f6 d4b5 f8b4 b5d6
B45	Sicilian Defense: Four Knights Variation, Cobra Variation	دفاع سیسیلی	e2e4 c7c5 g1f3 e7e6 d2d4 c5d4 f3d4 b8c6 b1c3 g8f6 d4b5 f8c5
B45	Sicilian Defense: Four Knights Variation, Exchange Variation	دفاع سیسیلی	e2e4 c7c5 g1f3 e7e6 d2d4 c5d4 f3d4 b8c6 b1c3 g8f6 d4c6
B45	Sicilian Defense: Four Knights Variation, Sveshnikov Transfer	دفاع سیسیلی	e2e4 c7c5 g1f3 e7e6 d2d4 c5d4 f3d4 b8c6 b1c3 g8f6 d4b5 d7d6
B45	Sicilian Defense: Taimanov Variation	دفاع سیسیلی	e2e4 c7c5 g1f3 e7e6 d2d4 c5d4 f3d4 b8c6 b1c3
B46	Sicilian Defense: Taimanov Variation	دفاع سیسیلی	e2e4 c7c5 g1f3 e7e6 d2d4 c5d4 f3d4 b8c6 b1c3 a7a6
B47	Sicilian Defense: Taimanov Variation, Bastrikov Variation	دفاع سیسیلی	e2e4 c7c5 g1f3 e7e6 d2d4 c5d4 f3d4 b8c6 b1c3 d8c7
B47	Sicilian Defense: Taimanov Variation, Bastrikov Variation, Ponomariov Gambit	دفاع سیسیلی	e2e4 c7c5 g1f3 e7e6 d2d4 c5d4 f3d4 b8c6 b1c3 d8c7 d4b5 c7b8 c1e3 a7a6 e3b6
B48	Sicilian Defense: Taimanov Variation, Bastrikov Variation, English Attack	دفاع سیسیلی	e2e4 c7c5 g1f3 e7e6 d2d4 c5d4 f3d4 b8c6 b1c3 d8c7 c1e3
B49	Sicilian Defense: Taimanov Variation, Bastrikov Variation	دفاع سیسیلی	e2e4 c7c5 g1f3 e7e6 d2d4 c5d4 f3d4 b8c6 b1c3 d8c7 c1e3 a7a6 f1e2
B50	Sicilian Defense	دفاع سیسیلی	e2e4 c7c5 g1f3 d7d6 d2d4
B50	Sicilian Defense	دفاع سیسیلی	e2e4 c7c5 g1f3 d7d6 d2d4 c5d4
B50	Sicilian Defense: Delayed Alapin Variation, Basman-Palatnik Double Gambit	دفاع سیسیلی	e2e4 c7c5 g1f3 d7d6 c2c3 g8f6 f1e2 b8c6 d2d4 c5d4 c3d4 f6e4 d4d5 d8a5 b1c3 e4c3 b2c3
B50	Sicilian Defense: Delayed Alapin Variation, Basman-Palatnik Gambit	دفاع سیسیلی	e2e4 c7c5 g1f3 d7d6 c2c3 g8f6 f1e2 b8c6 d2d4 c5d4 c3d4 f6e4
B50	Sicilian Defense: Delayed Alapin Variation, with d6	دفاع سیسیلی	e2e4 c7c5 g1f3 d7d6 c2c3
B50	Sicilian Defense: Kopec System	دفاع سیسیلی	e2e4 c7c5 g1f3 d7d6 f1d3
B50	Sicilian Defense: Kotov Gambit	دفاع سیسیلی	e2e4 c7c5 g1f3 d7d6 g2g3 b7b5
B50	Sicilian Defense: Modern Variations	دفاع سیسیلی	e2e4 c7c5 g1f3 d7d6
B50	Sicilian Defense: Modern Variations, Anti-Qxd4 Move Order	دفاع سیسیلی	e2e4 c7c5 g1f3 d7d6 d2d4 g8f6
B50	Sicilian Defense: Modern Variations, Anti-Qxd4 Move Order Accepted	دفاع سیسیلی	e2e4 c7c5 g1f3 d7d6 d2d4 g8f6 d4c5 f6e4
B50	Sicilian Defense: Modern Variations, Tartakower	دفاع سیسیلی	e2e4 c7c5 g1f3 d7d6 d2d4 c5d4 c2c3
B50	Sicilian Defense: Wing Gambit, Deferred Variation	دفاع سیسیلی	e2e4 c7c5 g1f3 d7d6 b2b4
B51	Sicilian Defense: Moscow Variation	دفاع سیسیلی	e2e4 c7c5 g1f3 d7d6 f1b5
B51	Sicilian Defense: Moscow Variation, Dorfman Gambit	دفاع سیسیلی	e2e4 c7c5 g1f3 d7d6 f1b5 b8c6 e1g1 c8d7 d1e2 g7g6 e4e5
B51	Sicilian Defense: Moscow Variation, Moscow Gambit	دفاع سیسیلی	e2e4 c7c5 g1f3 d7d6 f1b5 b8c6 e1g1 c8d7 c2c3 g8f6 f1e1 a7a6 b5c6 d7c6 d2d4 c6e4 c1g5
B52	Sicilian Defense: Moscow Variation, Haag Gambit	دفاع سیسیلی	e2e4 c7c5 g1f3 d7d6 f1b5 c8d7 b5d7 d8d7 e1g1 b8c6 c2c3 g8f6 d2d4
B52	Sicilian Defense: Moscow Variation, Main Line	دفاع سیسیلی	e2e4 c7c5 g1f3 d7d6 f1b5 c8d7
B52	Sicilian Defense: Moscow Variation, Sokolsky Variation	دفاع سیسیلی	e2e4 c7c5 g1f3 d7d6 f1b5 c8d7 b5d7 d8d7 c2c4
B53	Sicilian Defense: Chekhover Variation	دفاع سیسیلی	e2e4 c7c5 g1f3 d7d6 d2d4 c5d4 d1d4
B53	Sicilian Defense: Chekhover Variation, Zaitsev Defense	دفاع سیسیلی	e2e4 c7c5 g1f3 d7d6 d2d4 c5d4 d1d4 b8c6 f1b5 d8d7
B54	Sicilian Defense: Dragon Variation, Accelerated Dragon	دفاع سیسیلی	e2e4 c7c5 g1f3 d7d6 d2d4 c5d4 f3d4 g7g6
B54	Sicilian Defense: Modern Variations, Ginsberg Gambit	دفاع سیسیلی	e2e4 c7c5 g1f3 d7d6 d2d4 c5d4 f3d4 g8f6 f1c4
B54	Sicilian Defense: Modern Variations, Main Line	دفاع سیسیلی	e2e4 c7c5 g1f3 d7d6 d2d4 c5d4 f3d4 g8f6
B54	Sicilian Defense: Prins Variation	دفاع سیسیلی	e2e4 c7c5 g1f3 d7d6 d2d4 c5d4 f3d4 g8f6 f2f3
B55	Sicilian Defense: Prins Variation, Venice Attack	دفاع سیسیلی	e2e4 c7c5 g1f3 d7d6 d2d4 c5d4 f3d4 g8f6 f2f3 e7e5 f1b5
B56	Sicilian Defense: Classical Variation	دفاع سیسیلی	e2e4 c7c5 g1f3 d7d6 d2d4 c5d4 f3d4 g8f6 b1c3 b8c6
B56	Sicilian Defense: Classical Variation, Fianchetto Variation	دفاع سیسیلی	e2e4 c7c5 g1f3 d7d6 d2d4 c5d4 f3d4 g8f6 b1c3 b8c6 g2g3
B56	Sicilian Defense: Kupreichik Variation	دفاع سیسیلی	e2e4 c7c5 g1f3 d7d6 d2d4 c5d4 f3d4 g8f6 b1c3 c8d7
B56	Sicilian Defense: Spielmann Variation	دفاع سیسیلی	e2e4 c7c5 g1f3 b8c6 d2d4 c5d4 f3d4 g8f6 b1c3 d7d6 d4e2
B56	Sicilian Defense: Venice Attack	دفاع سیسیلی	e2e4 c7c5 g1f3 d7d6 d2d4 c5d4 f3d4 g8f6 b1c3 e7e5 f1b5
B57	Sicilian Defense: Classical Variation, Anti-Sozin Variation	دفاع سیسیلی	e2e4 c7c5 g1f3 b8c6 d2d4 c5d4 f3d4 g8f6 b1c3 d7d6 f1c4 d8b6
B57	Sicilian Defense: Classical Variation, Sozin Attack	دفاع سیسیلی	e2e4 c7c5 g1f3 d7d6 d2d4 c5d4 f3d4 g8f6 b1c3 b8c6 f1c4
B57	Sicilian Defense: Magnus Smith Trap	دفاع سیسیلی	e2e4 c7c5 g1f3 b8c6 d2d4 c5d4 f3d4 g8f6 b1c3 d7d6 f1c4 g7g6 d4c6 b7c6 e4e5
B58	Sicilian Defense: Boleslavsky Variation	دفاع سیسیلی	e2e4 c7c5 g1f3 d7d6 d2d4 c5d4 f3d4 g8f6 b1c3 b8c6 f1e2 e7e5
B58	Sicilian Defense: Boleslavsky Variation, Louma Variation	دفاع سیسیلی	e2e4 c7c5 g1f3 b8c6 d2d4 c5d4 f3d4 g8f6 b1c3 d7d6 f1e2 e7e5 d4c6
B58	Sicilian Defense: Classical Variation	دفاع سیسیلی	e2e4 c7c5 g1f3 d7d6 d2d4 c5d4 f3d4 g8f6 b1c3 b8c6 f1e2
B58	Sicilian Defense: Classical Variation, Dragon Transfer	دفاع سیسیلی	e2e4 c7c5 g1f3 d7d6 d2d4 c5d4 f3d4 g8f6 b1c3 b8c6 f1e2 c6d4 d1d4 g7g6
B59	Sicilian Defense: Boleslavsky Variation	دفاع سیسیلی	e2e4 c7c5 g1f3 b8c6 d2d4 c5d4 f3d4 g8f6 b1c3 d7d6 f1e2 e7e5 d4b3
B60	Sicilian Defense: Richter-Rauzer Variation	دفاع سیسیلی	e2e4 c7c5 g1f3 d7d6 d2d4 c5d4 f3d4 g8f6 b1c3 b8c6 c1g5
B60	Sicilian Defense: Richter-Rauzer Variation, Dragon Variation	دفاع سیسیلی	e2e4 c7c5 g1f3 b8c6 d2d4 c5d4 f3d4 g8f6 b1c3 d7d6 c1g5 g7g6
B60	Sicilian Defense: Richter-Rauzer Variation, Modern Variation	دفاع سیسیلی	e2e4 c7c5 g1f3 d7d6 d2d4 c5d4 f3d4 g8f6 b1c3 b8c6 c1g5 c8d7
B61	Sicilian Defense: Richter-Rauzer Variation, Modern Variation	دفاع سیسیلی	e2e4 c7c5 g1f3 b8c6 d2d4 c5d4 f3d4 g8f6 b1c3 d7d6 c1g5 c8d7 d1d2
B62	Sicilian Defense: Richter-Rauzer Variation	دفاع سیسیلی	e2e4 c7c5 g1f3 d7d6 d2d4 c5d4 f3d4 g8f6 b1c3 b8c6 c1g5 e7e6
B62	Sicilian Defense: Richter-Rauzer Variation	دفاع سیسیلی	e2e4 c7c5 g1f3 d7d6 d2d4 c5d4 f3d4 g8f6 b1c3 b8c6 c1g5 e7e6 d1d3
B62	Sicilian Defense: Richter-Rauzer Variation, Exchange Variation	دفاع سیسیلی	e2e4 c7c5 g1f3 d7d6 d2d4 c5d4 f3d4 g8f6 b1c3 b8c6 c1g5 e7e6 d4c6
B62	Sicilian Defense: Richter-Rauzer Variation, Podebrady Variation	دفاع سیسیلی	e2e4 c7c5 g1f3 b8c6 d2d4 c5d4 f3d4 g8f6 b1c3 d7d6 c1g5 e7e6 d4b3
B62	Sicilian Defense: Richter-Rauzer Variation, Vitolins Variation	دفاع سیسیلی	e2e4 c7c5 g1f3 d7d6 d2d4 c5d4 f3d4 g8f6 b1c3 b8c6 c1g5 e7e6 f1b5
B63	Sicilian Defense: Richter-Rauzer Variation, Classical Variation	دفاع سیسیلی	e2e4 c7c5 g1f3 d7d6 d2d4 c5d4 f3d4 g8f6 b1c3 b8c6 c1g5 e7e6 d1d2 f8e7
B63	Sicilian Defense: Richter-Rauzer Variation, Classical Variation, Kantscher Line	دفاع سیسیلی	e2e4 c7c5 g1f3 d7d6 d2d4 c5d4 f3d4 g8f6 b1c3 b8c6 c1g5 e7e6 d1d2 f8e7 e1c1 c6d4 d2d4 a7a6 f2f4 b7b5
B63	Sicilian Defense: Richter-Rauzer Variation, Ivanov Variation	دفاع سیسیلی	e2e4 c7c5 g1f3 d7d6 d2d4 c5d4 f3d4 g8f6 b1c3 b8c6 c1g5 e7e6 d1d2 d8b6
B63	Sicilian Defense: Richter-Rauzer Variation, Traditional Variation	دفاع سیسیلی	e2e4 c7c5 g1f3 d7d6 d2d4 c5d4 f3d4 g8f6 b1c3 b8c6 c1g5 e7e6 d1d2
B64	Sicilian Defense: Richter-Rauzer Variation, Classical Variation	دفاع سیسیلی	e2e4 c7c5 g1f3 b8c6 d2d4 c5d4 f3d4 g8f6 b1c3 d7d6 c1g5 e7e6 d1d2 f8e7 e1c1 e8g8 f2f4 e6e5
B64	Sicilian Defense: Richter-Rauzer Variation, Classical Variation	دفاع سیسیلی	e2e4 c7c5 g1f3 d7d6 d2d4 c5d4 f3d4 g8f6 b1c3 b8c6 c1g5 e7e6 d1d2 f8e7 e1c1 e8g8 f2f4
B65	Sicilian Defense: Richter-Rauzer Variation, Classical Variation	دفاع سیسیلی	e2e4 c7c5 g1f3 d7d6 d2d4 c5d4 f3d4 g8f6 b1c3 b8c6 c1g5 e7e6 d1d2 f8e7 e1c1 e8g8 f2f4 c6d4 d2d4
B65	Sicilian Defense: Richter-Rauzer Variation, Rauzer Attack	دفاع سیسیلی	e2e4 c7c5 g1f3 d7d6 d2d4 c5d4 f3d4 g8f6 b1c3 b8c6 c1g5 e7e6 d1d2 f8e7 e1c1 e8g8 f2f4 c6d4
B66	Sicilian Defense: Richter-Rauzer Variation, Neo-Modern Variation, Early Deviations	دفاع سیسیلی	e2e4 c7c5 g1f3 d7d6 d2d4 c5d4 f3d4 g8f6 b1c3 b8c6 c1g5 e7e6 d1d2 a7a6
B67	Sicilian Defense: Richter-Rauzer Variation, Neo-Modern Variation	دفاع سیسیلی	e2e4 c7c5 g1f3 b8c6 d2d4 c5d4 f3d4 g8f6 b1c3 d7d6 c1g5 e7e6 d1d2 a7a6 e1c1 c8d7
B68	Sicilian Defense: Richter-Rauzer Variation, Neo-Modern Variation	دفاع سیسیلی	e2e4 c7c5 g1f3 b8c6 d2d4 c5d4 f3d4 g8f6 b1c3 d7d6 c1g5 e7e6 d1d2 a7a6 e1c1 c8d7 f2f4 f8e7
B69	Sicilian Defense: Richter-Rauzer Variation, Neo-Modern Variation, Nyezhmetdinov Attack	دفاع سیسیلی	e2e4 c7c5 g1f3 b8c6 d2d4 c5d4 f3d4 g8f6 b1c3 d7d6 c1g5 e7e6 d1d2 a7a6 e1c1 c8d7 f2f4 f8e7 d4f3 b7b5 g5f6
B70	Sicilian Defense: Dragon Variation	دفاع سیسیلی	e2e4 c7c5 g1f3 d7d6 d2d4 c5d4 f3d4 g8f6 b1c3 g7g6
B70	Sicilian Defense: Dragon Variation, Classical Variation	دفاع سیسیلی	e2e4 c7c5 g1f3 d7d6 d2d4 c5d4 f3d4 g8f6 b1c3 g7g6 f1e2
B70	Sicilian Defense: Dragon Variation, Fianchetto Variation	دفاع سیسیلی	e2e4 c7c5 g1f3 d7d6 d2d4 c5d4 f3d4 g8f6 b1c3 g7g6 g2g3
B71	Sicilian Defense: Dragon Variation, Levenfish Variation	دفاع سیسیلی	e2e4 c7c5 g1f3 d7d6 d2d4 c5d4 f3d4 g8f6 b1c3 g7g6 f2f4
B71	Sicilian Defense: Dragon Variation, Levenfish Variation, Main Line	دفاع سیسیلی	e2e4 c7c5 g1f3 d7d6 d2d4 c5d4 f3d4 g8f6 b1c3 g7g6 f2f4 b8d7
B72	Sicilian Defense: Dragon Variation	دفاع سیسیلی	e2e4 c7c5 g1f3 d7d6 d2d4 c5d4 f3d4 g8f6 b1c3 g7g6 c1e3
B72	Sicilian Defense: Dragon Variation, Classical Variation	دفاع سیسیلی	e2e4 c7c5 g1f3 d7d6 d2d4 c5d4 f3d4 g8f6 b1c3 g7g6 c1e3 f8g7 f1e2
B72	Sicilian Defense: Dragon Variation, Classical Variation	دفاع سیسیلی	e2e4 c7c5 g1f3 d7d6 d2d4 c5d4 f3d4 g8f6 b1c3 g7g6 c1e3 f8g7 f1e2 b8c6
B72	Sicilian Defense: Dragon Variation, Classical Variation	دفاع سیسیلی	e2e4 c7c5 g1f3 d7d6 d2d4 c5d4 f3d4 g8f6 b1c3 g7g6 c1e3 f8g7 f1e2 b8c6 d4b3
B72	Sicilian Defense: Dragon Variation, Classical Variation, Amsterdam Variation	دفاع سیسیلی	e2e4 c7c5 g1f3 b8c6 d2d4 c5d4 f3d4 g8f6 b1c3 d7d6 f1e2 g7g6 c1e3 f8g7 d1d2
B72	Sicilian Defense: Dragon Variation, Classical Variation, Grigoriev Variation	دفاع سیسیلی	e2e4 c7c5 g1f3 b8c6 d2d4 c5d4 f3d4 g8f6 b1c3 d7d6 f1e2 g7g6 c1e3 f8g7 d1d2 e8g8 e1c1
B73	Sicilian Defense: Dragon Variation, Classical Variation	دفاع سیسیلی	e2e4 c7c5 g1f3 d7d6 d2d4 c5d4 f3d4 g8f6 b1c3 g7g6 f1e2 f8g7 e1g1 b8c6 c1e3
B73	Sicilian Defense: Dragon Variation, Classical Variation, Battery Variation	دفاع سیسیلی	e2e4 c7c5 g1f3 d7d6 d2d4 c5d4 f3d4 g8f6 b1c3 g7g6 f1e2 f8g7 e1g1 e8g8 c1e3 b8c6 d1d2
B73	Sicilian Defense: Dragon Variation, Classical Variation, Zollner Gambit	دفاع سیسیلی	e2e4 c7c5 g1f3 b8c6 d2d4 c5d4 f3d4 g7g6 c1e3 f8g7 f1e2 g8f6 b1c3 e8g8 e1g1 d7d6 f2f4 d8b6 e4e5
B74	Sicilian Defense: Dragon Variation, Classical Variation, Alekhine Line	دفاع سیسیلی	e2e4 c7c5 g1f3 b8c6 d2d4 c5d4 f3d4 g7g6 b1c3 f8g7 c1e3 g8f6 f1e2 e8g8 e1g1 d7d6 d4b3 a7a5
B74	Sicilian Defense: Dragon Variation, Classical Variation, Bernard Defense	دفاع سیسیلی	e2e4 c7c5 g1f3 g7g6 d2d4 c5d4 f3d4 g8f6 b1c3 d7d6 f1e2 f8g7 e1g1 e8g8 c1e3 b8c6 d4b3 c8e6 f2f4 c6a5 f4f5 e6c4 e2d3 c4d3 c2d3 d6d5
B74	Sicilian Defense: Dragon Variation, Classical Variation, Maróczy Line	دفاع سیسیلی	e2e4 c7c5 g1f3 d7d6 d2d4 c5d4 f3d4 g8f6 b1c3 g7g6 f1e2 f8g7 e1g1 e8g8 c1e3 b8c6 d4b3 c8e6 f2f4 c6a5
B74	Sicilian Defense: Dragon Variation, Classical Variation, Normal Line	دفاع سیسیلی	e2e4 c7c5 g1f3 d7d6 d2d4 c5d4 f3d4 g8f6 b1c3 g7g6 f1e2 f8g7 e1g1 e8g8 c1e3 b8c6 d4b3
B74	Sicilian Defense: Dragon Variation, Classical Variation, Spielmann Variation	دفاع سیسیلی	e2e4 c7c5 g1f3 b8c6 d2d4 c5d4 f3d4 g7g6 b1c3 f8g7 c1e3 g8f6 f1e2 e8g8 d4b3 d7d6 e1g1 c8e6 f2f4 c6a5 f4f5 e6c4 e2d3
B74	Sicilian Defense: Dragon Variation, Classical Variation, Stockholm Attack	دفاع سیسیلی	e2e4 c7c5 b1c3 d7d6 f2f4 b8c6 g1f3 g7g6 d2d4 c5d4 f3d4 f8g7 c1e3 g8f6 f1e2 e8g8 d4b3 c8e6 e1g1 c6a5 f4f5 e6c4 b3a5 c4e2 d1e2 d8a5 g2g4
B74	Sicilian Defense: Dragon Variation, Classical Variation, Tartakower Line	دفاع سیسیلی	e2e4 c7c5 g1f3 d7d6 d2d4 c5d4 f3d4 g8f6 b1c3 g7g6 f1e2 f8g7 e1g1 e8g8 c1e3 b8c6 d4b3 c8e6 f2f4 d8c8
B75	Sicilian Defense: Dragon Variation, Yugoslav Attack, Belezky Line	دفاع سیسیلی	e2e4 c7c5 g1f3 d7d6 d2d4 c5d4 f3d4 g8f6 b1c3 g7g6 c1e3 f8g7 f2f3 b8c6
B75	Sicilian Defense: Dragon Variation, Yugoslav Attack, Early Deviations	دفاع سیسیلی	e2e4 c7c5 g1f3 d7d6 d2d4 c5d4 f3d4 g8f6 b1c3 g7g6 c1e3 f8g7 f2f3
B75	Sicilian Defense: Dragon Variation, Yugoslav Attack, Hungarian Dragon	دفاع سیسیلی	e2e4 c7c5 g1f3 d7d6 d2d4 c5d4 f3d4 g8f6 b1c3 g7g6 c1e3 b8c6 f2f3 h7h5
B76	Sicilian Defense: Dragon Variation, Yugoslav Attack	دفاع سیسیلی	e2e4 c7c5 g1f3 d7d6 d2d4 c5d4 f3d4 g8f6 b1c3 g7g6 c1e3 f8g7 f2f3 e8g8
B76	Sicilian Defense: Dragon Variation, Yugoslav Attack	دفاع سیسیلی	e2e4 c7c5 g1f3 d7d6 d2d4 c5d4 f3d4 g8f6 b1c3 g7g6 c1e3 f8g7 f2f3 e8g8 d1d2 b8c6
B76	Sicilian Defense: Dragon Variation, Yugoslav Attack, Modern Line	دفاع سیسیلی	e2e4 c7c5 g1f3 d7d6 d2d4 c5d4 f3d4 g8f6 b1c3 g7g6 c1e3 f8g7 f2f3 b8c6 d1d2 e8g8 e1c1
B76	Sicilian Defense: Dragon Variation, Yugoslav Attack, Panov Variation	دفاع سیسیلی	e2e4 c7c5 g1f3 d7d6 d2d4 c5d4 f3d4 g8f6 b1c3 g7g6 c1e3 f8g7 f2f3 e8g8 d1d2 b8c6 g2g4
B77	Sicilian Defense: Dragon Variation, Yugoslav Attack, Byrne Variation	دفاع سیسیلی	e2e4 c7c5 g1f3 d7d6 d2d4 c5d4 f3d4 g8f6 b1c3 g7g6 c1e3 f8g7 f2f3 e8g8 d1d2 b8c6 f1c4 a7a5
B77	Sicilian Defense: Dragon Variation, Yugoslav Attack, Czerniak Variation	دفاع سیسیلی	e2e4 c7c5 g1f3 d7d6 d2d4 c5d4 f3d4 g8f6 b1c3 g7g6 c1e3 f8g7 f2f3 b8c6 d1d2 e8g8 f1c4 c6d4 e3d4 c8e6
B77	Sicilian Defense: Dragon Variation, Yugoslav Attack, Czerniak Variation	دفاع سیسیلی	e2e4 c7c5 g1f3 d7d6 d2d4 c5d4 f3d4 g8f6 b1c3 g7g6 c1e3 f8g7 f2f3 b8c6 d1d2 e8g8 f1c4 c6d4 e3d4 c8e6 c4b3 d8a5
B77	Sicilian Defense: Dragon Variation, Yugoslav Attack, Main Line	دفاع سیسیلی	e2e4 c7c5 g1f3 d7d6 d2d4 c5d4 f3d4 g8f6 b1c3 g7g6 c1e3 f8g7 f2f3 e8g8 d1d2 b8c6 f1c4
B77	Sicilian Defense: Dragon Variation, Yugoslav Attack, Main Line	دفاع سیسیلی	e2e4 c7c5 g1f3 d7d6 d2d4 c5d4 f3d4 g8f6 b1c3 g7g6 c1e3 f8g7 f2f3 e8g8 d1d2 b8c6 f1c4 c8d7
B77	Sicilian Defense: Dragon Variation, Yugoslav Attack, Main Line	دفاع سیسیلی	e2e4 c7c5 g1f3 d7d6 d2d4 c5d4 f3d4 g8f6 b1c3 g7g6 c1e3 f8g7 f2f3 e8g8 d1d2 b8c6 f1c4 c8d7 c4b3
B77	Sicilian Defense: Dragon Variation, Yugoslav Attack, Sosonko Variation	دفاع سیسیلی	e2e4 c7c5 g1f3 d7d6 d2d4 c5d4 f3d4 g8f6 b1c3 g7g6 c1e3 f8g7 f2f3 b8c6 d1d2 e8g8 f1c4 f6d7
B78	Sicilian Defense: Dragon Variation, Yugoslav Attack	دفاع سیسیلی	e2e4 c7c5 g1f3 d7d6 d2d4 c5d4 f3d4 g8f6 b1c3 g7g6 c1e3 f8g7 f2f3 e8g8 d1d2 b8c6 f1c4 c8d7 e1c1
B78	Sicilian Defense: Dragon Variation, Yugoslav Attack, Chinese Dragon	دفاع سیسیلی	e2e4 c7c5 g1f3 d7d6 d2d4 c5d4 f3d4 g8f6 b1c3 g7g6 c1e3 f8g7 f2f3 e8g8 d1d2 b8c6 f1c4 c8d7 e1c1 a8b8
B78	Sicilian Defense: Dragon Variation, Yugoslav Attack, Old Line	دفاع سیسیلی	e2e4 c7c5 g1f3 d7d6 d2d4 c5d4 f3d4 g8f6 b1c3 g7g6 c1e3 f8g7 f2f3 e8g8 d1d2 b8c6 f1c4 c8d7 e1c1 a8c8
B78	Sicilian Defense: Dragon Variation, Yugoslav Attack, Topalov Variation	دفاع سیسیلی	e2e4 c7c5 g1f3 d7d6 d2d4 c5d4 f3d4 g8f6 b1c3 g7g6 c1e3 f8g7 f2f3 e8g8 d1d2 b8c6 f1c4 c8d7 e1c1 a8c8 c4b3 c6d4 e3d4
B79	Sicilian Defense: Dragon Variation, Yugoslav Attack	دفاع سیسیلی	e2e4 c7c5 g1f3 d7d6 d2d4 c5d4 f3d4 g8f6 b1c3 g7g6 c1e3 f8g7 f2f3 e8g8 d1d2 b8c6 f1c4 c8d7 h2h4 d8a5 e1c1 f8c8 c4b3
B79	Sicilian Defense: Dragon Variation, Yugoslav Attack, Soltis Variation	دفاع سیسیلی	e2e4 c7c5 g1f3 d7d6 d2d4 c5d4 f3d4 g8f6 b1c3 g7g6 c1e3 f8g7 f2f3 e8g8 d1d2 b8c6 f1c4 c8d7 e1c1 d8a5 h2h4 f8c8 c4b3 h7h5
B80	Sicilian Defense: Scheveningen Variation	دفاع سیسیلی	e2e4 c7c5 g1f3 e7e6 d2d4 c5d4 f3d4 g8f6 b1c3 d7d6
B80	Sicilian Defense: Scheveningen Variation, English Attack, with Qd2	دفاع سیسیلی	e2e4 c7c5 g1f3 d7d6 d2d4 c5d4 f3d4 g8f6 b1c3 a7a6 c1e3 e7e6 d1d2
B80	Sicilian Defense: Scheveningen Variation, Fianchetto Variation	دفاع سیسیلی	e2e4 c7c5 g1f3 e7e6 d2d4 c5d4 f3d4 g8f6 b1c3 d7d6 g2g3
B80	Sicilian Defense: Scheveningen Variation, Vitolins Variation	دفاع سیسیلی	e2e4 c7c5 g1f3 e7e6 d2d4 c5d4 f3d4 g8f6 b1c3 d7d6 f1b5
B81	Sicilian Defense: Scheveningen Variation, Keres Attack	دفاع سیسیلی	e2e4 c7c5 g1f3 e7e6 d2d4 c5d4 f3d4 g8f6 b1c3 d7d6 g2g4
B82	Sicilian Defense: Scheveningen Variation, Matanovic Attack	دفاع سیسیلی	e2e4 c7c5 g1f3 e7e6 d2d4 c5d4 f3d4 g8f6 b1c3 d7d6 f2f4
B82	Sicilian Defense: Scheveningen Variation, Tal Variation	دفاع سیسیلی	e2e4 c7c5 g1f3 e7e6 d2d4 c5d4 f3d4 g8f6 b1c3 d7d6 f2f4 b8c6 c1e3 f8e7 d1f3
B83	Sicilian Defense: Scheveningen Variation, Classical Variation	دفاع سیسیلی	e2e4 c7c5 g1f3 e7e6 d2d4 c5d4 f3d4 g8f6 b1c3 d7d6 f1e2
B83	Sicilian Defense: Scheveningen Variation, Modern Variation	دفاع سیسیلی	e2e4 c7c5 g1f3 e7e6 d2d4 c5d4 f3d4 b8c6 b1c3 d7d6 f1e2 g8f6
B83	Sicilian Defense: Scheveningen Variation, Modern Variation	دفاع سیسیلی	e2e4 c7c5 g1f3 e7e6 d2d4 c5d4 f3d4 g8f6 b1c3 d7d6 f1e2 f8e7 e1g1 e8g8 f2f4 b8c6 c1e3
B83	Sicilian Defense: Scheveningen Variation, Modern Variation	دفاع سیسیلی	e2e4 c7c5 g1f3 e7e6 d2d4 c5d4 f3d4 g8f6 b1c3 d7d6 f1e2 f8e7 e1g1 e8g8 f2f4 b8c6 c1e3 c8d7 d4b3
B84	Sicilian Defense: Najdorf Variation, Scheveningen Variation	دفاع سیسیلی	e2e4 c7c5 g1f3 d7d6 d2d4 c5d4 f3d4 g8f6 b1c3 a7a6 f1e2 e7e6 e1g1 b8d7
B84	Sicilian Defense: Scheveningen Variation, Classical Variation	دفاع سیسیلی	e2e4 c7c5 g1f3 d7d6 d2d4 c5d4 f3d4 g8f6 b1c3 a7a6 f1e2 e7e6
B84	Sicilian Defense: Scheveningen Variation, Classical Variation	دفاع سیسیلی	e2e4 c7c5 g1f3 d7d6 d2d4 c5d4 f3d4 g8f6 b1c3 a7a6 f1e2 e7e6 e1g1 d8c7
B85	Sicilian Defense: Scheveningen Variation, Classical Main Line	دفاع سیسیلی	e2e4 c7c5 g1f3 e7e6 d2d4 c5d4 f3d4 b8c6 b1c3 d8c7 f1e2 a7a6 e1g1 g8f6 c1e3 f8e7 f2f4 d7d6 d1e1 e8g8
B85	Sicilian Defense: Scheveningen Variation, Classical Variation, Paulsen Variation	دفاع سیسیلی	e2e4 c7c5 g1f3 d7d6 d2d4 c5d4 f3d4 g8f6 b1c3 a7a6 f2f4 e7e6 f1e2 d8c7 e1g1 b8c6
B85	Sicilian Defense: Scheveningen Variation, Classical Variation, Paulsen Variation	دفاع سیسیلی	e2e4 c7c5 g1f3 e7e6 d2d4 c5d4 f3d4 b8c6 b1c3 d8c7 f1e2 a7a6 e1g1 g8f6 c1e3 d7d6 f2f4
B85	Sicilian Defense: Scheveningen Variation, Classical Variation, Paulsen Variation	دفاع سیسیلی	e2e4 c7c5 g1f3 e7e6 d2d4 c5d4 f3d4 b8c6 b1c3 d8c7 f1e2 a7a6 e1g1 g8f6 g1h1 f8e7 f2f4 d7d6 a2a4
B86	Sicilian Defense: Sozin Attack	دفاع سیسیلی	e2e4 c7c5 g1f3 e7e6 d2d4 c5d4 f3d4 g8f6 b1c3 d7d6 f1c4
B87	Sicilian Defense: Sozin Attack, Flank Variation	دفاع سیسیلی	e2e4 c7c5 g1f3 d7d6 d2d4 c5d4 f3d4 g8f6 b1c3 a7a6 f1c4 e7e6 c4b3 b7b5
B88	Sicilian Defense: Sozin Attack, Fischer Variation	دفاع سیسیلی	e2e4 c7c5 g1f3 b8c6 d2d4 c5d4 f3d4 g8f6 b1c3 d7d6 f1c4 e7e6 c4b3 f8e7 c1e3 e8g8 f2f4
B88	Sicilian Defense: Sozin Attack, Leonhardt Variation	دفاع سیسیلی	e2e4 c7c5 g1f3 b8c6 d2d4 c5d4 f3d4 g8f6 b1c3 d7d6 f1c4 e7e6
B89	Sicilian Defense: Sozin Attack, Main Line	دفاع سیسیلی	e2e4 c7c5 g1f3 b8c6 d2d4 c5d4 f3d4 g8f6 b1c3 d7d6 f1c4 e7e6 c1e3
B89	Sicilian Defense: Sozin Attack, Main Line, Sherbakov Variation	دفاع سیسیلی	e2e4 c7c5 g1f3 d7d6 d2d4 c5d4 f3d4 g8f6 b1c3 b8c6 f1c4 e7e6 c1e3 f8e7 c4b3 e8g8 e1g1 c6a5 f2f4 b7b6
B89	Sicilian Defense: Velimirovic Attack	دفاع سیسیلی	e2e4 c7c5 g1f3 b8c6 d2d4 c5d4 f3d4 g8f6 b1c3 d7d6 f1c4 e7e6 c1e3 f8e7 d1e2
B90	Sicilian Defense: Najdorf Variation	دفاع سیسیلی	e2e4 c7c5 g1f3 d7d6 d2d4 c5d4 f3d4 g8f6 b1c3 a7a6
B90	Sicilian Defense: Najdorf Variation, Adams Attack	دفاع سیسیلی	e2e4 c7c5 g1f3 d7d6 d2d4 c5d4 f3d4 g8f6 b1c3 a7a6 h2h3
B90	Sicilian Defense: Najdorf Variation, Dekker Gambit	دفاع سیسیلی	e2e4 c7c5 g1f3 d7d6 d2d4 c5d4 f3d4 g8f6 b1c3 a7a6 g2g4
B90	Sicilian Defense: Najdorf Variation, English Attack	دفاع سیسیلی	e2e4 c7c5 g1f3 d7d6 d2d4 c5d4 f3d4 g8f6 b1c3 a7a6 c1e3
B90	Sicilian Defense: Najdorf Variation, English Attack	دفاع سیسیلی	e2e4 c7c5 g1f3 d7d6 d2d4 c5d4 f3d4 g8f6 b1c3 a7a6 c1e3 e7e5 d4b3 c8e6 f2f3
B90	Sicilian Defense: Najdorf Variation, English Attack	دفاع سیسیلی	e2e4 c7c5 g1f3 d7d6 d2d4 c5d4 f3d4 g8f6 b1c3 a7a6 c1e3 e7e5 d4b3 f8e7 f2f3
B90	Sicilian Defense: Najdorf Variation, English Attack	دفاع سیسیلی	e2e4 c7c5 g1f3 d7d6 d2d4 c5d4 f3d4 g8f6 b1c3 a7a6 c1e3 e7e5 d4b3 c8e6 h2h3
B90	Sicilian Defense: Najdorf Variation, English Attack	دفاع سیسیلی	e2e4 c7c5 g1f3 d7d6 d2d4 c5d4 f3d4 g8f6 b1c3 a7a6 c1e3 e7e5 d4b3 f8e7 h2h3
B90	Sicilian Defense: Najdorf Variation, English Attack, Anti-English	دفاع سیسیلی	e2e4 c7c5 g1f3 d7d6 d2d4 c5d4 f3d4 g8f6 b1c3 a7a6 c1e3 f6g4
B90	Sicilian Defense: Najdorf Variation, Lipnitsky Attack	دفاع سیسیلی	e2e4 c7c5 g1f3 d7d6 d2d4 c5d4 f3d4 g8f6 b1c3 a7a6 f1c4
B90	Sicilian Defense: Najdorf Variation, Petronić Attack	دفاع سیسیلی	e2e4 c7c5 g1f3 d7d6 d2d4 c5d4 f3d4 g8f6 b1c3 a7a6 h1g1
B90	Sicilian Defense: Najdorf Variation, Yates Variation	دفاع سیسیلی	e2e4 c7c5 g1f3 d7d6 d2d4 c5d4 f3d4 g8f6 b1c3 a7a6 f1d3
B90	Sicilian Defense: Scheveningen Variation, Delayed Keres Attack	دفاع سیسیلی	e2e4 c7c5 g1f3 d7d6 d2d4 c5d4 f3d4 g8f6 b1c3 a7a6 c1e3 e7e6 g2g4
B90	Sicilian Defense: Scheveningen Variation, Delayed Keres Attack, Perenyi Gambit	دفاع سیسیلی	e2e4 c7c5 g1f3 d7d6 d2d4 c5d4 f3d4 g8f6 b1c3 a7a6 c1e3 e7e6 g2g4 e6e5 d4f5 g7g6 g4g5
B90	Sicilian Defense: Scheveningen Variation, English Attack, with f3	دفاع سیسیلی	e2e4 c7c5 g1f3 d7d6 d2d4 c5d4 f3d4 g8f6 b1c3 a7a6 c1e3 e7e6 f2f3
B91	Sicilian Defense: Najdorf Variation, Zagreb Variation	دفاع سیسیلی	e2e4 c7c5 g1f3 d7d6 d2d4 c5d4 f3d4 g8f6 b1c3 a7a6 g2g3
B92	Sicilian Defense: Najdorf Variation, Opocensky Variation	دفاع سیسیلی	e2e4 c7c5 g1f3 d7d6 d2d4 c5d4 f3d4 g8f6 b1c3 a7a6 f1e2
B92	Sicilian Defense: Najdorf Variation, Opocensky Variation	دفاع سیسیلی	e2e4 c7c5 g1f3 g8f6 b1c3 d7d6 d2d4 c5d4 f3d4 a7a6 f1e2 e7e5 d4b3 c8e6 c1e3
B92	Sicilian Defense: Najdorf Variation, Opocensky Variation, Modern Line	دفاع سیسیلی	e2e4 c7c5 g1f3 d7d6 d2d4 c5d4 f3d4 g8f6 b1c3 a7a6 f1e2 e7e5 d4b3 f8e7 e1g1 c8e6
B92	Sicilian Defense: Najdorf Variation, Opocensky Variation, Traditional Line	دفاع سیسیلی	e2e4 c7c5 g1f3 d7d6 d2d4 c5d4 f3d4 g8f6 b1c3 a7a6 f1e2 e7e5 d4b3 f8e7 e1g1 e8g8
B93	Sicilian Defense: Najdorf Variation, Amsterdam Variation	دفاع سیسیلی	e2e4 c7c5 g1f3 d7d6 d2d4 c5d4 f3d4 g8f6 b1c3 a7a6 f2f4
B94	Sicilian Defense: Najdorf Variation	دفاع سیسیلی	e2e4 c7c5 g1f3 d7d6 d2d4 c5d4 f3d4 g8f6 b1c3 a7a6 c1g5
B94	Sicilian Defense: Najdorf Variation, Ivkov Variation	دفاع سیسیلی	e2e4 c7c5 g1f3 d7d6 d2d4 c5d4 f3d4 g8f6 b1c3 a7a6 c1g5 b8d7 f1c4 d8a5 d1d2 e7e6 e1c1 b7b5 c4b3 c8b7 h1e1 d7c5 e4e5
B95	Sicilian Defense: Najdorf Variation	دفاع سیسیلی	e2e4 c7c5 g1f3 d7d6 d2d4 c5d4 f3d4 g8f6 b1c3 a7a6 c1g5 e7e6
B96	Sicilian Defense: Najdorf Variation	دفاع سیسیلی	e2e4 c7c5 g1f3 d7d6 d2d4 c5d4 f3d4 g8f6 b1c3 a7a6 c1g5 e7e6 f2f4
B96	Sicilian Defense: Najdorf Variation, Neo-Classical Defense	دفاع سیسیلی	e2e4 c7c5 g1f3 d7d6 d2d4 c5d4 f3d4 g8f6 b1c3 a7a6 c1g5 e7e6 f2f4 b8c6
B96	Sicilian Defense: Najdorf Variation, Polugaevsky Variation	دفاع سیسیلی	e2e4 c7c5 g1f3 d7d6 d2d4 c5d4 f3d4 g8f6 b1c3 a7a6 c1g5 e7e6 f2f4 b7b5
B96	Sicilian Defense: Najdorf Variation, Polugaevsky Variation, Simagin Line	دفاع سیسیلی	e2e4 c7c5 g1f3 d7d6 d2d4 c5d4 f3d4 g8f6 b1c3 a7a6 c1g5 e7e6 f2f4 b7b5 e4e5 d6e5 f4e5 d8c7 d1e2
B97	Sicilian Defense: Najdorf Variation, Poisoned Pawn Accepted	دفاع سیسیلی	e2e4 c7c5 g1f3 d7d6 d2d4 c5d4 f3d4 g8f6 b1c3 a7a6 c1g5 e7e6 f2f4 d8b6 d1d2 b6b2 a1b1 b2a3
B97	Sicilian Defense: Najdorf Variation, Poisoned Pawn Variation	دفاع سیسیلی	e2e4 c7c5 g1f3 d7d6 d2d4 c5d4 f3d4 g8f6 b1c3 a7a6 c1g5 e7e6 f2f4 d8b6
B98	Sicilian Defense: Najdorf Variation	دفاع سیسیلی	e2e4 c7c5 g1f3 d7d6 d2d4 c5d4 f3d4 g8f6 b1c3 a7a6 c1g5 e7e6 f2f4 f8e7
B98	Sicilian Defense: Najdorf Variation, Browne Variation	دفاع سیسیلی	e2e4 c7c5 g1f3 d7d6 d2d4 c5d4 f3d4 g8f6 b1c3 a7a6 c1g5 e7e6 f2f4 f8e7 d1f3 h7h6 g5h4 d8c7
B98	Sicilian Defense: Najdorf Variation, Goteborg Variation	دفاع سیسیلی	e2e4 c7c5 g1f3 d7d6 d2d4 c5d4 f3d4 g8f6 b1c3 a7a6 c1g5 e7e6 f2f4 f8e7 d1f3 h7h6 g5h4 g7g5
B98	Sicilian Defense: Najdorf Variation, Traditional Line	دفاع سیسیلی	e2e4 c7c5 g1f3 d7d6 d2d4 c5d4 f3d4 g8f6 b1c3 a7a6 c1g5 e7e6 f2f4 f8e7 d1f3 d8c7
B99	Sicilian Defense: Najdorf Variation, Main Line	دفاع سیسیلی	e2e4 c7c5 g1f3 d7d6 d2d4 c5d4 f3d4 g8f6 b1c3 a7a6 c1g5 e7e6 f2f4 f8e7 d1f3 d8c7 e1c1 b8d7
C00	French Defense	دفاع فرانسوی	e2e4 e7e6
C00	French Defense	دفاع فرانسوی	e2e4 e7e6 d2d4 d7d5
C00	French Defense: Alapin Gambit	دفاع فرانسوی	e2e4 e7e6 d2d4 d7d5 c1e3
C00	French Defense: Baeuerle Gambit	دفاع فرانسوی	e2e4 e7e6 d2d4 b7b5
C00	French Defense: Banzai-Leong Gambit	دفاع فرانسوی	e2e4 e7e6 b2b4
C00	French Defense: Banzai-Leong Gambit, Pinova Gambit	دفاع فرانسوی	e2e4 e7e6 b2b4 f8b4 e4e5
C00	French Defense: Bird Invitation	دفاع فرانسوی	e2e4 e7e6 f1b5
C00	French Defense: Carlson Gambit	دفاع فرانسوی	e2e4 e7e6 d2d4 d7d5 g1f3 d5e4 f3e5
C00	French Defense: Chigorin Variation	دفاع فرانسوی	e2e4 e7e6 d1e2
C00	French Defense: Diemer-Duhm Gambit	دفاع فرانسوی	e2e4 e7e6 d2d4 d7d5 c2c4
C00	French Defense: Diemer-Duhm Gambit Accepted	دفاع فرانسوی	e2e4 e7e6 d2d4 d7d5 c2c4 d5e4
C00	French Defense: Franco-Hiva Gambit	دفاع فرانسوی	e2e4 e7e6 d2d4 f7f5
C00	French Defense: Franco-Hiva Gambit Accepted	دفاع فرانسوی	e2e4 e7e6 d2d4 f7f5 e4f5
C00	French Defense: Franco-Sicilian Defense	دفاع فرانسوی	e2e4 e7e6 d2d4 c7c5
C00	French Defense: Hoffmann Gambit	دفاع فرانسوی	e2e4 e7e6 d2d4 d7d5 d1e2 e6e5 f2f4 e5f4
C00	French Defense: Horwitz Attack	دفاع فرانسوی	e2e4 e7e6 b2b3
C00	French Defense: Horwitz Attack, Papa-Ticulat Gambit	دفاع فرانسوی	e2e4 e7e6 b2b3 d7d5 c1b2
C00	French Defense: King's Indian Attack	دفاع فرانسوی	e2e4 e7e6 d2d3
C00	French Defense: King's Indian Attack, Franco-Hiva Gambit	دفاع فرانسوی	e2e4 e7e6 d2d3 f7f5
C00	French Defense: Knight Variation	دفاع فرانسوی	e2e4 e7e6 g1f3
C00	French Defense: Knight Variation, Franco-Hiva Gambit	دفاع فرانسوی	e2e4 e7e6 g1f3 f7f5
C00	French Defense: La Bourdonnais Variation	دفاع فرانسوی	e2e4 e7e6 f2f4
C00	French Defense: La Bourdonnais Variation, Reuter Gambit	دفاع فرانسوی	e2e4 e7e6 f2f4 d7d5 g1f3 d5e4
C00	French Defense: Mediterranean Defense	دفاع فرانسوی	e2e4 e7e6 d2d4 g8f6
C00	French Defense: Morphy Gambit	دفاع فرانسوی	e2e4 e7e6 d2d4 d7d5 g1h3
C00	French Defense: Normal Variation	دفاع فرانسوی	e2e4 e7e6 d2d4
C00	French Defense: Orthoschnapp Gambit	دفاع فرانسوی	e2e4 e7e6 c2c4 d7d5 c4d5 e6d5 d1b3
C00	French Defense: Pelikan Variation	دفاع فرانسوی	e2e4 e7e6 b1c3 d7d5 f2f4
C00	French Defense: Perseus Gambit	دفاع فرانسوی	e2e4 e7e6 d2d4 d7d5 g1f3
C00	French Defense: Queen's Knight	دفاع فرانسوی	e2e4 e7e6 b1c3
C00	French Defense: Reversed Philidor Formation	دفاع فرانسوی	e2e4 e7e6 d2d3 d7d5 b1d2 g8f6 g1f3 b8c6 f1e2
C00	French Defense: Réti-Spielmann Attack	دفاع فرانسوی	e2e4 e7e6 g2g3
C00	French Defense: Schlechter Variation	دفاع فرانسوی	e2e4 e7e6 d2d4 d7d5 f1d3
C00	French Defense: St. George Defense	دفاع فرانسوی	e2e4 e7e6 d2d4 a7a6
C00	French Defense: St. George Defense, Sanky-George Gambit	دفاع فرانسوی	e2e4 e7e6 d2d4 a7a6 c2c4 b7b5
C00	French Defense: St. George Defense, St. George Gambit	دفاع فرانسوی	e2e4 e7e6 d2d4 a7a6 c2c4 b7b5 c4b5 a6b5
C00	French Defense: St. George Defense, Three Pawn Attack	دفاع فرانسوی	e2e4 e7e6 d2d4 a7a6 c2c4
C00	French Defense: St. George Defense, Traditional Line	دفاع فرانسوی	e2e4 e7e6 d2d4 a7a6 g1f3 b7b5 f1d3 c7c5 c2c3 c8b7 e1g1 g8f6
C00	French Defense: Steiner Variation	دفاع فرانسوی	e2e4 e7e6 c2c4
C00	French Defense: Steinitz Attack	دفاع فرانسوی	e2e4 e7e6 e4e5
C00	French Defense: Two Knights Variation	دفاع فرانسوی	e2e4 e7e6 g1f3 d7d5 b1c3
C00	French Defense: Wing Gambit	دفاع فرانسوی	e2e4 e7e6 g1f3 d7d5 e4e5 c7c5 b2b4
C00	Rat Defense: Small Center Defense	دفاع موش	d2d4 e7e6 e2e4 d7d6
C01	French Defense: Exchange Variation	دفاع فرانسوی	e2e4 e7e6 d2d4 d7d5 e4d5
C01	French Defense: Exchange Variation	دفاع فرانسوی	e2e4 e7e6 d2d4 d7d5 e4d5 e6d5 g1f3
C01	French Defense: Exchange Variation	دفاع فرانسوی	e2e4 e7e6 d2d4 d7d5 e4d5 e6d5 b1c3
C01	French Defense: Exchange Variation, Bogoljubow Variation	دفاع فرانسوی	e2e4 e7e6 d2d4 d7d5 e4d5 e6d5 b1c3 g8f6 c1g5 b8c6
C01	French Defense: Exchange Variation, Monte Carlo Variation	دفاع فرانسوی	e2e4 e7e6 d2d4 d7d5 e4d5 e6d5 c2c4
C01	French Defense: Exchange Variation, Svenonius Variation	دفاع فرانسوی	e2e4 e7e6 d2d4 d7d5 b1c3 g8f6 e4d5 e6d5 c1g5
C02	French Defense: Advance Variation	دفاع فرانسوی	e2e4 e7e6 d2d4 d7d5 e4e5
C02	French Defense: Advance Variation	دفاع فرانسوی	e2e4 e7e6 d2d4 d7d5 e4e5 c7c5
C02	French Defense: Advance Variation	دفاع فرانسوی	e2e4 e7e6 d2d4 d7d5 e4e5 c7c5 c2c3
C02	French Defense: Advance Variation	دفاع فرانسوی	e2e4 e7e6 d2d4 d7d5 e4e5 c7c5 c2c3 b8c6
C02	French Defense: Advance Variation, Euwe Variation	دفاع فرانسوی	e2e4 e7e6 d2d4 d7d5 e4e5 c7c5 c2c3 b8c6 g1f3 c8d7
C02	French Defense: Advance Variation, Extended Bishop Swap	دفاع فرانسوی	e2e4 e7e6 d2d4 d7d5 e4e5 c8d7
C02	French Defense: Advance Variation, Frenkel Gambit	دفاع فرانسوی	e2e4 e7e6 d2d4 d7d5 e4e5 c7c5 b2b4
C02	French Defense: Advance Variation, Kupreichik Variation	دفاع فرانسوی	e2e4 e7e6 d2d4 d7d5 e4e5 c7c5 c2c3 b8c6 c1e3
C02	French Defense: Advance Variation, Lputian Variation	دفاع فرانسوی	e2e4 e7e6 d2d4 d7d5 e4e5 c7c5 c2c3 b8c6 g1f3 d8b6 a2a3 g8h6
C02	French Defense: Advance Variation, Main Line	دفاع فرانسوی	e2e4 e7e6 d2d4 d7d5 e4e5 c7c5 c2c3 b8c6 g1f3 d8b6 a2a3
C02	French Defense: Advance Variation, Milner-Barry Gambit	دفاع فرانسوی	e2e4 e7e6 d2d4 d7d5 e4e5 c7c5 c2c3 b8c6 g1f3 d8b6 f1d3
C02	French Defense: Advance Variation, Milner-Barry Gambit, Hector Variation	دفاع فرانسوی	e2e4 e7e6 d2d4 d7d5 e4e5 c7c5 c2c3 b8c6 g1f3 d8b6 f1d3 c5d4 e1g1
C02	French Defense: Advance Variation, Milner-Barry Gambit, Hector Variation	دفاع فرانسوی	e2e4 e7e6 d2d4 d7d5 e4e5 c7c5 c2c3 b8c6 g1f3 d8b6 f1d3 c5d4 e1g1 c8d7 f1e1
C02	French Defense: Advance Variation, Milner-Barry Gambit, Main Line	دفاع فرانسوی	e2e4 e7e6 d2d4 d7d5 e4e5 c7c5 c2c3 b8c6 g1f3 d8b6 f1d3 c5d4 c3d4 c8d7 e1g1
C02	French Defense: Advance Variation, Milner-Barry Gambit, Sørensen Variation	دفاع فرانسوی	e2e4 e7e6 d2d4 d7d5 e4e5 c7c5 c2c3 b8c6 g1f3 d8b6 f1d3 c5d4 c3d4 c8d7 e1g1 c6d4 f3g5
C02	French Defense: Advance Variation, Nimzowitsch Attack	دفاع فرانسوی	e2e4 e7e6 d2d4 d7d5 e4e5 c7c5 d1g4
C02	French Defense: Advance Variation, Nimzowitsch Gambit	دفاع فرانسوی	e2e4 e7e6 d2d4 d7d5 e4e5 c7c5 d1g4 c5d4 g1f3
C02	French Defense: Advance Variation, Nimzowitsch System	دفاع فرانسوی	e2e4 e7e6 d2d4 d7d5 e4e5 c7c5 g1f3
C02	French Defense: Advance Variation, Paulsen Attack	دفاع فرانسوی	e2e4 e7e6 d2d4 d7d5 e4e5 c7c5 c2c3 b8c6 g1f3
C02	French Defense: Advance Variation, Ruisdonk Gambit	دفاع فرانسوی	e2e4 e7e6 d2d4 d7d5 e4e5 c7c5 g1f3 c5d4 f1d3
C02	French Defense: Advance Variation, Steinitz Variation	دفاع فرانسوی	e2e4 e7e6 d2d4 d7d5 e4e5 c7c5 d4c5
C02	French Defense: Advance Variation, Wade Variation	دفاع فرانسوی	e2e4 e7e6 d2d4 d7d5 e4e5 c7c5 c2c3 d8b6 g1f3 c8d7
C03	French Defense: Tarrasch Variation	دفاع فرانسوی	e2e4 e7e6 d2d4 d7d5 b1d2
C03	French Defense: Tarrasch Variation, Guimard Defense	دفاع فرانسوی	e2e4 e7e6 d2d4 d7d5 b1d2 b8c6
C03	French Defense: Tarrasch Variation, Guimard Defense, Thunderbunny Variation	دفاع فرانسوی	e2e4 e7e6 d2d4 d7d5 b1d2 b8c6 c2c3 d5e4 d2e4 e6e5
C03	French Defense: Tarrasch Variation, Haberditz Variation	دفاع فرانسوی	e2e4 e7e6 d2d4 d7d5 b1d2 f7f5
C03	French Defense: Tarrasch Variation, Modern System	دفاع فرانسوی	e2e4 e7e6 d2d4 d7d5 b1d2 a7a6
C03	French Defense: Tarrasch Variation, Morozevich Variation	دفاع فرانسوی	e2e4 e7e6 d2d4 d7d5 b1d2 f8e7
C04	French Defense: Tarrasch Variation, Guimard Defense, Main Line	دفاع فرانسوی	e2e4 e7e6 d2d4 d7d5 b1d2 b8c6 g1f3 g8f6
C05	French Defense: Tarrasch Variation, Botvinnik Variation	دفاع فرانسوی	e2e4 e7e6 d2d4 d7d5 b1d2 g8f6 e4e5 f6d7 f1d3 c7c5 c2c3 b7b6
C05	French Defense: Tarrasch Variation, Closed Variation	دفاع فرانسوی	e2e4 e7e6 d2d4 d7d5 b1d2 g8f6
C05	French Defense: Tarrasch Variation, Closed Variation	دفاع فرانسوی	e2e4 e7e6 d2d4 d7d5 b1d2 g8f6 e4e5 f6d7 f1d3 c7c5 c2c3 b8c6
C05	French Defense: Tarrasch Variation, Pawn Center Variation	دفاع فرانسوی	e2e4 e7e6 d2d4 d7d5 b1d2 g8f6 e4e5 f6d7 f2f4
C06	French Defense: Tarrasch Variation, Closed Variation, Main Line	دفاع فرانسوی	e2e4 e7e6 d2d4 d7d5 b1d2 g8f6 e4e5 f6d7 f1d3 c7c5 c2c3 b8c6 g1e2 c5d4 c3d4
C06	French Defense: Tarrasch Variation, Leningrad Variation	دفاع فرانسوی	e2e4 e7e6 d2d4 d7d5 b1d2 g8f6 e4e5 f6d7 f1d3 c7c5 c2c3 b8c6 g1e2 c5d4 c3d4 d7b6
C07	French Defense: Tarrasch Variation, Chistyakov Defense	دفاع فرانسوی	e2e4 e7e6 d2d4 d7d5 b1d2 c7c5 e4d5 d8d5
C07	French Defense: Tarrasch Variation, Chistyakov Defense, Modern Line	دفاع فرانسوی	e2e4 e7e6 d2d4 d7d5 b1d2 c7c5 e4d5 d8d5 g1f3 c5d4 f1c4 d5d6 e1g1 g8f6 d2b3 b8c6 b3d4 c6d4 f3d4 a7a6
C07	French Defense: Tarrasch Variation, Eliskases Variation	دفاع فرانسوی	e2e4 e7e6 d2d4 d7d5 b1d2 c7c5 e4d5 d8d5 g1f3 c5d4 f1c4 d5d8
C07	French Defense: Tarrasch Variation, Open System	دفاع فرانسوی	e2e4 e7e6 d2d4 d7d5 b1d2 c7c5
C07	French Defense: Tarrasch Variation, Open System, Euwe-Keres Line	دفاع فرانسوی	e2e4 e7e6 d2d4 d7d5 b1d2 c7c5 g1f3
C07	French Defense: Tarrasch Variation, Open System, Shaposhnikov Gambit	دفاع فرانسوی	e2e4 e7e6 d2d4 d7d5 b1d2 c7c5 e4d5 g8f6
C07	French Defense: Tarrasch Variation, Open System, Süchting Line	دفاع فرانسوی	e2e4 e7e6 d2d4 d7d5 b1d2 c7c5 c2c3
C08	French Defense: Tarrasch Variation, Open System	دفاع فرانسوی	e2e4 e7e6 d2d4 d7d5 b1d2 c7c5 e4d5 e6d5
C08	French Defense: Tarrasch Variation, Open System, Advance Line	دفاع فرانسوی	e2e4 e7e6 d2d4 d7d5 b1d2 c7c5 e4d5 e6d5 g1f3 c5c4
C09	French Defense: Tarrasch Variation, Open System, Main Line	دفاع فرانسوی	e2e4 e7e6 d2d4 d7d5 b1d2 c7c5 e4d5 e6d5 g1f3 b8c6
C09	French Defense: Tarrasch Variation, Open System, Main Line	دفاع فرانسوی	e2e4 e7e6 d2d4 d7d5 b1d2 c7c5 e4d5 e6d5 g1f3 b8c6 f1b5 f8d6 d4c5 d6c5 e1g1 g8e7 c2c3
C10	French Defense: Hecht-Reefschläger Variation	دفاع فرانسوی	e2e4 e7e6 d2d4 d7d5 b1c3 b8c6
C10	French Defense: Marshall Gambit	دفاع فرانسوی	e2e4 e7e6 d2d4 d7d5 b1c3 c7c5
C10	French Defense: Paulsen Variation	دفاع فرانسوی	e2e4 e7e6 d2d4 d7d5 b1c3
C10	French Defense: Rubinstein Variation	دفاع فرانسوی	e2e4 e7e6 d2d4 d7d5 b1c3 d5e4
C10	French Defense: Rubinstein Variation, Blackburne Defense	دفاع فرانسوی	e2e4 e7e6 d2d4 d7d5 b1c3 d5e4 c3e4 b8d7
C10	French Defense: Rubinstein Variation, Capablanca Line	دفاع فرانسوی	e2e4 e7e6 d2d4 d7d5 b1c3 d5e4 c3e4 b8d7 g1f3 g8f6 e4f6 d7f6 f3e5
C10	French Defense: Rubinstein Variation, Ellis Gambit	دفاع فرانسوی	e2e4 e7e6 d2d4 d7d5 b1c3 d5e4 c3e4 e6e5
C10	French Defense: Rubinstein Variation, Fort Knox Variation	دفاع فرانسوی	e2e4 e7e6 d2d4 d7d5 b1c3 d5e4 c3e4 c8d7 g1f3 d7c6
C10	French Defense: Rubinstein Variation, Kasparov Attack	دفاع فرانسوی	e2e4 e7e6 d2d4 d7d5 b1d2 d5e4 d2e4 b8d7 g1f3 g8f6 e4f6 d7f6 c2c3
C10	French Defense: Rubinstein Variation, Maric Variation	دفاع فرانسوی	e2e4 e7e6 d2d4 d7d5 b1c3 d5e4 c3e4 d8d5
C11	French Defense: Classical Variation	دفاع فرانسوی	e2e4 e7e6 d2d4 d7d5 b1c3 g8f6
C11	French Defense: Classical Variation	دفاع فرانسوی	e2e4 e7e6 d2d4 d7d5 b1c3 g8f6 c1g5
C11	French Defense: Classical Variation, Burn Variation	دفاع فرانسوی	e2e4 e7e6 d2d4 d7d5 b1c3 g8f6 c1g5 d5e4
C11	French Defense: Classical Variation, Burn Variation, Main Line	دفاع فرانسوی	e2e4 e7e6 d2d4 d7d5 b1c3 g8f6 c1g5 d5e4 c3e4 f8e7 g5f6 e7f6 g1f3 e8g8
C11	French Defense: Classical Variation, Burn Variation, Morozevich Line	دفاع فرانسوی	e2e4 e7e6 d2d4 d7d5 b1c3 g8f6 c1g5 d5e4 c3e4 f8e7 g5f6 g7f6
C11	French Defense: Classical Variation, Delayed Exchange Variation	دفاع فرانسوی	e2e4 e7e6 d2d4 d7d5 b1c3 g8f6 e4d5
C11	French Defense: Classical Variation, Shirov-Anand Variation	دفاع فرانسوی	e2e4 e7e6 d2d4 d7d5 b1c3 g8f6 e4e5 f6d7 c3e2
C11	French Defense: Classical Variation, Steinitz Variation	دفاع فرانسوی	e2e4 e7e6 d2d4 d7d5 b1c3 g8f6 e4e5
C11	French Defense: Classical Variation, Swiss Variation	دفاع فرانسوی	e2e4 e7e6 d2d4 d7d5 b1c3 g8f6 f1d3
C11	French Defense: Henneberger Variation	دفاع فرانسوی	e2e4 e7e6 d2d4 d7d5 b1c3 g8f6 c1e3
C11	French Defense: Steinitz Variation	دفاع فرانسوی	e2e4 e7e6 d2d4 d7d5 b1c3 a7a6 g1f3 g8f6 e4e5 f6d7
C11	French Defense: Steinitz Variation	دفاع فرانسوی	e2e4 e7e6 d2d4 d7d5 b1c3 a7a6 g1f3 g8f6 e4e5 f6d7 a2a3
C11	French Defense: Steinitz Variation	دفاع فرانسوی	e2e4 e7e6 d2d4 d7d5 b1c3 a7a6 g1f3 g8f6 e4e5 f6d7 c3e2
C11	French Defense: Steinitz Variation	دفاع فرانسوی	e2e4 e7e6 d2d4 d7d5 b1c3 g8f6 e4e5 f6d7 f2f4 c7c5 d4c5 b8c6
C11	French Defense: Steinitz Variation	دفاع فرانسوی	e2e4 e7e6 d2d4 d7d5 b1c3 g8f6 e4e5 f6d7 f2f4 c7c5 g1f3
C11	French Defense: Steinitz Variation, Boleslavsky Variation	دفاع فرانسوی	e2e4 e7e6 d2d4 d7d5 b1c3 g8f6 e4e5 f6d7 f2f4 c7c5 g1f3 b8c6 c1e3
C11	French Defense: Steinitz Variation, Bradford Attack Variation	دفاع فرانسوی	e2e4 e7e6 d2d4 d7d5 b1c3 g8f6 e4e5 f6d7 f2f4 c7c5 d4c5 f8c5 d1g4
C11	French Defense: Steinitz Variation, Brodsky-Jones Variation	دفاع فرانسوی	e2e4 e7e6 d2d4 d7d5 b1c3 g8f6 e4e5 f6d7 f2f4 c7c5 d4c5 b8c6 a2a3 f8c5 d1g4 e8g8 g1f3 f7f6
C11	French Defense: Steinitz Variation, Gledhill Attack	دفاع فرانسوی	e2e4 e7e6 d2d4 d7d5 b1c3 g8f6 e4e5 f6d7 d1g4
C12	French Defense: McCutcheon Variation	دفاع فرانسوی	e2e4 e7e6 d2d4 d7d5 b1c3 g8f6 c1g5 f8b4
C12	French Defense: McCutcheon Variation, Advance Variation	دفاع فرانسوی	e2e4 e7e6 d2d4 d7d5 b1c3 g8f6 c1g5 f8b4 e4e5
C12	French Defense: McCutcheon Variation, Bernstein Variation	دفاع فرانسوی	e2e4 e7e6 d2d4 d7d5 b1c3 g8f6 c1g5 f8b4 e4e5 h7h6 g5h4
C12	French Defense: McCutcheon Variation, Bogoljubow Variation	دفاع فرانسوی	e2e4 e7e6 d2d4 d7d5 b1c3 g8f6 c1g5 f8b4 e4d5 d8d5 g5f6 g7f6 d1d2 d5a5
C12	French Defense: McCutcheon Variation, Chigorin Variation	دفاع فرانسوی	e2e4 e7e6 d2d4 d7d5 b1c3 g8f6 c1g5 f8b4 e4e5 h7h6 e5f6
C12	French Defense: McCutcheon Variation, Dr. Olland Variation	دفاع فرانسوی	e2e4 e7e6 d2d4 d7d5 b1c3 g8f6 c1g5 f8b4 e4e5 h7h6 g5c1
C12	French Defense: McCutcheon Variation, Duras Variation	دفاع فرانسوی	e2e4 e7e6 b1c3 d7d5 d2d4 g8f6 c1g5 f8b4 e4e5 h7h6 g5d2 b4c3 b2c3 f6e4 d1g4 e8f8 d2c1
C12	French Defense: McCutcheon Variation, Exchange Variation	دفاع فرانسوی	e2e4 e7e6 d2d4 d7d5 b1c3 g8f6 c1g5 f8b4 e4d5
C12	French Defense: McCutcheon Variation, Grigoriev Variation	دفاع فرانسوی	e2e4 e7e6 d2d4 d7d5 b1c3 g8f6 c1g5 f8b4 e4e5 h7h6 e5f6 h6g5 f6g7 h8g8 h2h4 g5h4 d1g4
C12	French Defense: McCutcheon Variation, Janowski Variation	دفاع فرانسوی	e2e4 e7e6 d2d4 d7d5 b1c3 g8f6 c1g5 f8b4 e4e5 h7h6 g5e3
C12	French Defense: McCutcheon Variation, Lasker Variation	دفاع فرانسوی	e2e4 e7e6 d2d4 d7d5 b1c3 g8f6 c1g5 f8b4 e4e5 h7h6 g5d2 b4c3
C12	French Defense: McCutcheon Variation, Lasker Variation	دفاع فرانسوی	e2e4 e7e6 d2d4 d7d5 b1c3 g8f6 c1g5 f8b4 e4e5 h7h6 g5d2 b4c3 b2c3 f6e4 d1g4 g7g6
C12	French Defense: McCutcheon Variation, Tartakower Variation	دفاع فرانسوی	e2e4 e7e6 d2d4 d7d5 b1c3 g8f6 c1g5 f8b4 e4e5 h7h6 g5d2 f6d7
C13	French Defense: Alekhine-Chatard Attack	دفاع فرانسوی	e2e4 e7e6 d2d4 d7d5 b1c3 g8f6 c1g5 f8e7 e4e5 f6d7 h2h4
C13	French Defense: Alekhine-Chatard Attack, Albin-Chatard Gambit	دفاع فرانسوی	e2e4 e7e6 d2d4 d7d5 b1c3 g8f6 c1g5 f8e7 e4e5 f6d7 h2h4 e7g5 h4g5 d8g5
C13	French Defense: Alekhine-Chatard Attack, Breyer Variation	دفاع فرانسوی	e2e4 e7e6 d2d4 d7d5 b1c3 g8f6 c1g5 f8e7 e4e5 f6d7 h2h4 c7c5
C13	French Defense: Alekhine-Chatard Attack, Maróczy Variation	دفاع فرانسوی	e2e4 e7e6 d2d4 d7d5 b1c3 g8f6 c1g5 f8e7 e4e5 f6d7 h2h4 a7a6
C13	French Defense: Alekhine-Chatard Attack, Spielmann Variation	دفاع فرانسوی	e2e4 e7e6 d2d4 d7d5 b1c3 g8f6 c1g5 f8e7 e4e5 f6d7 h2h4 e8g8
C13	French Defense: Alekhine-Chatard Attack, Teichmann Variation	دفاع فرانسوی	e2e4 e7e6 d2d4 d7d5 b1c3 g8f6 c1g5 f8e7 e4e5 f6d7 h2h4 f7f6
C13	French Defense: Classical Variation	دفاع فرانسوی	e2e4 e7e6 d2d4 d7d5 b1c3 g8f6 c1g5 d5e4 c3e4 f8e7
C13	French Defense: Classical Variation, Frankfurt Variation	دفاع فرانسوی	e2e4 e7e6 d2d4 d7d5 b1c3 g8f6 c1g5 f8e7 e4e5 f6g8 g5e3 b7b6
C13	French Defense: Classical Variation, Normal Variation	دفاع فرانسوی	e2e4 e7e6 d2d4 d7d5 b1c3 g8f6 c1g5 f8e7
C13	French Defense: Classical Variation, Richter Attack	دفاع فرانسوی	e2e4 e7e6 d2d4 d7d5 b1c3 g8f6 c1g5 f8e7 g5f6
C13	French Defense: Classical Variation, Richter Attack	دفاع فرانسوی	e2e4 e7e6 d2d4 d7d5 b1c3 g8f6 c1g5 f8e7 g5f6 e7f6 e4e5 f6e7 d1g4
C13	French Defense: Classical Variation, Tartakower Variation	دفاع فرانسوی	e2e4 e7e6 d2d4 d7d5 b1c3 g8f6 c1g5 f8e7 e4e5 f6e4
C13	French Defense: Classical Variation, Vistaneckis Variation	دفاع فرانسوی	e2e4 e7e6 d2d4 d7d5 b1c3 g8f6 c1g5 f8e7 e4e5 f6g8
C14	French Defense: Classical Variation	دفاع فرانسوی	e2e4 e7e6 d2d4 d7d5 b1c3 a7a6 g1f3 g8f6 e4e5 f6d7 c1g5
C14	French Defense: Classical Variation	دفاع فرانسوی	e2e4 e7e6 d2d4 d7d5 b1c3 g8f6 c1g5 f8e7 e4e5 f6d7 g5e7 d8e7
C14	French Defense: Classical Variation, Alapin Variation	دفاع فرانسوی	e2e4 e7e6 d2d4 d7d5 b1c3 g8f6 c1g5 f8e7 e4e5 f6d7 g5e7 d8e7 c3b5
C14	French Defense: Classical Variation, Pollock Variation	دفاع فرانسوی	e2e4 e7e6 d2d4 d7d5 b1c3 g8f6 c1g5 f8e7 e4e5 f6d7 g5e7 d8e7 d1g4
C14	French Defense: Classical Variation, Rubinstein Variation	دفاع فرانسوی	e2e4 e7e6 d2d4 d7d5 b1c3 g8f6 c1g5 f8e7 e4e5 f6d7 g5e7 d8e7 d1d2
C14	French Defense: Classical Variation, Stahlberg Variation	دفاع فرانسوی	e2e4 e7e6 d2d4 d7d5 b1c3 g8f6 c1g5 f8e7 e4e5 f6d7 g5e7 d8e7 f2f4 e8g8 g1f3 c7c5 d1d2 b8c6 e1c1 c5c4
C14	French Defense: Classical Variation, Steinitz Variation	دفاع فرانسوی	e2e4 e7e6 d2d4 d7d5 b1c3 g8f6 c1g5 f8e7 e4e5 f6d7 g5e7 d8e7 f2f4
C14	French Defense: Classical Variation, Tarrasch Variation	دفاع فرانسوی	e2e4 e7e6 d2d4 d7d5 b1c3 g8f6 c1g5 f8e7 e4e5 f6d7 g5e7 d8e7 f1d3
C15	French Defense: McCutcheon Variation, Wolf Gambit	دفاع فرانسوی	e2e4 e7e6 d2d4 d7d5 b1c3 f8b4 g1e2 g8f6 c1g5
C15	French Defense: Winawer Variation	دفاع فرانسوی	e2e4 e7e6 d2d4 d7d5 b1c3 f8b4
C15	French Defense: Winawer Variation, Alekhine Gambit Accepted	دفاع فرانسوی	e2e4 e7e6 d2d4 d7d5 b1c3 f8b4 g1e2 d5e4 a2a3 b4c3
C15	French Defense: Winawer Variation, Alekhine Gambit, Alatortsev Variation	دفاع فرانسوی	e2e4 e7e6 d2d4 d7d5 b1c3 f8b4 g1e2 d5e4 a2a3 b4e7 c3e4 g8f6 e2g3 e8g8 f1e2 b8c6
C15	French Defense: Winawer Variation, Alekhine Gambit, Kan Variation	دفاع فرانسوی	e2e4 e7e6 d2d4 d7d5 b1c3 f8b4 g1e2 d5e4 a2a3 b4c3 e2c3 b8c6
C15	French Defense: Winawer Variation, Alekhine-Maróczy Gambit	دفاع فرانسوی	e2e4 e7e6 d2d4 d7d5 b1c3 f8b4 g1e2
C15	French Defense: Winawer Variation, Delayed Exchange Variation	دفاع فرانسوی	e2e4 e7e6 d2d4 d7d5 b1c3 f8b4 e4d5
C15	French Defense: Winawer Variation, Exchange Variation, Canal Attack	دفاع فرانسوی	e2e4 e7e6 d2d4 d7d5 b1c3 f8b4 e4d5 e6d5 f1d3 g8e7 d1h5
C15	French Defense: Winawer Variation, Fingerslip Variation	دفاع فرانسوی	e2e4 e7e6 d2d4 d7d5 b1c3 f8b4 c1d2
C15	French Defense: Winawer Variation, Fingerslip Variation, Kunin Double Gambit	دفاع فرانسوی	e2e4 e7e6 d2d4 d7d5 b1c3 f8b4 c1d2 d5e4 d1g4 d8d4
C15	French Defense: Winawer Variation, Fingerslip Variation, Main Line	دفاع فرانسوی	e2e4 e7e6 d2d4 d7d5 b1c3 f8b4 c1d2 d5e4 d1g4 g8f6 g4g7 h8g8 g7h6
C15	French Defense: Winawer Variation, Fingerslip Variation, Schwarz's Line	دفاع فرانسوی	e2e4 e7e6 d2d4 d7d5 b1c3 f8b4 c1d2 g8e7 c3b1
C15	French Defense: Winawer Variation, Kondratiyev Variation	دفاع فرانسوی	e2e4 e7e6 d2d4 d7d5 b1c3 f8b4 f1d3 c7c5 e4d5 d8d5 c1d2
C15	French Defense: Winawer Variation, Winckelmann-Reimer Gambit	دفاع فرانسوی	e2e4 e7e6 d2d4 d7d5 b1c3 f8b4 a2a3 b4c3 b2c3 d5e4 f2f3
C16	French Defense: Winawer Variation, Advance Variation	دفاع فرانسوی	e2e4 e7e6 d2d4 d7d5 b1c3 f8b4 e4e5
C16	French Defense: Winawer Variation, Petrosian Variation	دفاع فرانسوی	e2e4 e7e6 d2d4 d7d5 b1c3 f8b4 e4e5 d8d7
C17	French Defense: Winawer Variation, Advance Variation	دفاع فرانسوی	e2e4 e7e6 d2d4 d7d5 b1c3 f8b4 e4e5 c7c5
C17	French Defense: Winawer Variation, Advance Variation	دفاع فرانسوی	e2e4 e7e6 d2d4 d7d5 b1c3 f8b4 e4e5 c7c5 a2a3
C17	French Defense: Winawer Variation, Advance Variation	دفاع فرانسوی	e2e4 e7e6 d2d4 d7d5 b1c3 f8b4 e4e5 c7c5 a2a3 c5d4 a3b4 d4c3 g1f3
C17	French Defense: Winawer Variation, Advance Variation, Moscow Variation	دفاع فرانسوی	e2e4 e7e6 d2d4 d7d5 b1c3 f8b4 e4e5 c7c5 d1g4
C17	French Defense: Winawer Variation, Bogoljubow Variation	دفاع فرانسوی	e2e4 e7e6 d2d4 d7d5 b1c3 f8b4 e4e5 c7c5 c1d2
C17	French Defense: Winawer Variation, Bogoljubow Variation, Icelandic Defense	دفاع فرانسوی	e2e4 e7e6 d2d4 d7d5 b1c3 f8b4 e4e5 c7c5 c1d2 g8e7 f2f4
C17	French Defense: Winawer Variation, Maróczy-Wallis Variation	دفاع فرانسوی	e2e4 e7e6 d2d4 d7d5 b1c3 f8b4 e4e5 c7c5 a2a3 c5d4 a3b4 d4c3
C17	French Defense: Winawer Variation, Retreat Variation	دفاع فرانسوی	e2e4 e7e6 d2d4 d7d5 b1c3 f8b4 e4e5 c7c5 a2a3 b4a5
C17	French Defense: Winawer Variation, Retreat Variation, Armenian Line	دفاع فرانسوی	e2e4 e7e6 d2d4 d7d5 b1c3 f8b4 e4e5 c7c5 a2a3 b4a5 b2b4 c5d4
C18	French Defense: Winawer Variation, Advance Variation	دفاع فرانسوی	e2e4 e7e6 d2d4 d7d5 b1c3 f8b4 e4e5 c7c5 a2a3 b4c3 b2c3
C18	French Defense: Winawer Variation, Advance Variation	دفاع فرانسوی	e2e4 e7e6 d2d4 d7d5 b1c3 f8b4 e4e5 c7c5 a2a3 b4c3 b2c3 g8e7
C18	French Defense: Winawer Variation, Advance Variation, with Bd3	دفاع فرانسوی	e2e4 e7e6 d2d4 d7d5 b1c3 f8b4 e4e5 c7c5 a2a3 b4c3 b2c3 g8e7 f1d3
C18	French Defense: Winawer Variation, Advance Variation, with Bd3	دفاع فرانسوی	e2e4 e7e6 d2d4 d7d5 b1c3 f8b4 e4e5 c7c5 a2a3 b4c3 b2c3 g8e7 f1d3 d8c7
C18	French Defense: Winawer Variation, Advance Variation, with h4	دفاع فرانسوی	e2e4 e7e6 d2d4 d7d5 b1c3 f8b4 e4e5 c7c5 a2a3 b4c3 b2c3 g8e7 h2h4
C18	French Defense: Winawer Variation, Advance Variation, with h4	دفاع فرانسوی	e2e4 e7e6 d2d4 d7d5 b1c3 f8b4 e4e5 c7c5 a2a3 b4c3 b2c3 g8e7 h2h4 d8c7
C18	French Defense: Winawer Variation, Classical Variation	دفاع فرانسوی	e2e4 e7e6 d2d4 d7d5 b1c3 f8b4 e4e5 c7c5 a2a3 b4c3 b2c3 d8c7
C18	French Defense: Winawer Variation, Eingorn Variation	دفاع فرانسوی	e2e4 e7e6 d2d4 d7d5 b1c3 f8b4 e4e5 c7c5 a2a3 b4c3 b2c3 g8e7 d1g4 e8f8
C18	French Defense: Winawer Variation, Poisoned Pawn Variation	دفاع فرانسوی	e2e4 e7e6 d2d4 d7d5 b1c3 f8b4 e4e5 c7c5 a2a3 b4c3 b2c3 g8e7 d1g4 d8c7
C18	French Defense: Winawer Variation, Poisoned Pawn Variation	دفاع فرانسوی	e2e4 e7e6 d2d4 d7d5 b1c3 f8b4 e4e5 c7c5 a2a3 b4c3 b2c3 g8e7 d1g4 c5d4 g4g7
C18	French Defense: Winawer Variation, Poisoned Pawn Variation	دفاع فرانسوی	e2e4 e7e6 d2d4 d7d5 b1c3 f8b4 e4e5 c7c5 a2a3 b4c3 b2c3 g8e7 d1g4 c5d4 g4g7 h8g8 g7h7 b8c6
C18	French Defense: Winawer Variation, Poisoned Pawn Variation Declined	دفاع فرانسوی	e2e4 e7e6 d2d4 d7d5 b1c3 f8b4 e4e5 c7c5 a2a3 b4c3 b2c3 g8e7 d1g4 d8c7 f1d3
C18	French Defense: Winawer Variation, Poisoned Pawn Variation, Main Line	دفاع فرانسوی	e2e4 e7e6 d2d4 d7d5 b1c3 f8b4 e4e5 c7c5 a2a3 b4c3 b2c3 g8e7 d1g4 d8c7 g4g7 h8g8 g7h7 c5d4 g1e2
C18	French Defense: Winawer Variation, Poisoned Pawn Variation, Paoli Variation	دفاع فرانسوی	e2e4 e7e6 d2d4 d7d5 b1c3 f8b4 e4e5 c7c5 a2a3 b4c3 b2c3 g8e7 d1g4 d8c7 g4g7 h8g8 g7h7 c5d4 e1d1
C18	French Defense: Winawer Variation, Portisch-Hook Variation	دفاع فرانسوی	e2e4 e7e6 d2d4 d7d5 b1c3 f8b4 e4e5 c7c5 a2a3 b4c3 b2c3 d8a5
C18	French Defense: Winawer Variation, Warsaw Variation	دفاع فرانسوی	e2e4 e7e6 d2d4 d7d5 b1c3 f8b4 e4e5 c7c5 a2a3 b4c3 b2c3 g8e7 d1g4 e8g8
C19	French Defense: Winawer Variation, Advance Variation, Smyslov Variation	دفاع فرانسوی	e2e4 e7e6 d2d4 d7d5 b1c3 f8b4 e4e5 g8e7 a2a3 b4c3 b2c3 c7c5 a3a4
C19	French Defense: Winawer Variation, Advance Variation, Smyslov Variation	دفاع فرانسوی	e2e4 e7e6 d2d4 d7d5 b1c3 f8b4 e4e5 g8e7 a2a3 b4c3 b2c3 c7c5 a3a4 d8c7
C19	French Defense: Winawer Variation, Positional Variation	دفاع فرانسوی	e2e4 e7e6 d2d4 d7d5 b1c3 f8b4 e4e5 c7c5 a2a3 b4c3 b2c3 g8e7 a3a4 b8c6 g1f3
C19	French Defense: Winawer Variation, Positional Variation	دفاع فرانسوی	e2e4 e7e6 d2d4 d7d5 b1c3 f8b4 e4e5 c7c5 a2a3 b4c3 b2c3 g8e7 a3a4 b8c6 g1f3 d8a5 d1d2
C19	French Defense: Winawer Variation, Positional Variation	دفاع فرانسوی	e2e4 e7e6 d2d4 d7d5 b1c3 f8b4 e4e5 c7c5 a2a3 b4c3 b2c3 g8e7 a3a4 b8c6 g1f3 d8a5 d1d2 c8d7
C19	French Defense: Winawer Variation, Positional Variation	دفاع فرانسوی	e2e4 e7e6 d2d4 d7d5 b1c3 f8b4 e4e5 c7c5 a2a3 b4c3 b2c3 g8e7 a3a4 b8c6 g1f3 d8a5 c1d2
C19	French Defense: Winawer Variation, Positional Variation	دفاع فرانسوی	e2e4 e7e6 d2d4 d7d5 b1c3 f8b4 e4e5 c7c5 a2a3 b4c3 b2c3 g8e7 a3a4 b8c6 g1f3 d8a5 c1d2 c8d7
C19	French Defense: Winawer Variation, Positional Variation	دفاع فرانسوی	e2e4 e7e6 d2d4 d7d5 b1c3 f8b4 e4e5 c7c5 a2a3 b4c3 b2c3 g8e7 a3a4 b8c6 g1f3 d8a5 c1d2 c5c4
C19	French Defense: Winawer Variation, Positional Variation	دفاع فرانسوی	e2e4 e7e6 d2d4 d7d5 b1c3 f8b4 e4e5 c7c5 a2a3 b4c3 b2c3 g8e7 g1f3
C19	French Defense: Winawer Variation, Positional Variation	دفاع فرانسوی	e2e4 e7e6 d2d4 d7d5 b1c3 f8b4 e4e5 c7c5 a2a3 b4c3 b2c3 b8c6 g1f3 g8e7
C19	French Defense: Winawer Variation, Positional Variation	دفاع فرانسوی	e2e4 e7e6 d2d4 d7d5 b1c3 f8b4 e4e5 c7c5 a2a3 b4c3 b2c3 g8e7 g1f3 d8c7
C19	French Defense: Winawer Variation, Positional Variation	دفاع فرانسوی	e2e4 e7e6 d2d4 d7d5 b1c3 f8b4 e4e5 c7c5 a2a3 b4c3 b2c3 g8e7 g1f3 d8c7 h2h4
C19	French Defense: Winawer Variation, Positional Variation	دفاع فرانسوی	e2e4 e7e6 d2d4 d7d5 b1c3 f8b4 e4e5 c7c5 a2a3 b4c3 b2c3 g8e7 f1d3 b8c6 g1f3
C19	French Defense: Winawer Variation, Positional Variation	دفاع فرانسوی	e2e4 e7e6 d2d4 d7d5 b1c3 f8b4 e4e5 c7c5 a2a3 b4c3 b2c3 b8c6 g1f3 d8a5 c1d2 g8e7
C20	Barnes Opening: Walkerling	گشایش بارنز	f2f3 e7e5 e2e4 g8f6 f1c4
C20	Bongcloud Attack	حمله‌ی بانگ‌کلاد	e2e4 e7e5 e1e2
C20	Center Game	بازی مرکز	e2e4 e7e5 d2d4
C20	English Opening: The Whale	گشایش انگلیسی	e2e4 e7e5 c2c4
C20	King's Pawn Game	بازی پیاده‌ی شاه	e2e4 e7e5
C20	King's Pawn Game: Alapin Opening	بازی پیاده‌ی شاه	e2e4 e7e5 g1e2
C20	King's Pawn Game: Bavarian Gambit	بازی پیاده‌ی شاه	e2e4 e7e5 c2c4 d7d5
C20	King's Pawn Game: Beyer Gambit	بازی پیاده‌ی شاه	e2e4 e7e5 d2d4 d7d5
C20	King's Pawn Game: Clam Variation, King's Gambit Reversed	بازی پیاده‌ی شاه	e2e4 e7e5 d2d3 f7f5
C20	King's Pawn Game: Clam Variation, Radisch Gambit	بازی پیاده‌ی شاه	e2e4 e7e5 d2d3 g8f6 f2f4 f8c5
C20	King's Pawn Game: King's Head Opening	بازی پیاده‌ی شاه	e2e4 e7e5 f2f3
C20	King's Pawn Game: King's Head Opening	بازی پیاده‌ی شاه	e2e4 e7e5 f2f3 g8f6 b1c3
C20	King's Pawn Game: Leonardis Variation	بازی پیاده‌ی شاه	e2e4 e7e5 d2d3
C20	King's Pawn Game: MacLeod Attack	بازی پیاده‌ی شاه	e2e4 e7e5 c2c3
C20	King's Pawn Game: MacLeod Attack, Lasa Gambit	بازی پیاده‌ی شاه	e2e4 e7e5 c2c3 f7f5
C20	King's Pawn Game: MacLeod Attack, Norwalde Gambit	بازی پیاده‌ی شاه	e2e4 e7e5 c2c3 d7d5 d1h5 f8d6
C20	King's Pawn Game: Mengarini's Opening	بازی پیاده‌ی شاه	e2e4 e7e5 a2a3
C20	King's Pawn Game: Napoleon Attack	بازی پیاده‌ی شاه	e2e4 e7e5 d1f3
C20	King's Pawn Game: Philidor Gambit	بازی پیاده‌ی شاه	e2e4 e7e5 d2d4 d7d6 d4e5 c8d7
C20	King's Pawn Game: Tortoise Opening	بازی پیاده‌ی شاه	e2e4 e7e5 f1d3
C20	King's Pawn Game: Wayward Queen Attack	بازی پیاده‌ی شاه	e2e4 e7e5 d1h5
C20	King's Pawn Game: Wayward Queen Attack, Kiddie Countergambit	بازی پیاده‌ی شاه	e2e4 e7e5 d1h5 g8f6
C20	King's Pawn Game: Wayward Queen Attack, Mellon Gambit	بازی پیاده‌ی شاه	e2e4 e7e5 d1h5 b8c6 f1c4 g8h6 d2d3 g7g6 h5f3 f7f6 g1e2 d7d5
C20	King's Pawn Game: Weber Gambit	بازی پیاده‌ی شاه	e2e4 e7e5 d2d3 d7d5 e4d5 c7c6 d5c6 b8c6
C20	King's Pawn Opening	گشایش پیاده‌ی شاه	e2e4 e7e5 b2b3
C20	King's Pawn Opening: Speers	گشایش پیاده‌ی شاه	e2e4 e7e5 d1g4 g8f6 g4f5
C20	King's Pawn Opening: Van Hooydoon Gambit	گشایش پیاده‌ی شاه	e2e4 e7e5 d1e2 b8c6 c2c3 g8f6 g1f3 f8c5 d2d4 e5d4 c3d4 c6d4
C20	Portuguese Opening	گشایش پرتغالی	e2e4 e7e5 f1b5
C20	Portuguese Opening: Miguel Gambit	گشایش پرتغالی	e2e4 e7e5 f1b5 f8c5 b2b4
C20	Portuguese Opening: Portuguese Gambit	گشایش پرتغالی	e2e4 e7e5 f1b5 g8f6 d2d4
C21	Center Game	بازی مرکز	e2e4 e7e5 d2d4 e5d4 d1d4
C21	Center Game Accepted	بازی مرکزِ پذیرفته	e2e4 e7e5 d2d4 e5d4
C21	Center Game: Halasz-McDonnell Gambit	بازی مرکز	e2e4 e7e5 d2d4 e5d4 f2f4
C21	Center Game: Halasz-McDonnell Gambit, Crocodile Variation	بازی مرکز	e2e4 e7e5 d2d4 e5d4 f2f4 f8c5 g1f3 b8c6 c2c3
C21	Center Game: Kieseritzky Variation	بازی مرکز	e2e4 e7e5 d2d4 e5d4 g1f3
C21	Center Game: Kieseritzky Variation	بازی مرکز	e2e4 e7e5 d2d4 e5d4 g1f3 c7c5
C21	Center Game: Kieseritzky Variation	بازی مرکز	e2e4 e7e5 d2d4 e5d4 g1f3 c7c5 f1c4
C21	Center Game: Lanc-Arnold Gambit	بازی مرکز	e2e4 e7e5 d2d4 e5d4 g1f3 f8c5 c2c3
C21	Center Game: Lanc-Arnold Gambit, Schippler Gambit	بازی مرکز	e2e4 e7e5 d2d4 e5d4 g1f3 f8c5 c2c3 d4c3 f1c4
C21	Center Game: Ross Gambit	بازی مرکز	e2e4 e7e5 d2d4 e5d4 f1d3
C21	Center Game: von der Lasa Gambit	بازی مرکز	e2e4 e7e5 d2d4 e5d4 f1c4
C21	Danish Gambit	گامبی دانمارکی	e2e4 e7e5 d2d4 e5d4 c2c3
C21	Danish Gambit Accepted	گامبی دانمارکیِ پذیرفته	e2e4 e7e5 d2d4 e5d4 c2c3 d4c3
C21	Danish Gambit Accepted: Chigorin Defense	گامبی دانمارکیِ پذیرفته	e2e4 e7e5 d2d4 e5d4 c2c3 d4c3 f1c4 c3b2 c1b2 d8e7
C21	Danish Gambit Accepted: Classical Defense	گامبی دانمارکیِ پذیرفته	e2e4 e7e5 d2d4 e5d4 c2c3 d4c3 f1c4 c3b2 c1b2 g8f6
C21	Danish Gambit Accepted: Copenhagen Defense	گامبی دانمارکیِ پذیرفته	e2e4 e7e5 d2d4 e5d4 c2c3 d4c3 f1c4 c3b2 c1b2 f8b4
C21	Danish Gambit Accepted: Schlechter Defense	گامبی دانمارکیِ پذیرفته	e2e4 e7e5 d2d4 e5d4 c2c3 d4c3 f1c4 c3b2 c1b2 d7d5
C21	Danish Gambit Accepted: Svenonius Defense	گامبی دانمارکیِ پذیرفته	e2e4 e7e5 d2d4 e5d4 c2c3 g8e7
C21	Danish Gambit Declined: Sörensen Defense	گامبی دانمارکیِ ردشده	e2e4 e7e5 d2d4 e5d4 c2c3 d7d5
C22	Center Game: Berger Variation	بازی مرکز	e2e4 e7e5 d2d4 e5d4 d1d4 b8c6 d4e3 g8f6
C22	Center Game: Charousek Variation	بازی مرکز	e2e4 e7e5 d2d4 e5d4 d1d4 b8c6 d4e3 f8b4 c2c3 b4e7
C22	Center Game: Hall Variation	بازی مرکز	e2e4 e7e5 d2d4 e5d4 d1d4 b8c6 d4c4
C22	Center Game: Kupreichik Variation	بازی مرکز	e2e4 e7e5 d2d4 e5d4 d1d4 b8c6 d4e3 g8f6 b1c3 f8b4 c1d2 e8g8 e1c1 f8e8 f1c4 d7d6 g1h3
C22	Center Game: Normal Variation	بازی مرکز	e2e4 e7e5 d2d4 e5d4 d1d4 b8c6
C22	Center Game: Paulsen Attack Variation	بازی مرکز	e2e4 e7e5 d2d4 e5d4 d1d4 b8c6 d4e3
C22	Center Game: l'Hermet Variation	بازی مرکز	e2e4 e7e5 d2d4 e5d4 d1d4 b8c6 d4e3 f7f5
C23	Bishop's Opening	گشایش فیل	e2e4 e7e5 f1c4
C23	Bishop's Opening: Anderssen Gambit	گشایش فیل	e2e4 e7e5 f1c4 b7b5 c4b5 c7c6
C23	Bishop's Opening: Boi Variation	گشایش فیل	e2e4 e7e5 f1c4 f8c5
C23	Bishop's Opening: Calabrese Countergambit	گشایش فیل	e2e4 e7e5 f1c4 f7f5
C23	Bishop's Opening: Calabrese Countergambit, Jaenisch Variation	گشایش فیل	e2e4 e7e5 f1c4 f7f5 d2d3
C23	Bishop's Opening: Four Pawns Gambit	گشایش فیل	e2e4 e7e5 f1c4 f8c5 b2b4 c5b4 f2f4 e5f4 g1f3 b4e7 d2d4 e7h4 g2g3 f4g3 e1g1 g3h2 g1h1
C23	Bishop's Opening: Khan Gambit	گشایش فیل	e2e4 e7e5 f1c4 d7d5
C23	Bishop's Opening: Lewis Countergambit	گشایش فیل	e2e4 e7e5 f1c4 f8c5 c2c3 d7d5
C23	Bishop's Opening: Lewis Countergambit	گشایش فیل	e2e4 e7e5 f1c4 f8c5 c2c3 d7d5 c4d5 g8f6
C23	Bishop's Opening: Lewis Countergambit, Walker Variation	گشایش فیل	e2e4 e7e5 f1c4 f8c5 c2c3 d7d5 c4d5 g8f6 d2d4
C23	Bishop's Opening: Lewis Gambit	گشایش فیل	e2e4 e7e5 f1c4 f8c5 d2d4
C23	Bishop's Opening: Lisitsyn Variation	گشایش فیل	e2e4 e7e5 f1c4 c7c6 d2d4 d7d5 e4d5 c6d5 c4b5 c8d7 b5d7 b8d7 d4e5 d7e5 g1e2
C23	Bishop's Opening: Lopez Gambit	گشایش فیل	e2e4 e7e5 f1c4 f8c5 d1e2 b8c6 c2c3 g8f6 f2f4
C23	Bishop's Opening: Lopez Variation	گشایش فیل	e2e4 e7e5 f1c4 f8c5 d1e2
C23	Bishop's Opening: Lopez Variation, Lopez Gambit	گشایش فیل	e2e4 e7e5 f1c4 f8c5 d1e2 g8f6 f2f4
C23	Bishop's Opening: McDonnell Gambit	گشایش فیل	e2e4 e7e5 f1c4 f8c5 b2b4
C23	Bishop's Opening: McDonnell Gambit, La Bourdonnais-Denker Gambit	گشایش فیل	e2e4 e7e5 f1c4 f8c5 b2b4 c5b4 c2c3
C23	Bishop's Opening: McDonnell Gambit, McDonnell Double Gambit	گشایش فیل	e2e4 e7e5 f1c4 f8c5 b2b4 c5b4 f2f4
C23	Bishop's Opening: Philidor Counterattack	گشایش فیل	e2e4 e7e5 f1c4 c7c6
C23	Bishop's Opening: Philidor Variation	گشایش فیل	e2e4 e7e5 f1c4 f8c5 c2c3
C23	Bishop's Opening: Pratt Variation	گشایش فیل	e2e4 e7e5 f1c4 f8c5 c2c3 g8f6 d2d4 e5d4 e4e5 d7d5 e5f6 d5c4 d1h5 e8g8
C23	Bishop's Opening: Stein Gambit	گشایش فیل	e2e4 e7e5 f1c4 f8c5 f2f4
C23	Bishop's Opening: Thorold Gambit	گشایش فیل	e2e4 e7e5 f1c4 b7b5 c4b5 f7f5
C23	Bishop's Opening: del Rio Variation	گشایش فیل	e2e4 e7e5 f1c4 f8c5 c2c3 d8g5
C24	Bishop's Opening: Berlin Defense	گشایش فیل	e2e4 e7e5 f1c4 g8f6
C24	Bishop's Opening: Berlin Defense, Greco Gambit	گشایش فیل	e2e4 e7e5 f1c4 g8f6 f2f4
C24	Bishop's Opening: Kitchener Folly	گشایش فیل	e2e4 e7e5 f1c4 g8f6 d2d3 f8e7 g1f3 e8g8
C24	Bishop's Opening: Krejcik Gambit	گشایش فیل	e2e4 e7e5 f1c4 g8f6 f2f3 f8c5 g1e2 b8c6 b2b4
C24	Bishop's Opening: Pachman Gambit	گشایش فیل	e2e4 e7e5 f1c4 g8f6 g1e2 f6e4 e2c3
C24	Bishop's Opening: Paulsen Defense	گشایش فیل	e2e4 e7e5 f1c4 g8f6 d2d3 c7c6
C24	Bishop's Opening: Ponziani Gambit	گشایش فیل	e2e4 e7e5 f1c4 g8f6 d2d4
C24	Bishop's Opening: Urusov Gambit, Panov Variation	گشایش فیل	e2e4 e7e5 f1c4 g8f6 d2d4 e5d4 g1f3 d7d5 e4d5 f8b4 c2c3 d8e7
C24	Bishop's Opening: Vienna Hybrid	گشایش فیل	e2e4 e7e5 f1c4 g8f6 d2d3 b8c6 b1c3
C24	Bishop's Opening: Warsaw Gambit	گشایش فیل	e2e4 e7e5 f1c4 g8f6 d2d4 e5d4 c2c3
C25	Vienna Gambit, with Max Lange Defense	گامبی وین، با دفاع ماکس لانگه	e2e4 e7e5 b1c3 b8c6 f2f4
C25	Vienna Gambit, with Max Lange Defense: Cunningham Defense	گامبی وین، با دفاع ماکس لانگه	e2e4 e7e5 b1c3 b8c6 f2f4 e5f4 g1f3 f8e7
C25	Vienna Gambit, with Max Lange Defense: Hamppe-Allgaier Gambit	گامبی وین، با دفاع ماکس لانگه	e2e4 e7e5 b1c3 b8c6 f2f4 e5f4 g1f3 g7g5 h2h4 g5g4 f3g5
C25	Vienna Gambit, with Max Lange Defense: Hamppe-Allgaier Gambit, Alapin Variation	گامبی وین، با دفاع ماکس لانگه	e2e4 e7e5 b1c3 b8c6 f2f4 e5f4 g1f3 g7g5 h2h4 g5g4 f3g5 d7d6
C25	Vienna Gambit, with Max Lange Defense: Hamppe-Allgaier Gambit, Thorold Variation	گامبی وین، با دفاع ماکس لانگه	e2e4 e7e5 f2f4 e5f4 g1f3 b8c6 b1c3 g7g5 h2h4 g5g4 f3g5 h7h6 g5f7 e8f7 d2d4
C25	Vienna Gambit, with Max Lange Defense: Hamppe-Muzio Gambit	گامبی وین، با دفاع ماکس لانگه	e2e4 e7e5 b1c3 b8c6 f2f4 e5f4 g1f3 g7g5 f1c4 g5g4 e1g1 g4f3
C25	Vienna Gambit, with Max Lange Defense: Knight Variation	گامبی وین، با دفاع ماکس لانگه	e2e4 e7e5 b1c3 b8c6 f2f4 e5f4 g1f3
C25	Vienna Gambit, with Max Lange Defense: Pierce Gambit	گامبی وین، با دفاع ماکس لانگه	e2e4 e7e5 b1c3 b8c6 f2f4 e5f4 g1f3 g7g5 d2d4
C25	Vienna Gambit, with Max Lange Defense: Quelle Gambit	گامبی وین، با دفاع ماکس لانگه	e2e4 e7e5 b1c3 b8c6 f2f4 f8c5 f4e5 d7d6
C25	Vienna Gambit, with Max Lange Defense: Steinitz Gambit	گامبی وین، با دفاع ماکس لانگه	e2e4 e7e5 b1c3 b8c6 f2f4 e5f4 d2d4
C25	Vienna Gambit, with Max Lange Defense: Steinitz Gambit, Fraser-Minckwitz Defense	گامبی وین، با دفاع ماکس لانگه	e2e4 e7e5 b1c3 b8c6 f2f4 e5f4 d2d4 d8h4 e1e2 b7b6
C25	Vienna Gambit, with Max Lange Defense: Steinitz Gambit, Main Line	گامبی وین، با دفاع ماکس لانگه	e2e4 e7e5 b1c3 b8c6 f2f4 e5f4 d2d4 d8h4 e1e2
C25	Vienna Gambit, with Max Lange Defense: Steinitz Gambit, Paulsen Defense	گامبی وین، با دفاع ماکس لانگه	e2e4 e7e5 b1c3 b8c6 f2f4 e5f4 d2d4 d8h4 e1e2 d7d6
C25	Vienna Gambit, with Max Lange Defense: Steinitz Gambit, Sörensen Defense	گامبی وین، با دفاع ماکس لانگه	e2e4 e7e5 b1c3 b8c6 f2f4 e5f4 d2d4 d8h4 e1e2 g7g5
C25	Vienna Gambit, with Max Lange Defense: Steinitz Gambit, Zukertort Defense	گامبی وین، با دفاع ماکس لانگه	e2e4 e7e5 b1c3 b8c6 f2f4 e5f4 d2d4 d8h4 e1e2 d7d5
C25	Vienna Game	بازی وین	e2e4 e7e5 b1c3
C25	Vienna Game: Anderssen Defense	بازی وین	e2e4 e7e5 b1c3 f8c5
C25	Vienna Game: Fyfe Gambit	بازی وین	e2e4 e7e5 b1c3 b8c6 d2d4
C25	Vienna Game: Giraffe Attack	بازی وین	e2e4 e7e5 b1c3 f8c5 d1g4
C25	Vienna Game: Hamppe-Meitner Variation	بازی وین	e2e4 e7e5 b1c3 f8c5 c3a4
C25	Vienna Game: Hamppe-Muzio Gambit	بازی وین	e2e4 e7e5 b1c3 b8c6 f2f4 e5f4 g1f3 g7g5 f1c4 g5g4 e1g1
C25	Vienna Game: Hamppe-Muzio, Dubois Variation	بازی وین	e2e4 e7e5 b1c3 b8c6 f2f4 e5f4 g1f3 g7g5 f1c4 g5g4 e1g1 g4f3 d1f3 c6e5 f3f4 d8f6
C25	Vienna Game: Max Lange Defense	بازی وین	e2e4 e7e5 b1c3 b8c6
C25	Vienna Game: Omaha Gambit	بازی وین	e2e4 e7e5 b1c3 d7d6 f2f4
C25	Vienna Game: Paulsen Variation	بازی وین	e2e4 e7e5 b1c3 b8c6 g2g3
C25	Vienna Game: Paulsen Variation	بازی وین	e2e4 e7e5 b1c3 b8c6 g2g3 g8f6 f1g2 f8c5 g1e2 d7d5
C25	Vienna Game: Paulsen Variation, Mariotti Gambit	بازی وین	e2e4 e7e5 b1c3 b8c6 g2g3 f8c5 f1g2 h7h5 g1f3 h5h4
C25	Vienna Game: Philidor Countergambit	بازی وین	e2e4 e7e5 b1c3 b8c6 d2d4 f7f5
C25	Vienna Game: Pierce Gambit, Rushmere Attack	بازی وین	e2e4 e7e5 b1c3 b8c6 f2f4 e5f4 g1f3 g7g5 d2d4 g5g4 f1c4 g4f3 e1g1 d7d5 e4d5 c8g4 d5c6
C25	Vienna Game: Stanley Variation, Meitner-Mieses Gambit	بازی وین	e2e4 e7e5 b1c3 b8c6 f1c4 f8c5 d1g4 d8f6 c3d5
C25	Vienna Game: Zhuravlev Countergambit	بازی وین	e2e4 e7e5 b1c3 f8b4 d1g4 g8f6
C26	Bishop's Opening: Horwitz Gambit	گشایش فیل	e2e4 e7e5 f1c4 g8f6 b1c3 b7b5
C26	Bishop's Opening: Vienna Hybrid, Spielmann Attack	گشایش فیل	e2e4 e7e5 b1c3 g8f6 f1c4 f8c5 d2d3
C26	Vienna Game: Falkbeer Variation	بازی وین	e2e4 e7e5 b1c3 g8f6
C26	Vienna Game: Mengarini Variation	بازی وین	e2e4 e7e5 b1c3 g8f6 a2a3
C26	Vienna Game: Mieses Variation	بازی وین	e2e4 e7e5 b1c3 g8f6 g2g3
C26	Vienna Game: Mieses Variation, Erben Gambit	بازی وین	e2e4 e7e5 b1c3 g8f6 g2g3 d7d5 e4d5 c7c6
C26	Vienna Game: Paulsen Variation, Pollock Gambit	بازی وین	e2e4 e7e5 b1c3 g8f6 g2g3 f8c5 f1g2 b8c6 g1e2 d7d5 e4d5
C26	Vienna Game: Stanley Variation	بازی وین	e2e4 e7e5 b1c3 g8f6 f1c4
C26	Vienna Game: Stanley Variation, Eifel Gambit	بازی وین	e2e4 e7e5 b1c3 g8f6 f1c4 f8c5 g1e2 b7b5
C26	Vienna Game: Stanley Variation, Reversed Spanish	بازی وین	e2e4 e7e5 b1c3 g8f6 f1c4 f8b4
C27	Bishop's Opening: Boden-Kieseritzky Gambit	گشایش فیل	e2e4 e7e5 g1f3 g8f6 f1c4 f6e4 b1c3
C27	Bishop's Opening: Boden-Kieseritzky Gambit, Lichtenhein Defense	گشایش فیل	e2e4 e7e5 g1f3 g8f6 f1c4 f6e4 b1c3 d7d5
C27	Vienna Game: Adams' Gambit	بازی وین	e2e4 e7e5 b1c3 g8f6 f1c4 f6e4 d1h5 e4d6 c4b3 b8c6 d2d4
C27	Vienna Game: Frankenstein-Dracula Variation	بازی وین	e2e4 e7e5 b1c3 g8f6 f1c4 f6e4
C27	Vienna Game: Stanley Variation, Alekhine Variation	بازی وین	e2e4 e7e5 b1c3 g8f6 f1c4 f6e4 d1h5 e4d6 c4b3 f8e7 g1f3 b8c6 f3e5
C27	Vienna Game: Stanley Variation, Frankenstein-Dracula Variation	بازی وین	e2e4 e7e5 b1c3 g8f6 f1c4 f6e4 d1h5 e4d6 c4b3 b8c6 c3b5 g7g6 h5f3 f7f5 f3d5 d8e7 b5c7 e8d8 c7a8 b7b6
C27	Vienna Game: Stanley Variation, Monster Declined	بازی وین	e2e4 e7e5 b1c3 g8f6 f1c4 f6e4 d1h5 e4d6 c4b3 f8e7
C28	Bishop's Opening: Vienna Hybrid, Hromádka Variation	گشایش فیل	e2e4 e7e5 b1c3 b8c6 f1c4 g8f6 d2d3 f8b4 g1e2
C28	Vienna Game: Stanley Variation, Bronstein Gambit	بازی وین	e2e4 e7e5 b1c3 b8c6 f1c4 g8f6 f2f4 f6e4 g1f3
C28	Vienna Game: Stanley Variation, Three Knights Variation	بازی وین	e2e4 e7e5 b1c3 b8c6 f1c4 g8f6
C29	Vienna Game: Heyde Variation	بازی وین	e2e4 e7e5 b1c3 g8f6 f2f4 d7d5 f4e5 f6e4 d1f3 f7f5 d2d4
C29	Vienna Game: Vienna Gambit	بازی وین	e2e4 e7e5 b1c3 g8f6 f2f4
C29	Vienna Game: Vienna Gambit, Bardeleben Variation	بازی وین	e2e4 e7e5 b1c3 g8f6 f2f4 d7d5 f4e5 f6e4 d1f3 f7f5
C29	Vienna Game: Vienna Gambit, Breyer Variation	بازی وین	e2e4 e7e5 b1c3 g8f6 f2f4 d7d5 f4e5 f6e4 g1f3 f8e7
C29	Vienna Game: Vienna Gambit, Kaufmann Variation	بازی وین	e2e4 e7e5 b1c3 g8f6 f2f4 d7d5 f4e5 f6e4 g1f3 c8g4 d1e2
C29	Vienna Game: Vienna Gambit, Main Line	بازی وین	e2e4 e7e5 b1c3 g8f6 f2f4 d7d5
C29	Vienna Game: Vienna Gambit, Modern Variation	بازی وین	e2e4 e7e5 b1c3 g8f6 f2f4 d7d5 f4e5 f6e4 d2d3
C29	Vienna Game: Vienna Gambit, Paulsen Attack	بازی وین	e2e4 e7e5 b1c3 g8f6 f2f4 d7d5 f4e5 f6e4 d1f3
C29	Vienna Game: Vienna Gambit, Steinitz Variation	بازی وین	e2e4 e7e5 b1c3 g8f6 f2f4 d7d5 d2d3
C29	Vienna Game: Vienna Gambit, Wurzburger Trap	بازی وین	e2e4 e7e5 b1c3 g8f6 f2f4 d7d5 f4e5 f6e4 d2d3 d8h4 g2g3 e4g3 g1f3 h4h5 c3d5
C30	King's Gambit	گامبی شاه	e2e4 e7e5 f2f4
C30	King's Gambit Declined: Classical Variation	گامبی شاهِ ردشده	e2e4 e7e5 f2f4 f8c5
C30	King's Gambit Declined: Classical Variation	گامبی شاهِ ردشده	e2e4 e7e5 f2f4 f8c5 g1f3 d7d6 c2c3
C30	King's Gambit Declined: Classical Variation, Euwe Attack	گامبی شاهِ ردشده	e2e4 e7e5 f2f4 f8c5 g1f3 d7d6 c2c3 c8g4 f4e5 d6e5 d1a4
C30	King's Gambit Declined: Classical Variation, Rotlewi Countergambit	گامبی شاهِ ردشده	e2e4 e7e5 f2f4 f8c5 g1f3 d7d6 b2b4
C30	King's Gambit Declined: Classical Variation, Rubinstein Countergambit	گامبی شاهِ ردشده	e2e4 e7e5 f2f4 f8c5 g1f3 d7d6 c2c3 f7f5
C30	King's Gambit Declined: Classical Variation, Walthoffen Attack	گامبی شاهِ ردشده	e2e4 e7e5 f2f4 f8c5 d1h5
C30	King's Gambit Declined: Classical, Hanham Variation	گامبی شاهِ ردشده	e2e4 e7e5 f2f4 f8c5 g1f3 d7d6 b1c3 b8d7
C30	King's Gambit Declined: Classical, Réti Variation	گامبی شاهِ ردشده	e2e4 e7e5 f2f4 f8c5 g1f3 d7d6 c2c3 f7f5 f4e5 d6e5 d2d4 e5d4 f1c4
C30	King's Gambit Declined: Classical, Soldatenkov Variation	گامبی شاهِ ردشده	e2e4 e7e5 f2f4 f8c5 g1f3 d7d6 f4e5
C30	King's Gambit Declined: Classical, Svenonius Variation	گامبی شاهِ ردشده	e2e4 e7e5 f1c4 b8c6 b1c3 g8f6 d2d3 f8c5 f2f4 d7d6 g1f3 c8g4 h2h3 g4f3 d1f3 e5f4
C30	King's Gambit Declined: Hobbs-Zilbermints Gambit	گامبی شاهِ ردشده	e2e4 e7e5 f2f4 b8c6 g1f3 g7g5 f4g5 h7h6
C30	King's Gambit Declined: Keene Defense	گامبی شاهِ ردشده	e2e4 e7e5 f2f4 d8h4 g2g3 h4e7
C30	King's Gambit Declined: Keene's Defense	گامبی شاهِ ردشده	e2e4 e7e5 f2f4 d8h4
C30	King's Gambit Declined: Keene's Defense	گامبی شاهِ ردشده	e2e4 e7e5 f2f4 d8h4 g2g3
C30	King's Gambit Declined: Mafia Defense	گامبی شاهِ ردشده	e2e4 c7c5 f2f4 e7e5
C30	King's Gambit Declined: Miles Defense	گامبی شاهِ ردشده	e2e4 e7e5 f2f4 b8c6 g1f3 f7f5
C30	King's Gambit Declined: Norwalde Variation	گامبی شاهِ ردشده	e2e4 e7e5 f2f4 d8f6
C30	King's Gambit Declined: Norwalde Variation, Bücker Gambit	گامبی شاهِ ردشده	e2e4 e7e5 f2f4 d8f6 b1c3 f6f4 g1f3 f8b4 f1c4
C30	King's Gambit Declined: Norwalde Variation, Schubert Variation	گامبی شاهِ ردشده	e2e4 e7e5 f2f4 d8f6 b1c3 f6f4 d2d4
C30	King's Gambit Declined: Panteldakis Countergambit	گامبی شاهِ ردشده	e2e4 e7e5 f2f4 f7f5
C30	King's Gambit Declined: Panteldakis Countergambit, Greco Variation	گامبی شاهِ ردشده	e2e4 e7e5 f2f4 f7f5 e4f5 d8h4
C30	King's Gambit Declined: Panteldakis Countergambit, Pawn Sacrifice Line	گامبی شاهِ ردشده	e2e4 e7e5 f2f4 f7f5 e4f5 e5f4 d1h5 g7g6 f5g6 d8e7 e1d1
C30	King's Gambit Declined: Panteldakis Countergambit, Schiller's Defense	گامبی شاهِ ردشده	e2e4 e7e5 f2f4 f7f5 e4f5 f8c5
C30	King's Gambit Declined: Panteldakis Countergambit, Shirazi Line	گامبی شاهِ ردشده	e2e4 e7e5 f2f4 f7f5 e4f5 e5f4 d1h5 e8e7
C30	King's Gambit Declined: Panteldakis Countergambit, Symmetrical Variation	گامبی شاهِ ردشده	e2e4 e7e5 f2f4 f7f5 e4f5 e5f4 g1f3 d7d5 d2d4 f8d6 f1d3
C30	King's Gambit Declined: Petrov's Defense	گامبی شاهِ ردشده	e2e4 e7e5 f2f4 g8f6
C30	King's Gambit Declined: Queen's Knight Defense	گامبی شاهِ ردشده	e2e4 e7e5 f2f4 b8c6
C30	King's Gambit Declined: Senechaud Countergambit	گامبی شاهِ ردشده	e2e4 e7e5 f2f4 f8c5 g1f3 g7g5
C30	King's Gambit Declined: Soller-Zilbermints Gambit	گامبی شاهِ ردشده	e2e4 e7e5 f2f4 f7f6 f4e5 b8c6
C30	King's Gambit Declined: Zilbermints Double Countergambit	گامبی شاهِ ردشده	e2e4 e7e5 f2f4 g7g5
C30	King's Gambit Declined: Zilbermints Double Gambit	گامبی شاهِ ردشده	e2e4 e7e5 f2f4 b8c6 g1f3 g7g5
C31	King's Gambit Declined: Falkbeer Countergambit	گامبی شاهِ ردشده	e2e4 e7e5 f2f4 d7d5
C31	King's Gambit Declined: Falkbeer Countergambit Accepted	گامبی شاهِ ردشده	e2e4 e7e5 f2f4 d7d5 e4d5
C31	King's Gambit Declined: Falkbeer Countergambit, Anderssen Attack	گامبی شاهِ ردشده	e2e4 e7e5 f2f4 d7d5 e4d5 e5e4 f1b5
C31	King's Gambit Declined: Falkbeer Countergambit, Blackburne Attack	گامبی شاهِ ردشده	e2e4 e7e5 f2f4 d7d5 g1f3
C31	King's Gambit Declined: Falkbeer Countergambit, Charousek Gambit	گامبی شاهِ ردشده	e2e4 e7e5 f2f4 d7d5 e4d5 e5e4 d2d3
C31	King's Gambit Declined: Falkbeer Countergambit, Charousek Gambit, Morphy Defense	گامبی شاهِ ردشده	e2e4 e7e5 b1c3 g8f6 f2f4 d7d5 e4d5 e5e4 d2d3 f8b4 c1d2 e4e3
C31	King's Gambit Declined: Falkbeer Countergambit, Hinrichsen Gambit	گامبی شاهِ ردشده	e2e4 e7e5 f2f4 d7d5 d2d4
C31	King's Gambit Declined: Falkbeer Countergambit, Miles Gambit	گامبی شاهِ ردشده	e2e4 e7e5 f2f4 d7d5 e4d5 f8c5
C31	King's Gambit Declined: Falkbeer Countergambit, Milner-Barry Variation	گامبی شاهِ ردشده	e2e4 e7e5 f2f4 d7d5 b1c3
C31	King's Gambit Declined: Falkbeer Countergambit, Modern Transfer	گامبی شاهِ ردشده	e2e4 e7e5 f2f4 d7d5 e4d5 e5f4
C31	King's Gambit Declined: Falkbeer Countergambit, Nimzowitsch-Marshall Countergambit	گامبی شاهِ ردشده	e2e4 e7e5 f2f4 d7d5 e4d5 c7c6
C31	King's Gambit Declined: Falkbeer Countergambit, Pickler Gambit	گامبی شاهِ ردشده	e2e4 e7e5 f2f4 d7d5 e4d5 c7c6 d5c6 f8c5
C31	King's Gambit Declined: Falkbeer Countergambit, Rubinstein Variation	گامبی شاهِ ردشده	e2e4 e7e5 f2f4 d7d5 e4d5 e5e4 b1c3 g8f6 d1e2
C31	King's Gambit Declined: Falkbeer Countergambit, Staunton Line	گامبی شاهِ ردشده	e2e4 e7e5 f2f4 d7d5 e4d5 e5e4
C31	Van Geet Opening: Grünfeld Defense, Steiner Gambit	گشایش فان گیت	e2e4 e7e5 f2f4 d7d5 b1c3 d5e4 c3e4
C32	King's Gambit Declined: Falkbeer Countergambit, Alapin Variation	گامبی شاهِ ردشده	e2e4 e7e5 f2f4 d7d5 e4d5 e5e4 d2d3 g8f6 d3e4 f6e4 g1f3 f8c5 d1e2 c5f2 e1d1 d8d5 f3d2
C32	King's Gambit Declined: Falkbeer Countergambit, Charousek Gambit	گامبی شاهِ ردشده	e2e4 e7e5 f2f4 d7d5 e4d5 e5e4 d2d3 g8f6 d3e4 f6e4 d1e2
C32	King's Gambit Declined: Falkbeer Countergambit, Charousek Gambit Accepted	گامبی شاهِ ردشده	e2e4 e7e5 f2f4 d7d5 e4d5 e5e4 d2d3 g8f6 d3e4
C32	King's Gambit Declined: Falkbeer Countergambit, Charousek Gambit, Keres Variation	گامبی شاهِ ردشده	e2e4 e7e5 f2f4 d7d5 e4d5 e5e4 d2d3 g8f6 b1d2
C32	King's Gambit Declined: Falkbeer Countergambit, Charousek Gambit, Main Line	گامبی شاهِ ردشده	e2e4 e7e5 f2f4 d7d5 e4d5 e5e4 d2d3 g8f6 d3e4 f6e4 g1f3 f8c5 d1e2 c8f5
C32	King's Gambit Declined: Falkbeer Countergambit, Charousek Gambit, Old Line	گامبی شاهِ ردشده	e2e4 e7e5 f2f4 d7d5 e4d5 e5e4 d2d3 g8f6 d1e2
C32	King's Gambit Declined: Falkbeer Countergambit, Charousek Variation	گامبی شاهِ ردشده	e2e4 e7e5 f2f4 d7d5 e4d5 e5e4 d2d3 g8f6 d3e4 f6e4 d1e2 d8d5 b1d2 f7f5 g2g4
C32	King's Gambit Declined: Falkbeer Countergambit, Tarrasch Variation	گامبی شاهِ ردشده	e2e4 e7e5 f2f4 d7d5 e4d5 e5e4 d2d3 g8f6 d3e4 f6e4 g1f3 f8c5 d1e2 c8f5 g2g4 e8g8
C33	King's Gambit Accepted	گامبی شاهِ پذیرفته	e2e4 e7e5 f2f4 e5f4
C33	King's Gambit Accepted: Basman Gambit	گامبی شاهِ پذیرفته	e2e4 e7e5 f2f4 e5f4 d1e2
C33	King's Gambit Accepted: Bishop's Gambit	گامبی شاهِ پذیرفته	e2e4 e7e5 f2f4 e5f4 f1c4
C33	King's Gambit Accepted: Bishop's Gambit, Anderssen Defense	گامبی شاهِ پذیرفته	e2e4 e7e5 f2f4 e5f4 f1c4 g7g5
C33	King's Gambit Accepted: Bishop's Gambit, Anderssen Variation	گامبی شاهِ پذیرفته	e2e4 e7e5 f2f4 e5f4 f1c4 d7d5 c4d5 c7c6
C33	King's Gambit Accepted: Bishop's Gambit, Bledow Countergambit	گامبی شاهِ پذیرفته	e2e4 e7e5 f2f4 e5f4 f1c4 d7d5 c4d5 g8f6
C33	King's Gambit Accepted: Bishop's Gambit, Bledow Variation	گامبی شاهِ پذیرفته	e2e4 e7e5 f2f4 e5f4 f1c4 d7d5
C33	King's Gambit Accepted: Bishop's Gambit, Boden Variation	گامبی شاهِ پذیرفته	e2e4 e7e5 f2f4 e5f4 f1c4 d8h4 e1f1 b8c6
C33	King's Gambit Accepted: Bishop's Gambit, Bogoljubow Defense	گامبی شاهِ پذیرفته	e2e4 e7e5 f2f4 e5f4 f1c4 g8f6 b1c3 c7c6
C33	King's Gambit Accepted: Bishop's Gambit, Bogoljubow Variation	گامبی شاهِ پذیرفته	e2e4 e7e5 f2f4 e5f4 f1c4 g8f6 b1c3
C33	King's Gambit Accepted: Bishop's Gambit, Boren-Svenonius Variation	گامبی شاهِ پذیرفته	e2e4 e7e5 f2f4 e5f4 f1c4 d7d5 c4d5 d8h4 e1f1 f8d6
C33	King's Gambit Accepted: Bishop's Gambit, Bryan Countergambit	گامبی شاهِ پذیرفته	e2e4 e7e5 f2f4 e5f4 f1c4 d8h4 e1f1 b7b5
C33	King's Gambit Accepted: Bishop's Gambit, Chigorin's Attack	گامبی شاهِ پذیرفته	e2e4 e7e5 f2f4 e5f4 f1c4 d8h4 e1f1 d7d5 c4d5 g7g5 g2g3
C33	King's Gambit Accepted: Bishop's Gambit, Classical Defense	گامبی شاهِ پذیرفته	e2e4 e7e5 f2f4 e5f4 f1c4 d8h4 e1f1 g8e7 b1c3 g7g5 d2d4 f8g7
C33	King's Gambit Accepted: Bishop's Gambit, Classical Defense, Cozio Attack	گامبی شاهِ پذیرفته	e2e4 e7e5 f2f4 e5f4 f1c4 d8h4 e1f1 g7g5 d1f3
C33	King's Gambit Accepted: Bishop's Gambit, Cozio Defense	گامبی شاهِ پذیرفته	e2e4 e7e5 f2f4 e5f4 f1c4 g8f6
C33	King's Gambit Accepted: Bishop's Gambit, Cozio Variation	گامبی شاهِ پذیرفته	e2e4 e7e5 f2f4 e5f4 f1c4 d8h4 e1f1 d7d6
C33	King's Gambit Accepted: Bishop's Gambit, First Jaenisch Variation	گامبی شاهِ پذیرفته	e2e4 e7e5 f2f4 e5f4 f1c4 d8h4 e1f1 g8f6
C33	King's Gambit Accepted: Bishop's Gambit, Fraser Variation	گامبی شاهِ پذیرفته	e2e4 e7e5 f2f4 e5f4 f1c4 d8h4 e1f1 g7g5 b1c3 f8g7 g2g3 f4g3 d1f3
C33	King's Gambit Accepted: Bishop's Gambit, Gianutio Gambit	گامبی شاهِ پذیرفته	e2e4 e7e5 f2f4 e5f4 f1c4 f7f5
C33	King's Gambit Accepted: Bishop's Gambit, Greco Variation	گامبی شاهِ پذیرفته	e2e4 e7e5 f2f4 e5f4 f1c4 d8h4 e1f1 f8c5
C33	King's Gambit Accepted: Bishop's Gambit, Grimm Attack	گامبی شاهِ پذیرفته	e2e4 e7e5 f2f4 e5f4 f1c4 d8h4 e1f1 g7g5 b1c3 f8g7 d2d4 d7d6 e4e5
C33	King's Gambit Accepted: Bishop's Gambit, Kieseritzky Gambit	گامبی شاهِ پذیرفته	e2e4 e7e5 f2f4 e5f4 f1c4 b7b5
C33	King's Gambit Accepted: Bishop's Gambit, Lopez Defense	گامبی شاهِ پذیرفته	e2e4 e7e5 f2f4 e5f4 f1c4 c7c6
C33	King's Gambit Accepted: Bishop's Gambit, Lopez Variation	گامبی شاهِ پذیرفته	e2e4 e7e5 f2f4 e5f4 f1c4 d8h4 e1f1 g7g5
C33	King's Gambit Accepted: Bishop's Gambit, Maurian Defense	گامبی شاهِ پذیرفته	e2e4 e7e5 f2f4 e5f4 f1c4 b8c6
C33	King's Gambit Accepted: Bishop's Gambit, McDonnell Attack	گامبی شاهِ پذیرفته	e2e4 e7e5 f2f4 e5f4 f1c4 d8h4 e1f1 g7g5 b1c3 f8g7 d2d4 g8e7 g2g3
C33	King's Gambit Accepted: Bishop's Gambit, McDonnell Attack	گامبی شاهِ پذیرفته	e2e4 e7e5 f2f4 e5f4 f1c4 d8h4 e1f1 g7g5 b1c3 f8g7 g2g3
C33	King's Gambit Accepted: Bishop's Gambit, Paulsen Attack	گامبی شاهِ پذیرفته	e2e4 e7e5 f2f4 e5f4 f1c4 g8f6 b1c3 f8b4 e4e5
C33	King's Gambit Accepted: Bishop's Gambit, Steinitz Defense	گامبی شاهِ پذیرفته	e2e4 e7e5 f2f4 e5f4 f1c4 g8e7
C33	King's Gambit Accepted: Breyer Gambit	گامبی شاهِ پذیرفته	e2e4 e7e5 f2f4 e5f4 d1f3
C33	King's Gambit Accepted: Carrera Gambit	گامبی شاهِ پذیرفته	e2e4 e7e5 f2f4 e5f4 d1h5
C33	King's Gambit Accepted: Dodo Variation	گامبی شاهِ پذیرفته	e2e4 e7e5 f2f4 e5f4 d1g4
C33	King's Gambit Accepted: Eisenberg Variation	گامبی شاهِ پذیرفته	e2e4 e7e5 f2f4 e5f4 g1h3
C33	King's Gambit Accepted: Gaga Gambit	گامبی شاهِ پذیرفته	e2e4 e7e5 f2f4 e5f4 g2g3
C33	King's Gambit Accepted: Lopez-Gianutio Countergambit, Hein Variation	گامبی شاهِ پذیرفته	e2e4 e7e5 f2f4 e5f4 f1c4 f7f5 d1e2 d8h4 e1d1 f5e4 b1c3 e8d8
C33	King's Gambit Accepted: Mason-Keres Gambit	گامبی شاهِ پذیرفته	e2e4 e7e5 f2f4 e5f4 b1c3
C33	King's Gambit Accepted: Orsini Gambit	گامبی شاهِ پذیرفته	e2e4 e7e5 f2f4 e5f4 b2b3
C33	King's Gambit Accepted: Paris Gambit	گامبی شاهِ پذیرفته	e2e4 e7e5 f2f4 e5f4 g1e2
C33	King's Gambit Accepted: Schurig Gambit, with Bb5	گامبی شاهِ پذیرفته	e2e4 e7e5 f2f4 e5f4 f1b5
C33	King's Gambit Accepted: Schurig Gambit, with Bd3	گامبی شاهِ پذیرفته	e2e4 e7e5 f2f4 e5f4 f1d3
C33	King's Gambit Accepted: Stamma Gambit	گامبی شاهِ پذیرفته	e2e4 e7e5 f2f4 e5f4 h2h4
C33	King's Gambit Accepted: Tartakower Gambit	گامبی شاهِ پذیرفته	e2e4 e7e5 f2f4 e5f4 f1e2
C33	King's Gambit Accepted: Tartakower Gambit, Weiss Defense	گامبی شاهِ پذیرفته	e2e4 e7e5 f2f4 e5f4 f1e2 f7f5 e4f5 d7d6
C33	King's Gambit Accepted: Tumbleweed	گامبی شاهِ پذیرفته	e2e4 e7e5 f2f4 e5f4 e1f2
C33	King's Gambit Accepted: Villemson Gambit	گامبی شاهِ پذیرفته	e2e4 e7e5 f2f4 e5f4 d2d4
C34	King's Gambit Accepted: Becker Defense	گامبی شاهِ پذیرفته	e2e4 e7e5 f2f4 e5f4 g1f3 h7h6
C34	King's Gambit Accepted: Bonsch-Osmolovsky Variation	گامبی شاهِ پذیرفته	e2e4 e7e5 f2f4 e5f4 g1f3 g8e7
C34	King's Gambit Accepted: Fischer Defense	گامبی شاهِ پذیرفته	e2e4 e7e5 f2f4 e5f4 g1f3 d7d6
C34	King's Gambit Accepted: Fischer Defense, Schulder Gambit	گامبی شاهِ پذیرفته	e2e4 e7e5 f2f4 e5f4 g1f3 d7d6 b2b4
C34	King's Gambit Accepted: Fischer Defense, Spanish Variation	گامبی شاهِ پذیرفته	e2e4 e7e5 f2f4 e5f4 g1f3 d7d6 d2d4 g8f6 f1d3
C34	King's Gambit Accepted: Gianutio Countergambit	گامبی شاهِ پذیرفته	e2e4 e7e5 f2f4 e5f4 g1f3 f7f5
C34	King's Gambit Accepted: Greco Gambit	گامبی شاهِ پذیرفته	e2e4 e7e5 f2f4 e5f4 g1f3 d7d6 f1c4 h7h6 d2d4 g7g5 h2h4 f8g7
C34	King's Gambit Accepted: King's Knight's Gambit	گامبی شاهِ پذیرفته	e2e4 e7e5 f2f4 e5f4 g1f3 g7g5
C34	King's Gambit Accepted: King's Knight's Gambit	گامبی شاهِ پذیرفته	e2e4 e7e5 f2f4 e5f4 g1f3
C34	King's Gambit Accepted: MacLeod Defense	گامبی شاهِ پذیرفته	e2e4 e7e5 f2f4 e5f4 g1f3 b8c6
C34	King's Gambit Accepted: Schallopp Defense	گامبی شاهِ پذیرفته	e2e4 e7e5 f2f4 e5f4 g1f3 g8f6
C34	King's Gambit Accepted: Schallopp Defense, Tashkent Attack	گامبی شاهِ پذیرفته	e2e4 e7e5 f2f4 e5f4 g1f3 g8f6 e4e5 f6h5 g2g4
C34	King's Gambit Accepted: Wagenbach Defense	گامبی شاهِ پذیرفته	e2e4 e7e5 f2f4 e5f4 g1f3 h7h5
C35	King's Gambit Accepted: Cunningham Defense	گامبی شاهِ پذیرفته	e2e4 e7e5 f2f4 e5f4 g1f3 f8e7
C35	King's Gambit Accepted: Cunningham Defense, Bertin Gambit	گامبی شاهِ پذیرفته	e2e4 e7e5 f2f4 e5f4 g1f3 f8e7 f1c4 e7h4 g2g3
C35	King's Gambit Accepted: Cunningham Defense, Bertin Gambit	گامبی شاهِ پذیرفته	e2e4 e7e5 f2f4 e5f4 g1f3 f8e7 f1c4 e7h4 g2g3 f4g3 e1g1 g3h2 g1h1
C35	King's Gambit Accepted: Cunningham Defense, McCormick Defense	گامبی شاهِ پذیرفته	e2e4 e7e5 f2f4 e5f4 g1f3 f8e7 f1c4 g8f6
C36	King's Gambit Accepted: Abbazia Defense	گامبی شاهِ پذیرفته	e2e4 e7e5 f2f4 e5f4 g1f3 d7d5 e4d5 g8f6
C36	King's Gambit Accepted: Abbazia Defense, Main Line	گامبی شاهِ پذیرفته	e2e4 e7e5 f2f4 e5f4 g1f3 d7d5 e4d5 g8f6 f1b5 c7c6 d5c6 b7c6 b5c4 f6d5
C36	King's Gambit Accepted: Modern Defense	گامبی شاهِ پذیرفته	e2e4 e7e5 f2f4 e5f4 g1f3 d7d5
C36	King's Gambit Accepted: Modern Defense	گامبی شاهِ پذیرفته	e2e4 e7e5 f2f4 e5f4 g1f3 d7d5 e4d5
C37	King's Gambit Accepted: Australian Gambit	گامبی شاهِ پذیرفته	e2e4 e7e5 f2f4 e5f4 g1f3 g7g5 f1c4 g5g4 h2h4
C37	King's Gambit Accepted: Blachly Gambit	گامبی شاهِ پذیرفته	e2e4 e7e5 f2f4 e5f4 g1f3 b8c6 f1c4 g7g5
C37	King's Gambit Accepted: Double Muzio Gambit	گامبی شاهِ پذیرفته	e2e4 e7e5 f2f4 e5f4 g1f3 g7g5 f1c4 g5g4 e1g1 g4f3 d1f3 d8f6 e4e5 f6e5 c4f7
C37	King's Gambit Accepted: Double Muzio Gambit, Baldwin Gambit	گامبی شاهِ پذیرفته	e2e4 e7e5 f2f4 e5f4 g1f3 g7g5 f1c4 g5g4 e1g1 g4f3 d1f3 d8f6 b1c3 f6d4 g1h1 d4c4 c3d5
C37	King's Gambit Accepted: Double Muzio Gambit, Bello Gambit	گامبی شاهِ پذیرفته	e2e4 e7e5 f2f4 e5f4 g1f3 g7g5 f1c4 g5g4 e1g1 g4f3 d1f3 d8f6 b1c3
C37	King's Gambit Accepted: Double Muzio Gambit, Paulsen Defense	گامبی شاهِ پذیرفته	e2e4 e7e5 f2f4 e5f4 g1f3 g7g5 f1c4 g5g4 e1g1 g4f3 d1f3 d8f6 e4e5 f6e5 d2d3 f8h6 b1c3 g8e7 c1d2 b8c6 a1e1
C37	King's Gambit Accepted: Double Muzio Gambit, Young Gambit	گامبی شاهِ پذیرفته	e2e4 e7e5 f2f4 e5f4 g1f3 g7g5 f1c4 g5g4 e1g1 g4f3 d1f3 d8f6 c4f7 e8f7 d2d4 f6d4 c1e3 d4f6 b1c3 f4e3
C37	King's Gambit Accepted: Ghulam-Kassim Gambit	گامبی شاهِ پذیرفته	e2e4 e7e5 f2f4 e5f4 g1f3 g7g5 f1c4 g5g4 d2d4
C37	King's Gambit Accepted: Ghulam-Kassim Gambit	گامبی شاهِ پذیرفته	e2e4 e7e5 f2f4 e5f4 g1f3 g7g5 f1c4 g5g4 d2d4 g4f3 d1f3
C37	King's Gambit Accepted: King's Knight's Gambit	گامبی شاهِ پذیرفته	e2e4 e7e5 f2f4 e5f4 g1f3 g7g5 f1c4
C37	King's Gambit Accepted: Kotov Gambit	گامبی شاهِ پذیرفته	e2e4 e7e5 f2f4 e5f4 g1f3 g7g5 f1c4 g5g4 d2d4 g4f3 c1f4
C37	King's Gambit Accepted: Lolli Gambit	گامبی شاهِ پذیرفته	e2e4 e7e5 f2f4 e5f4 g1f3 g7g5 f1c4 g5g4 c4f7
C37	King's Gambit Accepted: Lolli Gambit, Young Variation	گامبی شاهِ پذیرفته	e2e4 e7e5 f2f4 e5f4 g1f3 g7g5 f1c4 g5g4 c4f7 e8f7 e1g1 g4f3 d1f3 d8f6 d2d4 f6d4 c1e3 d4f6 b1c3
C37	King's Gambit Accepted: McDonnell Gambit	گامبی شاهِ پذیرفته	e2e4 e7e5 f2f4 e5f4 g1f3 g7g5 f1c4 g5g4 b1c3
C37	King's Gambit Accepted: Middleton Countergambit	گامبی شاهِ پذیرفته	e2e4 e7e5 f2f4 e5f4 g1f3 g7g5 f1c4 d7d6 e1g1 c8g4 h2h3 h7h5 h3g4 h5g4
C37	King's Gambit Accepted: Muzio Gambit Accepted, From's Defense	گامبی شاهِ پذیرفته	e2e4 e7e5 f2f4 e5f4 g1f3 g7g5 f1c4 g5g4 e1g1 g4f3 d1f3 d8e7
C37	King's Gambit Accepted: Muzio Gambit, Brentano Defense	گامبی شاهِ پذیرفته	e2e4 e7e5 f2f4 e5f4 g1f3 g7g5 f1c4 g5g4 e1g1 d7d5
C37	King's Gambit Accepted: Muzio Gambit, Holloway Defense	گامبی شاهِ پذیرفته	e2e4 e7e5 f2f4 e5f4 g1f3 g7g5 f1c4 g5g4 e1g1 g4f3 d1f3 b8c6
C37	King's Gambit Accepted: Muzio Gambit, Kling and Horwitz Counterattack	گامبی شاهِ پذیرفته	e2e4 e7e5 f2f4 e5f4 g1f3 g7g5 f1c4 g5g4 e1g1 d8e7
C37	King's Gambit Accepted: Muzio Gambit, Sarratt Defense	گامبی شاهِ پذیرفته	e2e4 e7e5 f2f4 e5f4 g1f3 g7g5 f1c4 g5g4 e1g1 g4f3 d1f3 d8f6
C37	King's Gambit Accepted: Muzio Gambit, Wild Muzio Gambit	گامبی شاهِ پذیرفته	e2e4 e7e5 f2f4 e5f4 g1f3 g7g5 f1c4 g5g4 e1g1
C37	King's Gambit Accepted: Quaade Gambit	گامبی شاهِ پذیرفته	e2e4 e7e5 f2f4 e5f4 g1f3 g7g5 b1c3
C37	King's Gambit Accepted: Rosentreter Gambit	گامبی شاهِ پذیرفته	e2e4 e7e5 f2f4 e5f4 g1f3 g7g5 d2d4
C37	King's Gambit Accepted: Rosentreter Gambit, Bird Gambit	گامبی شاهِ پذیرفته	e2e4 e7e5 f2f4 e5f4 g1f3 g7g5 d2d4 g5g4 f3e5 d8h4 g2g3
C37	King's Gambit Accepted: Rosentreter Gambit, Sörensen Gambit	گامبی شاهِ پذیرفته	e2e4 e7e5 f2f4 e5f4 g1f3 g7g5 d2d4 g5g4 b1c3
C37	King's Gambit Accepted: Rosentreter Gambit, Testa Variation	گامبی شاهِ پذیرفته	e2e4 e7e5 f2f4 e5f4 g1f3 g7g5 d2d4 g5g4 c1f4
C37	King's Gambit Accepted: Salvio Gambit	گامبی شاهِ پذیرفته	e2e4 e7e5 f2f4 e5f4 g1f3 g7g5 f1c4 g5g4 f3e5
C37	King's Gambit Accepted: Salvio Gambit, Anderssen Counterattack	گامبی شاهِ پذیرفته	e2e4 e7e5 f2f4 e5f4 g1f3 g7g5 f1c4 g5g4 f3e5 d8h4 e1f1 g8h6 d2d4 d7d6
C37	King's Gambit Accepted: Salvio Gambit, Cochrane Gambit	گامبی شاهِ پذیرفته	e2e4 e7e5 f2f4 e5f4 g1f3 g7g5 f1c4 g5g4 f3e5 d8h4 e1f1 f4f3
C37	King's Gambit Accepted: Salvio Gambit, Santa Maria Defense	گامبی شاهِ پذیرفته	e2e4 e7e5 f2f4 e5f4 g1f3 g7g5 f1c4 g5g4 f3e5 d8h4 e1f1 g8f6
C37	King's Gambit Accepted: Salvio Gambit, Silberschmidt Defense	گامبی شاهِ پذیرفته	e2e4 e7e5 f2f4 e5f4 g1f3 g7g5 f1c4 g5g4 f3e5 d8h4 e1f1 g8h6
C37	King's Gambit Accepted: Salvio Gambit, Viennese Variation	گامبی شاهِ پذیرفته	e2e4 e7e5 f2f4 e5f4 g1f3 g7g5 f1c4 g5g4 f3e5 d8h4 e1f1 b8c6
C37	King's Gambit Accepted: Silberschmidt Gambit	گامبی شاهِ پذیرفته	e2e4 e7e5 f2f4 e5f4 g1f3 g7g5 f1c4 g5g4 f3e5 d8h4 e1f1 g8h6 d2d4 f4f3
C37	King's Gambit Accepted: Sörensen Gambit	گامبی شاهِ پذیرفته	e2e4 e7e5 f2f4 e5f4 g1f3 g7g5 d2d4 g5g4 f3e5
C38	King's Gambit Accepted: Greco Gambit	گامبی شاهِ پذیرفته	e2e4 e7e5 f2f4 e5f4 g1f3 g7g5 f1c4 f8g7 h2h4 h7h6 d2d4 d7d6 b1c3 c7c6 h4g5 h6g5 h1h8 g7h8 f3e5
C38	King's Gambit Accepted: Hanstein Gambit	گامبی شاهِ پذیرفته	e2e4 e7e5 f2f4 e5f4 g1f3 g7g5 f1c4 f8g7 e1g1
C38	King's Gambit Accepted: Mayet Gambit	گامبی شاهِ پذیرفته	e2e4 e7e5 f2f4 e5f4 g1f3 g7g5 f1c4 f8g7 d2d4 d7d6 c2c3
C38	King's Gambit Accepted: Philidor Gambit	گامبی شاهِ پذیرفته	e2e4 e7e5 f2f4 e5f4 g1f3 g7g5 f1c4 f8g7 h2h4
C38	King's Gambit Accepted: Philidor Gambit, Schultz Variation	گامبی شاهِ پذیرفته	e2e4 e7e5 f2f4 e5f4 g1f3 h7h6 f1c4 d7d6 d2d4 g7g5 h2h4 f8g7 d1d3
C38	King's Gambit Accepted: Traditional Variation	گامبی شاهِ پذیرفته	e2e4 e7e5 f2f4 e5f4 g1f3 g7g5 f1c4 f8g7
C39	King's Gambit Accepted: Allgaier Gambit	گامبی شاهِ پذیرفته	e2e4 e7e5 f2f4 e5f4 g1f3 g7g5 h2h4 g5g4 f3g5
C39	King's Gambit Accepted: Allgaier Gambit, Thorold Attack	گامبی شاهِ پذیرفته	e2e4 e7e5 f2f4 e5f4 g1f3 g7g5 h2h4 g5g4 f3g5 h7h6 g5f7 e8f7 d2d4
C39	King's Gambit Accepted: Allgaier Gambit, Urusov Attack	گامبی شاهِ پذیرفته	e2e4 e7e5 f2f4 e5f4 g1f3 g7g5 h2h4 g5g4 f3g5 h7h6 g5f7 e8f7 f1c4
C39	King's Gambit Accepted: Allgaier, Blackburne Gambit	گامبی شاهِ پذیرفته	e2e4 e7e5 f2f4 e5f4 g1f3 g7g5 h2h4 g5g4 f3g5 h7h6 g5f7 e8f7 b1c3
C39	King's Gambit Accepted: Allgaier, Cook Variation	گامبی شاهِ پذیرفته	e2e4 e7e5 f2f4 e5f4 g1f3 g7g5 h2h4 g5g4 f3g5 h7h6 g5f7 e8f7 d2d4 d7d5 c1f4 d5e4 f1c4 f7g7 f4e5
C39	King's Gambit Accepted: Allgaier, Horny Defense	گامبی شاهِ پذیرفته	e2e4 e7e5 f2f4 e5f4 g1f3 g7g5 h2h4 g5g4 f3g5 h7h6 g5f7 e8f7 d1g4 g8f6 g4f4 f8d6
C39	King's Gambit Accepted: Allgaier, Schlechter Defense	گامبی شاهِ پذیرفته	e2e4 e7e5 f2f4 e5f4 g1f3 g7g5 h2h4 g5g4 f3g5 g8f6
C39	King's Gambit Accepted: Allgaier, Urusov Attack	گامبی شاهِ پذیرفته	e2e4 e7e5 f2f4 e5f4 g1f3 g7g5 h2h4 g5g4 f3g5 h7h6 g5f7 e8f7 f1c4 d7d5 c4d5 f7g7 d2d4
C39	King's Gambit Accepted: Kieseritzky Gambit	گامبی شاهِ پذیرفته	e2e4 e7e5 f2f4 e5f4 g1f3 g7g5 h2h4 g5g4 f3e5
C39	King's Gambit Accepted: Kieseritzky Gambit, Anderssen Defense	گامبی شاهِ پذیرفته	e2e4 e7e5 f2f4 e5f4 g1f3 g7g5 h2h4 g5g4 f3e5 g8f6 f1c4 d7d5 e4d5 f8d6
C39	King's Gambit Accepted: Kieseritzky Gambit, Anderssen-Cordel Gambit	گامبی شاهِ پذیرفته	e2e4 e7e5 f2f4 e5f4 g1f3 g7g5 h2h4 g5g4 f3e5 g8f6 f1c4 d7d5 e4d5 f8d6 d2d4 f6h5 c1f4 h5f4
C39	King's Gambit Accepted: Kieseritzky Gambit, Berlin Defense	گامبی شاهِ پذیرفته	e2e4 e7e5 f2f4 e5f4 g1f3 g7g5 h2h4 g5g4 f3e5 g8f6
C39	King's Gambit Accepted: Kieseritzky Gambit, Berlin Defense, Rubinstein Variation	گامبی شاهِ پذیرفته	e2e4 e7e5 f2f4 e5f4 g1f3 g7g5 h2h4 g5g4 f3e5 g8f6 d2d4
C39	King's Gambit Accepted: Kieseritzky Gambit, Berlin Defense, de Riviere Variation	گامبی شاهِ پذیرفته	e2e4 e7e5 f2f4 e5f4 g1f3 g7g5 h2h4 g5g4 f3e5 g8f6 e5g4 d7d5
C39	King's Gambit Accepted: Kieseritzky Gambit, Brentano Defense	گامبی شاهِ پذیرفته	e2e4 e7e5 f2f4 e5f4 g1f3 g7g5 h2h4 g5g4 f3e5 d7d5
C39	King's Gambit Accepted: Kieseritzky Gambit, Brentano Defense	گامبی شاهِ پذیرفته	e2e4 e7e5 f2f4 e5f4 g1f3 g7g5 h2h4 g5g4 f3e5 d7d5 d2d4 g8f6 c1f4
C39	King's Gambit Accepted: Kieseritzky Gambit, Brentano Defense, Caro Variation	گامبی شاهِ پذیرفته	e2e4 e7e5 f2f4 e5f4 g1f3 g7g5 h2h4 g5g4 f3e5 d7d5 d2d4 g8f6 c1f4 f6e4 b1d2
C39	King's Gambit Accepted: Kieseritzky Gambit, Cotter Gambit	گامبی شاهِ پذیرفته	e2e4 e7e5 f2f4 e5f4 g1f3 g7g5 h2h4 g5g4 f3g5 h7h6 g5f7
C39	King's Gambit Accepted: Kieseritzky Gambit, Kolisch Defense	گامبی شاهِ پذیرفته	e2e4 e7e5 f2f4 e5f4 g1f3 g7g5 h2h4 g5g4 f3e5 d7d6
C39	King's Gambit Accepted: Kieseritzky Gambit, Long Whip	گامبی شاهِ پذیرفته	e2e4 e7e5 f2f4 e5f4 g1f3 g7g5 h2h4 g5g4 f3e5 h7h5
C39	King's Gambit Accepted: Kieseritzky Gambit, Neumann Defense	گامبی شاهِ پذیرفته	e2e4 e7e5 f2f4 e5f4 g1f3 g7g5 h2h4 g5g4 f3e5 b8c6
C39	King's Gambit Accepted: Kieseritzky Gambit, Paulsen Defense	گامبی شاهِ پذیرفته	e2e4 e7e5 f2f4 e5f4 g1f3 g7g5 h2h4 g5g4 f3e5 f8g7
C39	King's Gambit Accepted: Kieseritzky Gambit, Paulsen Defense Deferred	گامبی شاهِ پذیرفته	e2e4 e7e5 f2f4 e5f4 g1f3 g7g5 h2h4 g5g4 f3e5 g8f6 f1c4 d7d5 e4d5 f8g7
C39	King's Gambit Accepted: Kieseritzky Gambit, Rice Gambit	گامبی شاهِ پذیرفته	e2e4 e7e5 f2f4 e5f4 g1f3 g7g5 h2h4 g5g4 f3e5 g8f6 f1c4 d7d5 e4d5 f8d6 e1g1 d6e5
C39	King's Gambit Accepted: Kieseritzky Gambit, Rosenthal Defense	گامبی شاهِ پذیرفته	e2e4 e7e5 f2f4 e5f4 g1f3 g7g5 h2h4 g5g4 f3e5 d8e7
C39	King's Gambit Accepted: Kieseritzky, Long Whip Defense, Jaenisch Variation	گامبی شاهِ پذیرفته	e2e4 e7e5 f2f4 e5f4 g1f3 g7g5 h2h4 g5g4 f3e5 h7h5 f1c4 h8h7 d2d4 f8h6 b1c3
C39	King's Gambit Accepted: Kieseritzky, Polerio Defense	گامبی شاهِ پذیرفته	e2e4 e7e5 f2f4 e5f4 g1f3 g7g5 h2h4 g5g4 f3e5 f8e7
C39	King's Gambit Accepted: Kieseritzky, Rice Gambit	گامبی شاهِ پذیرفته	e2e4 e7e5 f2f4 e5f4 g1f3 g7g5 h2h4 g5g4 f3e5 g8f6 f1c4 d7d5 e4d5 f8d6 e1g1
C39	King's Gambit Accepted: Kieseritzky, Salvio Defense, Cozio Variation	گامبی شاهِ پذیرفته	e2e4 e7e5 f2f4 e5f4 g1f3 g7g5 h2h4 g5g4 f3e5 d8e7 d2d4 f7f5 f1c4
C39	King's Gambit Accepted: King's Knight's Gambit	گامبی شاهِ پذیرفته	e2e4 e7e5 f2f4 e5f4 g1f3 g7g5 h2h4
C40	Elephant Gambit	گامبی الفنت	e2e4 e7e5 g1f3 d7d5
C40	Elephant Gambit: Maróczy Gambit	گامبی الفنت	e2e4 e7e5 g1f3 d7d5 e4d5 f8d6
C40	Elephant Gambit: Paulsen Countergambit	گامبی الفنت	e2e4 e7e5 g1f3 d7d5 e4d5 e5e4
C40	Elephant Gambit: Wasp Variation	گامبی الفنت	e2e4 e7e5 g1f3 d7d5 f3e5 d5e4 f1c4 d8g5
C40	Gunderam Defense	دفاع گوندرام	e2e4 e7e5 g1f3 d8e7
C40	King's Knight Opening	گشایش اسب شاه	e2e4 e7e5 g1f3
C40	King's Pawn Game: Busch-Gass Gambit	بازی پیاده‌ی شاه	e2e4 e7e5 g1f3 f8c5
C40	King's Pawn Game: Busch-Gass Gambit, Chiodini Gambit	بازی پیاده‌ی شاه	e2e4 e7e5 g1f3 f8c5 f3e5 b8c6
C40	King's Pawn Game: Damiano Defense	بازی پیاده‌ی شاه	e2e4 e7e5 g1f3 f7f6
C40	King's Pawn Game: Damiano Defense, Damiano Gambit	بازی پیاده‌ی شاه	e2e4 e7e5 g1f3 f7f6 f3e5 f6e5 d1h5 g7g6 h5e5 d8e7 e5h8
C40	King's Pawn Game: Damiano Defense, Damiano Gambit, Chigorin Gambit	بازی پیاده‌ی شاه	e2e4 e7e5 g1f3 f7f6 f3e5 d8e7 e5f3 d7d5
C40	King's Pawn Game: Gunderam Defense, Gunderam Gambit	بازی پیاده‌ی شاه	e2e4 e7e5 g1f3 d8e7 f1c4 f7f5
C40	King's Pawn Game: Gunderam Gambit	بازی پیاده‌ی شاه	e2e4 e7e5 g1f3 c7c6
C40	King's Pawn Game: La Bourdonnais Gambit	بازی پیاده‌ی شاه	e2e4 e7e5 g1f3 d8f6 f1c4 f6g6 e1g1
C40	King's Pawn Game: McConnell Defense	بازی پیاده‌ی شاه	e2e4 e7e5 g1f3 d8f6
C40	Latvian Gambit	گامبی لتونیایی	e2e4 e7e5 g1f3 f7f5
C40	Latvian Gambit Accepted	گامبی لتونیاییِ پذیرفته	e2e4 e7e5 g1f3 f7f5 e4f5
C40	Latvian Gambit Accepted: Bilguer Variation	گامبی لتونیاییِ پذیرفته	e2e4 e7e5 g1f3 f7f5 f3e5 d8f6 d2d4 d7d6 e5c4
C40	Latvian Gambit Accepted: Bronstein Attack	گامبی لتونیاییِ پذیرفته	e2e4 e7e5 g1f3 f7f5 f3e5 d8f6 d2d4 d7d6 e5c4 f5e4 f1e2
C40	Latvian Gambit Accepted: Bronstein Gambit	گامبی لتونیاییِ پذیرفته	e2e4 e7e5 g1f3 f7f5 f3e5 d8f6 d2d4 d7d6 e5c4 f5e4 d1h5 g7g6 h5e2
C40	Latvian Gambit Accepted: Foltys Variation	گامبی لتونیاییِ پذیرفته	e2e4 e7e5 g1f3 f7f5 f3e5 d8f6 e5c4 f5e4 d2d3
C40	Latvian Gambit Accepted: Foltys-Leonhardt Variation	گامبی لتونیاییِ پذیرفته	e2e4 e7e5 g1f3 f7f5 f3e5 d8f6 e5c4
C40	Latvian Gambit Accepted: Leonhardt Variation	گامبی لتونیاییِ پذیرفته	e2e4 e7e5 g1f3 f7f5 f3e5 d8f6 e5c4 f5e4 b1c3
C40	Latvian Gambit Accepted: Main Line	گامبی لتونیاییِ پذیرفته	e2e4 e7e5 g1f3 f7f5 f3e5 d8f6 d2d4
C40	Latvian Gambit Accepted: Nimzowitsch Attack	گامبی لتونیاییِ پذیرفته	e2e4 e7e5 g1f3 f7f5 f3e5 d8f6 d2d4 d7d6 e5c4 f5e4 c4e3
C40	Latvian Gambit: Behting Variation	گامبی لتونیایی	e2e4 e7e5 g1f3 f7f5 f1c4 f5e4 f3e5 d8g5 e5f7 g5g2 h1f1 d7d5 f7h8 g8f6
C40	Latvian Gambit: Corkscrew Countergambit	گامبی لتونیایی	e2e4 e7e5 g1f3 f7f5 f1c4 f5e4 f3e5 g8f6
C40	Latvian Gambit: Corkscrew Gambit	گامبی لتونیایی	e2e4 e7e5 g1f3 f7f5 f3e5 g8f6 f1c4 f5e4 e5f7 d8e7 f7h8 d7d5
C40	Latvian Gambit: Diepstraten Countergambit	گامبی لتونیایی	e2e4 e7e5 g1f3 f7f5 c2c4
C40	Latvian Gambit: Fraser Defense	گامبی لتونیایی	e2e4 e7e5 g1f3 f7f5 f3e5 b8c6
C40	Latvian Gambit: Greco Variation	گامبی لتونیایی	e2e4 e7e5 g1f3 f7f5 f3e5 d8e7
C40	Latvian Gambit: Lobster Gambit	گامبی لتونیایی	e2e4 e7e5 g1f3 f7f5 g2g4
C40	Latvian Gambit: Mason Countergambit	گامبی لتونیایی	e2e4 e7e5 g1f3 f7f5 d2d4
C40	Latvian Gambit: Mayet Attack	گامبی لتونیایی	e2e4 e7e5 g1f3 f7f5 f1c4
C40	Latvian Gambit: Mayet Attack, Morgado Defense	گامبی لتونیایی	e2e4 e7e5 g1f3 f7f5 f1c4 g8f6
C40	Latvian Gambit: Mayet Attack, Poisoned Pawn Variation	گامبی لتونیایی	e2e4 e7e5 g1f3 f7f5 f1c4 f5e4 f3e5 d8g5 d2d4 g5g2
C40	Latvian Gambit: Mayet Attack, Polerio-Svedenborg Variation	گامبی لتونیایی	e2e4 e7e5 g1f3 f7f5 f1c4 f5e4 f3e5 d7d5
C40	Latvian Gambit: Mayet Attack, Strautins Gambit	گامبی لتونیایی	e2e4 e7e5 g1f3 f7f5 f1c4 b7b5
C40	Latvian Gambit: Mlotkowski Variation	گامبی لتونیایی	e2e4 e7e5 g1f3 f7f5 b1c3
C40	Latvian Gambit: Senechaud Gambit	گامبی لتونیایی	e2e4 e7e5 g1f3 f7f5 b2b4
C41	Philidor Defense	دفاع فیلیدور	e2e4 e7e5 g1f3 d7d6
C41	Philidor Defense	دفاع فیلیدور	e2e4 e7e5 g1f3 d7d6 d2d4
C41	Philidor Defense	دفاع فیلیدور	e2e4 e7e5 g1f3 d7d6 f1c4
C41	Philidor Defense	دفاع فیلیدور	e2e4 e7e5 g1f3 d7d6 f1c4 f8e7
C41	Philidor Defense: Albin-Blackburne Gambit	دفاع فیلیدور	e2e4 e7e5 g1f3 d7d6 d2d4 c8g4 d4e5 b8d7
C41	Philidor Defense: Berger Variation	دفاع فیلیدور	e2e4 e7e5 g1f3 d7d6 d2d4 e5d4 f3d4 g8f6 b1c3 f8e7 f1e2 e8g8 e1g1 c7c5 d4f3 b8c6 c1g5 c8e6 f1e1
C41	Philidor Defense: Bird Gambit	دفاع فیلیدور	e2e4 e7e5 g1f3 d7d6 d2d4 e5d4 c2c3
C41	Philidor Defense: Boden Variation	دفاع فیلیدور	e2e4 e7e5 g1f3 d7d6 d2d4 e5d4 d1d4 c8d7
C41	Philidor Defense: Exchange Variation	دفاع فیلیدور	e2e4 e7e5 g1f3 d7d6 d2d4 e5d4
C41	Philidor Defense: Exchange Variation	دفاع فیلیدور	e2e4 e7e5 g1f3 d7d6 d2d4 e5d4 f3d4
C41	Philidor Defense: Exchange Variation	دفاع فیلیدور	e2e4 e7e5 g1f3 d7d6 d2d4 e5d4 f3d4 g8f6
C41	Philidor Defense: Hanham Variation	دفاع فیلیدور	e2e4 e7e5 g1f3 d7d6 d2d4 b8d7
C41	Philidor Defense: Hanham Variation, Delmar Variation	دفاع فیلیدور	e2e4 e7e5 g1f3 d7d6 d2d4 b8d7 f1c4 c7c6 c2c3
C41	Philidor Defense: Hanham Variation, Krause Variation	دفاع فیلیدور	e2e4 e7e5 g1f3 d7d6 d2d4 b8d7 f1c4 c7c6 e1g1
C41	Philidor Defense: Hanham Variation, Schlechter Variation	دفاع فیلیدور	e2e4 e7e5 g1f3 d7d6 d2d4 b8d7 f1c4 c7c6 b1c3
C41	Philidor Defense: Hanham Variation, Sharp Variation	دفاع فیلیدور	e2e4 e7e5 g1f3 d7d6 d2d4 b8d7 f1c4 d7b6
C41	Philidor Defense: Hanham Variation, Steiner Variation	دفاع فیلیدور	e2e4 e7e5 g1f3 d7d6 d2d4 b8d7 f1c4 c7c6 e1g1 f8e7 d4e5
C41	Philidor Defense: Hanham, Kmoch Variation	دفاع فیلیدور	e2e4 e7e5 g1f3 d7d6 d2d4 b8d7 f1c4 c7c6 f3g5
C41	Philidor Defense: Larsen Variation	دفاع فیلیدور	e2e4 e7e5 g1f3 d7d6 d2d4 e5d4 f3d4 g7g6
C41	Philidor Defense: Lion Variation	دفاع فیلیدور	e2e4 e7e5 g1f3 d7d6 d2d4 g8f6 b1c3 b8d7
C41	Philidor Defense: Lion Variation, Bishop Sacrifice	دفاع فیلیدور	e2e4 e7e5 g1f3 d7d6 d2d4 g8f6 b1c3 b8d7 f1c4 f8e7 c4f7
C41	Philidor Defense: Lion Variation, Delayed Bishop Sacrifice	دفاع فیلیدور	e2e4 d7d6 d2d4 g8f6 b1c3 b8d7 g1f3 e7e5 f1c4 f8e7 d4e5 d6e5 c4f7
C41	Philidor Defense: Lion Variation, Forcing Line	دفاع فیلیدور	e2e4 e7e5 g1f3 d7d6 d2d4 g8f6 b1c3 b8d7 f1c4 f8e7 f3g5 e8g8 c4f7 f8f7 g5e6
C41	Philidor Defense: Lion Variation, Lion's Claw, with Bc4 and h6	دفاع فیلیدور	e2e4 e7e5 g1f3 d7d6 d2d4 g8f6 b1c3 b8d7 f1c4 f8e7 e1g1 h7h6
C41	Philidor Defense: Lion Variation, Lion's Claw, with Be2 and c6	دفاع فیلیدور	e2e4 e7e5 g1f3 d7d6 d2d4 g8f6 b1c3 b8d7 f1e2 f8e7 e1g1 c7c6
C41	Philidor Defense: Lion Variation, Shirov Gambit	دفاع فیلیدور	e2e4 e7e5 g1f3 d7d6 d2d4 b8d7 b1c3 g8f6 g2g4
C41	Philidor Defense: Lion Variation, Sozin Variation	دفاع فیلیدور	e2e4 d7d6 d2d4 g8f6 b1c3 e7e5 g1f3 b8d7 f1c4 f8e7 e1g1 e8g8 d1e2 c7c6 a2a4 e5d4
C41	Philidor Defense: Lopez Countergambit	دفاع فیلیدور	e2e4 e7e5 g1f3 d7d6 f1c4 f7f5
C41	Philidor Defense: Lopez Countergambit, Jaenisch Variation	دفاع فیلیدور	e2e4 e7e5 g1f3 d7d6 d2d4 f7f5 f1c4 e5d4 f3g5 g8h6 g5h7
C41	Philidor Defense: Morphy Gambit	دفاع فیلیدور	e2e4 e7e5 g1f3 d7d6 d2d4 e5d4 f1c4
C41	Philidor Defense: Nimzowitsch Variation	دفاع فیلیدور	e2e4 e7e5 g1f3 d7d6 d2d4 g8f6
C41	Philidor Defense: Nimzowitsch Variation	دفاع فیلیدور	e2e4 e7e5 g1f3 d7d6 d2d4 g8f6 d4e5
C41	Philidor Defense: Nimzowitsch Variation, Klein Variation	دفاع فیلیدور	e2e4 e7e5 g1f3 d7d6 d2d4 g8f6 f1c4
C41	Philidor Defense: Nimzowitsch Variation, Rellstab Variation	دفاع فیلیدور	e2e4 e7e5 g1f3 d7d6 d2d4 g8f6 d4e5 f6e4 d1d5
C41	Philidor Defense: Nimzowitsch Variation, Sokolsky Variation	دفاع فیلیدور	e2e4 e7e5 g1f3 d7d6 d2d4 g8f6 d4e5 f6e4 b1d2
C41	Philidor Defense: Nimzowitsch, Larobok Variation	دفاع فیلیدور	e2e4 e7e5 g1f3 d7d6 d2d4 g8f6 b1c3 b8d7 f1c4 f8e7 f3g5 e8g8 c4f7
C41	Philidor Defense: Nimzowitsch, Locock Variation	دفاع فیلیدور	e2e4 e7e5 g1f3 d7d6 d2d4 g8f6 f3g5
C41	Philidor Defense: Paulsen Attack	دفاع فیلیدور	e2e4 e7e5 g1f3 d7d6 d2d4 e5d4 f3d4 d6d5 e4d5
C41	Philidor Defense: Philidor Countergambit	دفاع فیلیدور	e2e4 e7e5 g1f3 d7d6 d2d4 f7f5
C41	Philidor Defense: Philidor Countergambit, Berger Variation	دفاع فیلیدور	e2e4 e7e5 g1f3 d7d6 d2d4 f7f5 d4e5 f5e4 f3g5 d6d5 e5e6 f8c5 b1c3
C41	Philidor Defense: Philidor Countergambit, Zukertort Variation	دفاع فیلیدور	e2e4 e7e5 g1f3 d7d6 d2d4 f7f5 b1c3
C41	Philidor Defense: Philidor Countergambit, del Rio Attack	دفاع فیلیدور	e2e4 e7e5 g1f3 d7d6 d2d4 f7f5 d4e5 f5e4 f3g5 d6d5 e5e6
C41	Philidor Defense: Philidor Gambit	دفاع فیلیدور	e2e4 e7e5 g1f3 d7d6 d2d4 c8d7
C41	Philidor Defense: Steinitz Variation	دفاع فیلیدور	e2e4 e7e5 g1f3 d7d6 f1c4 f8e7 c2c3
C42	Petrov's Defense	دفاع پتروف	e2e4 e7e5 g1f3 g8f6
C42	Petrov's Defense	دفاع پتروف	e2e4 e7e5 g1f3 g8f6 f3e5
C42	Petrov's Defense	دفاع پتروف	e2e4 e7e5 g1f3 g8f6 f3e5 d7d6
C42	Petrov's Defense	دفاع پتروف	e2e4 e7e5 g1f3 g8f6 f3e5 d7d6 e5f3
C42	Petrov's Defense	دفاع پتروف	e2e4 e7e5 g1f3 g8f6 f3e5 d7d6 e5f3 f6e4
C42	Petrov's Defense: Classical Attack	دفاع پتروف	e2e4 e7e5 g1f3 g8f6 f3e5 d7d6 e5f3 f6e4 d2d4
C42	Petrov's Defense: Classical Attack, Berger Variation	دفاع پتروف	e2e4 e7e5 g1f3 g8f6 f3e5 d7d6 e5f3 f6e4 d2d4 d6d5 f1d3 f8e7 e1g1 b8c6 f1e1 c8g4 c2c3 f7f5 b1d2
C42	Petrov's Defense: Classical Attack, Chigorin Variation	دفاع پتروف	e2e4 e7e5 g1f3 g8f6 f3e5 d7d6 e5f3 f6e4 d2d4 d6d5 f1d3 f8e7 e1g1 b8c6 f1e1
C42	Petrov's Defense: Classical Attack, Chigorin Variation, Browne Attack	دفاع پتروف	e2e4 e7e5 g1f3 g8f6 f3e5 d7d6 e5f3 f6e4 d2d4 d6d5 f1d3 b8c6 e1g1 f8e7 c2c4 c6b4 c4d5
C42	Petrov's Defense: Classical Attack, Chigorin Variation, Main Line	دفاع پتروف	e2e4 e7e5 g1f3 g8f6 f3e5 d7d6 e5f3 f6e4 d2d4 d6d5 f1d3 b8c6 e1g1 f8e7 c2c4 c6b4 d3e2
C42	Petrov's Defense: Classical Attack, Closed Variation	دفاع پتروف	e2e4 e7e5 g1f3 g8f6 f3e5 d7d6 e5f3 f6e4 d2d4 e4f6
C42	Petrov's Defense: Classical Attack, Jaenisch Variation	دفاع پتروف	e2e4 e7e5 g1f3 g8f6 f3e5 d7d6 e5f3 f6e4 d2d4 d6d5 f1d3 b8c6 e1g1 f8e7 c2c4
C42	Petrov's Defense: Classical Attack, Krause Variation	دفاع پتروف	e2e4 e7e5 g1f3 g8f6 f3e5 d7d6 e5f3 f6e4 d2d4 d6d5 f1d3 b8c6 e1g1 f8e7 f1e1 c8g4 c2c3 f7f5 c3c4
C42	Petrov's Defense: Classical Attack, Marshall Trap	دفاع پتروف	e2e4 e7e5 g1f3 g8f6 f3e5 d7d6 e5f3 f6e4 d2d4 d6d5 f1d3 f8d6 e1g1 e8g8 c2c4 c8g4 c4d5 f7f5 f1e1 d6h2
C42	Petrov's Defense: Classical Attack, Marshall Variation	دفاع پتروف	e2e4 e7e5 g1f3 g8f6 f3e5 d7d6 e5f3 f6e4 d2d4 d6d5 f1d3 f8d6
C42	Petrov's Defense: Classical Attack, Marshall Variation, Chinese Gambit	دفاع پتروف	e2e4 e7e5 g1f3 g8f6 f3e5 d7d6 e5f3 f6e4 d2d4 d6d5 f1d3 f8d6 e1g1 e8g8 c2c4 c7c6 f1e1 c8g4
C42	Petrov's Defense: Classical Attack, Maróczy Variation	دفاع پتروف	e2e4 e7e5 g1f3 g8f6 f3e5 d7d6 e5f3 f6e4 d2d4 d6d5 f1d3 f8e7 e1g1 b8c6 f1e1 c8g4 c2c3 f7f5 c3c4 e7h4
C42	Petrov's Defense: Classical Attack, Mason Variation	دفاع پتروف	e2e4 e7e5 g1f3 g8f6 f3e5 d7d6 e5f3 f6e4 d2d4 d6d5 f1d3 f8e7 e1g1 e8g8
C42	Petrov's Defense: Classical Attack, Mason-Showalter Variation	دفاع پتروف	e2e4 e7e5 g1f3 g8f6 f3e5 d7d6 e5f3 f6e4 d2d4 d6d5 f1d3 b8c6
C42	Petrov's Defense: Classical Attack, Staunton Variation	دفاع پتروف	e2e4 e7e5 g1f3 g8f6 f3e5 d7d6 e5f3 f6e4 d2d4 d6d5 f1d3 f8d6 e1g1 e8g8 c2c4 c7c6
C42	Petrov's Defense: Classical Attack, Tarrasch Variation	دفاع پتروف	e2e4 e7e5 g1f3 g8f6 f3e5 d7d6 e5f3 f6e4 d2d4 d6d5 f1d3 f8d6 e1g1 e8g8 c2c4 c8g4
C42	Petrov's Defense: Cochrane Gambit	دفاع پتروف	e2e4 e7e5 g1f3 g8f6 f3e5 d7d6 e5f7
C42	Petrov's Defense: Cochrane Gambit, Bishop Check Line	دفاع پتروف	e2e4 e7e5 g1f3 g8f6 f3e5 d7d6 e5f7 e8f7 f1c4
C42	Petrov's Defense: Cochrane Gambit, Center Variation	دفاع پتروف	e2e4 e7e5 g1f3 g8f6 f3e5 d7d6 e5f7 e8f7 d2d4
C42	Petrov's Defense: Cozio Attack	دفاع پتروف	e2e4 e7e5 g1f3 g8f6 f3e5 d7d6 e5f3 f6e4 d1e2
C42	Petrov's Defense: Damiano Variation	دفاع پتروف	e2e4 e7e5 g1f3 g8f6 f3e5 f6e4
C42	Petrov's Defense: Damiano Variation, Kholmov Gambit	دفاع پتروف	e2e4 e7e5 g1f3 g8f6 f3e5 f6e4 d1e2 d8e7
C42	Petrov's Defense: French Attack	دفاع پتروف	e2e4 e7e5 g1f3 g8f6 f3e5 d7d6 e5f3 f6e4 d2d3
C42	Petrov's Defense: Italian Variation	دفاع پتروف	e2e4 e7e5 g1f3 g8f6 f1c4
C42	Petrov's Defense: Karklins-Martinovsky Variation	دفاع پتروف	e2e4 e7e5 g1f3 g8f6 f3e5 d7d6 e5d3
C42	Petrov's Defense: Kaufmann Attack	دفاع پتروف	e2e4 e7e5 g1f3 g8f6 f3e5 d7d6 e5f3 f6e4 c2c4
C42	Petrov's Defense: Millennium Attack	دفاع پتروف	e2e4 e7e5 g1f3 g8f6 f3e5 d7d6 e5f3 f6e4 f1d3
C42	Petrov's Defense: Moody Gambit	دفاع پتروف	e2e4 e7e5 g1f3 g8f6 d1e2 b8c6 d2d4
C42	Petrov's Defense: Nimzowitsch Attack	دفاع پتروف	e2e4 e7e5 g1f3 g8f6 f3e5 d7d6 e5f3 f6e4 b1c3
C42	Petrov's Defense: Paulsen Attack	دفاع پتروف	e2e4 e7e5 g1f3 g8f6 f3e5 d7d6 e5c4
C42	Petrov's Defense: Stafford Gambit	دفاع پتروف	e2e4 e7e5 g1f3 g8f6 f3e5 b8c6
C42	Petrov's Defense: Stafford Gambit Accepted	دفاع پتروف	e2e4 e7e5 g1f3 g8f6 f3e5 b8c6 e5c6 d7c6
C42	Petrov's Defense: Stafford Gambit Accepted	دفاع پتروف	e2e4 e7e5 g1f3 g8f6 f3e5 b8c6 e5c6 d7c6 b1c3 f8c5
C42	Petrov's Defense: Stafford Gambit Accepted	دفاع پتروف	e2e4 e7e5 g1f3 g8f6 f3e5 b8c6 e5c6 d7c6 d2d3 f8c5
C42	Petrov's Defense: Three Knights Game	دفاع پتروف	e2e4 e7e5 g1f3 g8f6 b1c3
C43	Bishop's Opening: Urusov Gambit	گشایش فیل	e2e4 e7e5 f1c4 g8f6 d2d4 e5d4 g1f3
C43	Bishop's Opening: Urusov Gambit, Keidansky Gambit	گشایش فیل	e2e4 e7e5 f1c4 g8f6 d2d4 e5d4 g1f3 f6e4 d1d4
C43	Petrov's Defense: Modern Attack	دفاع پتروف	e2e4 e7e5 g1f3 g8f6 d2d4
C43	Petrov's Defense: Modern Attack	دفاع پتروف	e2e4 e7e5 g1f3 g8f6 d2d4 e5d4
C43	Petrov's Defense: Modern Attack, Bardeleben Variation	دفاع پتروف	e2e4 e7e5 g1f3 g8f6 d2d4 e5d4 e4e5 f6e4 d1e2 e4c5 f3d4 b8c6
C43	Petrov's Defense: Modern Attack, Center Attack	دفاع پتروف	e2e4 e7e5 g1f3 g8f6 d2d4 e5d4 e4e5 f6e4 d1d4
C43	Petrov's Defense: Modern Attack, Center Variation	دفاع پتروف	e2e4 e7e5 g1f3 g8f6 d2d4 f6e4 f1d3
C43	Petrov's Defense: Modern Attack, Murrey Variation	دفاع پتروف	e2e4 e7e5 g1f3 g8f6 d2d4 f6e4 f1d3 b8c6
C43	Petrov's Defense: Modern Attack, Steinitz Variation	دفاع پتروف	e2e4 e7e5 g1f3 g8f6 d2d4 e5d4 e4e5 f6e4 d1e2
C43	Petrov's Defense: Modern Attack, Symmetrical Variation	دفاع پتروف	e2e4 e7e5 g1f3 g8f6 d2d4 d7d5
C43	Petrov's Defense: Modern Attack, Tal Gambit	دفاع پتروف	e2e4 e7e5 g1f3 g8f6 d2d4 e5d4 e4e5 f6e4 f1b5
C43	Petrov's Defense: Modern Attack, Trifunovic Variation	دفاع پتروف	e2e4 e7e5 g1f3 g8f6 d2d4 f6e4 f1d3 d7d5 f3e5 f8d6 e1g1 e8g8 c2c4 d6e5
C44	Dresden Opening: The Goblin	گشایش درسدن	e2e4 e7e5 g1f3 b8c6 c2c4 g8f6 f3e5
C44	Irish Gambit	گامبی ایرلندی	e2e4 e7e5 g1f3 b8c6 f3e5
C44	King's Knight Opening: Konstantinopolsky	گشایش اسب شاه	e2e4 e7e5 g1f3 b8c6 g2g3
C44	King's Knight Opening: Normal Variation	گشایش اسب شاه	e2e4 e7e5 g1f3 b8c6
C44	King's Pawn Game: Dresden Opening	بازی پیاده‌ی شاه	e2e4 e7e5 g1f3 b8c6 c2c4
C44	King's Pawn Game: Pachman Wing Gambit	بازی پیاده‌ی شاه	e2e4 e7e5 g1f3 b8c6 b2b4
C44	King's Pawn Game: Schulze-Müller Gambit	بازی پیاده‌ی شاه	e2e4 e7e5 g1f3 b8c6 f3e5 c6e5 d2d4
C44	King's Pawn Game: Tayler Opening	بازی پیاده‌ی شاه	e2e4 e7e5 g1f3 b8c6 f1e2
C44	King's Pawn Game: Tayler Opening	بازی پیاده‌ی شاه	e2e4 e7e5 g1f3 b8c6 f1e2 g8f6 d2d4
C44	King's Pawn Game: Tayler Opening, Basman Gambit	بازی پیاده‌ی شاه	e2e4 e7e5 g1f3 b8c6 f1e2 g8f6 d2d4 e5d4 e4e5
C44	King's Pawn Game: Tayler Opening, Inverted Hanham	بازی پیاده‌ی شاه	e2e4 e7e5 g1f3 b8c6 f1e2 g8f6 d2d3 d7d5 b1d2
C44	Latvian Gambit: Clam Gambit	گامبی لتونیایی	e2e4 e7e5 g1f3 b8c6 d2d3 f7f5 e4f5
C44	Ponziani Opening	گشایش پونزیانی	e2e4 e7e5 g1f3 b8c6 c2c3
C44	Ponziani Opening: Caro Gambit	گشایش پونزیانی	e2e4 e7e5 g1f3 b8c6 c2c3 d7d5 d1a4 c8d7
C44	Ponziani Opening: Jaenisch Counterattack	گشایش پونزیانی	e2e4 e7e5 g1f3 b8c6 c2c3 g8f6
C44	Ponziani Opening: Jaenisch Counterattack	گشایش پونزیانی	e2e4 e7e5 g1f3 b8c6 c2c3 g8f6 d2d3
C44	Ponziani Opening: Jaenisch Counterattack	گشایش پونزیانی	e2e4 e7e5 g1f3 b8c6 c2c3 g8f6 d2d3 d7d5
C44	Ponziani Opening: Jaenisch Counterattack	گشایش پونزیانی	e2e4 e7e5 g1f3 b8c6 c2c3 g8f6 d2d3 d7d5 b1d2
C44	Ponziani Opening: Leonhardt Variation	گشایش پونزیانی	e2e4 e7e5 g1f3 b8c6 c2c3 d7d5 d1a4 g8f6
C44	Ponziani Opening: Neumann Gambit	گشایش پونزیانی	e2e4 e7e5 g1f3 b8c6 c2c3 g8f6 f1c4
C44	Ponziani Opening: Ponziani Countergambit	گشایش پونزیانی	e2e4 e7e5 g1f3 b8c6 c2c3 f7f5
C44	Ponziani Opening: Ponziani Countergambit, Schmidt Attack	گشایش پونزیانی	e2e4 e7e5 g1f3 b8c6 c2c3 f7f5 d2d4 d7d6 d4d5
C44	Ponziani Opening: Romanishin Variation	گشایش پونزیانی	e2e4 e7e5 g1f3 b8c6 c2c3 f8e7
C44	Ponziani Opening: Réti Variation	گشایش پونزیانی	e2e4 e7e5 g1f3 b8c6 c2c3 g8e7
C44	Ponziani Opening: Spanish Variation	گشایش پونزیانی	e2e4 e7e5 g1f3 b8c6 c2c3 d7d5 f1b5
C44	Ponziani Opening: Spanish Variation, Harrwitz Attack, Nikitin Gambit	گشایش پونزیانی	e2e4 e7e5 g1f3 b8c6 c2c3 d7d5 f1b5 d5e4 f3e5 d8d5 d1a4
C44	Ponziani Opening: Steinitz Variation	گشایش پونزیانی	e2e4 e7e5 g1f3 b8c6 c2c3 d7d5 d1a4 f7f6
C44	Ponziani Opening: Vukovic Gambit	گشایش پونزیانی	e2e4 e7e5 g1f3 b8c6 c2c3 g8f6 d2d4 f6e4 d4d5 f8c5
C44	Scotch Game	بازی اسکاتلندی	e2e4 e7e5 g1f3 b8c6 d2d4
C44	Scotch Game	بازی اسکاتلندی	e2e4 e7e5 g1f3 b8c6 d2d4 e5d4
C44	Scotch Game: Benima Defense	بازی اسکاتلندی	e2e4 e7e5 g1f3 b8c6 f1c4 f8e7 d2d4 e5d4
C44	Scotch Game: Cochrane Variation	بازی اسکاتلندی	e2e4 e7e5 g1f3 b8c6 d2d4 e5d4 f1c4 f8b4 c2c3 d4c3 b2c3 b4a5 e4e5
C44	Scotch Game: Cochrane-Shumov Defense	بازی اسکاتلندی	e2e4 e7e5 g1f3 b8c6 d2d4 e5d4 f1c4 f8c5 f3g5 g8h6 g5f7 h6f7 c4f7 e8f7 d1h5 g7g6 h5c5 d7d5
C44	Scotch Game: Göring Gambit	بازی اسکاتلندی	e2e4 e7e5 g1f3 b8c6 d2d4 e5d4 c2c3
C44	Scotch Game: Göring Gambit, Bardeleben Variation	بازی اسکاتلندی	e2e4 e7e5 g1f3 b8c6 d2d4 e5d4 c2c3 d4c3 f1c4 g8f6 b1c3 f8b4
C44	Scotch Game: Göring Gambit, Double Pawn Sacrifice	بازی اسکاتلندی	e2e4 e7e5 g1f3 b8c6 d2d4 e5d4 c2c3 d4c3 f1c4
C44	Scotch Game: Göring Gambit, Main Line	بازی اسکاتلندی	e2e4 e7e5 g1f3 b8c6 d2d4 e5d4 c2c3 d4c3 b1c3 f8b4
C44	Scotch Game: Hanneken Variation	بازی اسکاتلندی	e2e4 e7e5 g1f3 b8c6 d2d4 e5d4 f1c4 f8b4 c2c3 d4c3 e1g1 c3b2 c1b2 g8f6 f3g5 e8g8 e4e5 c6e5
C44	Scotch Game: Haxo Gambit	بازی اسکاتلندی	e2e4 e7e5 g1f3 b8c6 d2d4 e5d4 f1c4 f8c5
C44	Scotch Game: Lolli Variation	بازی اسکاتلندی	e2e4 e7e5 g1f3 b8c6 d2d4 c6d4
C44	Scotch Game: Lolli Variation	بازی اسکاتلندی	e2e4 e7e5 g1f3 b8c6 d2d4 c6d4 f3d4 e5d4 d1d4
C44	Scotch Game: Napoleon Gambit	بازی اسکاتلندی	e2e4 e7e5 g1f3 b8c6 d2d4 c6d4 f3d4 e5d4 f1c4
C44	Scotch Game: Relfsson Gambit	بازی اسکاتلندی	e2e4 e7e5 g1f3 b8c6 d2d4 e5d4 f1b5
C44	Scotch Game: Scotch Gambit	بازی اسکاتلندی	e2e4 e7e5 g1f3 b8c6 d2d4 e5d4 f1c4
C44	Scotch Game: Scotch Gambit, Advance Variation	بازی اسکاتلندی	e2e4 e7e5 g1f3 b8c6 d2d4 e5d4 f1c4 g8f6 e4e5
C44	Scotch Game: Scotch Gambit, Cochrane-Anderssen Variation	بازی اسکاتلندی	e2e4 e7e5 g1f3 b8c6 d2d4 e5d4 f1c4 f8c5 e1g1 d7d6 c2c3 c8g4
C44	Scotch Game: Scotch Gambit, Dubois Réti Defense	بازی اسکاتلندی	e2e4 e7e5 g1f3 b8c6 f1c4 g8f6 d2d4 e5d4
C44	Scotch Game: Scotch Gambit, Göring Gambit Declined	بازی اسکاتلندی	e2e4 e7e5 g1f3 b8c6 d2d4 e5d4 c2c3 d7d5
C44	Scotch Game: Scotch Gambit, Kingside Variation	بازی اسکاتلندی	e2e4 e7e5 g1f3 b8c6 f1c4 g8f6 d2d4 e5d4 e4e5 f6g4
C44	Scotch Game: Scotch Gambit, London Defense	بازی اسکاتلندی	e2e4 e7e5 g1f3 b8c6 d2d4 e5d4 f1c4 f8b4
C44	Scotch Game: Scotch Gambit, Sarratt Variation	بازی اسکاتلندی	e2e4 e7e5 g1f3 b8c6 d2d4 e5d4 f1c4 f8c5 f3g5
C44	Scotch Game: Sea-Cadet Mate	بازی اسکاتلندی	e2e4 e7e5 g1f3 b8c6 d2d4 e5d4 c2c3 d4c3 b1c3 d7d6 f1c4 c8g4 e1g1 c6e5 f3e5 g4d1 c4f7 e8e7 c3d5
C44	Scotch Game: Vitzthum Attack	بازی اسکاتلندی	e2e4 e7e5 g1f3 b8c6 d2d4 e5d4 f1c4 f8c5 f3g5 g8h6 d1h5
C45	Scotch Game	بازی اسکاتلندی	e2e4 e7e5 g1f3 b8c6 d2d4 e5d4 f3d4
C45	Scotch Game	بازی اسکاتلندی	e2e4 e7e5 g1f3 b8c6 d2d4 e5d4 f3d4 d8h4 d4b5 f8b4 c1d2
C45	Scotch Game: Alekhine Gambit	بازی اسکاتلندی	e2e4 e7e5 g1f3 b8c6 d2d4 e5d4 f3d4 g8f6 e4e5
C45	Scotch Game: Blumenfeld Attack	بازی اسکاتلندی	e2e4 e7e5 g1f3 b8c6 d2d4 e5d4 f3d4 f8c5 c1e3 d8f6 d4b5
C45	Scotch Game: Braune Variation	بازی اسکاتلندی	e2e4 e7e5 g1f3 b8c6 d2d4 e5d4 f3d4 d8h4 c1e3
C45	Scotch Game: Classical Variation	بازی اسکاتلندی	e2e4 e7e5 g1f3 b8c6 d2d4 e5d4 f3d4 f8c5
C45	Scotch Game: Classical Variation, Blackburne Attack	بازی اسکاتلندی	e2e4 e7e5 g1f3 b8c6 d2d4 e5d4 f3d4 f8c5 c1e3 d8f6 c2c3 g8e7 d1d2
C45	Scotch Game: Classical Variation, Intermezzo Variation	بازی اسکاتلندی	e2e4 e7e5 g1f3 b8c6 d2d4 e5d4 f3d4 f8c5 d4c6 d8f6
C45	Scotch Game: Classical Variation, Millennium Variation	بازی اسکاتلندی	e2e4 e7e5 g1f3 b8c6 d2d4 e5d4 f3d4 f8c5 c1e3 d8f6 c2c3 f6g6
C45	Scotch Game: Fraser Variation	بازی اسکاتلندی	e2e4 e7e5 g1f3 b8c6 d2d4 e5d4 f3d4 d8h4 d4f3
C45	Scotch Game: Ghulam-Kassim Variation	بازی اسکاتلندی	e2e4 e7e5 g1f3 b8c6 d2d4 e5d4 f3d4 c6d4 d1d4 d7d6 f1d3
C45	Scotch Game: Gottschall Variation	بازی اسکاتلندی	e2e4 e7e5 g1f3 b8c6 d2d4 e5d4 f3d4 f8c5 c1e3 d8f6 c2c3 g8e7 d1d2 d7d5 d4b5 c5e3 d2e3 e8g8 b5c7 a8b8 c7d5 e7d5 e4d5 c6b4
C45	Scotch Game: Horwitz Attack	بازی اسکاتلندی	e2e4 e7e5 g1f3 b8c6 d2d4 e5d4 f3d4 d8h4 d4b5
C45	Scotch Game: Horwitz Attack, Blackburne Variation	بازی اسکاتلندی	e2e4 e7e5 g1f3 b8c6 d2d4 e5d4 f3d4 d8h4 d4b5 f8b4 c1d2 h4e4 f1e2 e8d8 e1g1 b4d2 d1d2
C45	Scotch Game: Malaniuk Variation	بازی اسکاتلندی	e2e4 e7e5 g1f3 b8c6 d2d4 e5d4 f3d4 f8b4
C45	Scotch Game: Meitner Variation	بازی اسکاتلندی	e2e4 e7e5 g1f3 b8c6 d2d4 e5d4 f3d4 f8c5 c1e3 d8f6 c2c3 g8e7 d4c2
C45	Scotch Game: Mieses Variation	بازی اسکاتلندی	e2e4 e7e5 g1f3 b8c6 d2d4 e5d4 f3d4 g8f6 d4c6 b7c6 e4e5
C45	Scotch Game: Modern Defense	بازی اسکاتلندی	e2e4 e7e5 g1f3 b8c6 d2d4 e5d4 f3d4 d8h4 b1c3 f8b4
C45	Scotch Game: Paulsen Attack	بازی اسکاتلندی	e2e4 e7e5 g1f3 b8c6 d2d4 e5d4 f3d4 f8c5 c1e3 d8f6 c2c3 g8e7 f1b5
C45	Scotch Game: Paulsen Variation	بازی اسکاتلندی	e2e4 e7e5 g1f3 b8c6 d2d4 e5d4 f3d4 d8h4 d4f5
C45	Scotch Game: Paulsen, Gunsberg Defense	بازی اسکاتلندی	e2e4 e7e5 g1f3 b8c6 d2d4 e5d4 f3d4 f8c5 c1e3 d8f6 c2c3 g8e7 f1b5 c6d8
C45	Scotch Game: Potter Variation	بازی اسکاتلندی	e2e4 e7e5 g1f3 b8c6 d2d4 e5d4 f3d4 f8c5 d4b3
C45	Scotch Game: Romanishin Variation	بازی اسکاتلندی	e2e4 e7e5 g1f3 b8c6 d2d4 e5d4 f3d4 f8c5 d4b3 c5b4
C45	Scotch Game: Rosenthal Variation	بازی اسکاتلندی	e2e4 e7e5 g1f3 b8c6 d2d4 e5d4 f3d4 d8h4 d4b5 f8b4 c1d2 h4e4 f1e2 e8d8 e1g1 b4d2 b1d2 e4g6
C45	Scotch Game: Schmidt Variation	بازی اسکاتلندی	e2e4 e7e5 g1f3 b8c6 d2d4 e5d4 f3d4 g8f6
C45	Scotch Game: Steinitz Variation	بازی اسکاتلندی	e2e4 e7e5 g1f3 b8c6 d2d4 e5d4 f3d4 d8h4
C45	Scotch Game: Steinitz Variation	بازی اسکاتلندی	e2e4 e7e5 g1f3 b8c6 d2d4 e5d4 f3d4 d8h4 b1c3
C45	Scotch Game: Tartakower Variation	بازی اسکاتلندی	e2e4 e7e5 g1f3 b8c6 d2d4 e5d4 f3d4 g8f6 d4c6 b7c6 b1d2
C46	Three Knights Opening	گشایش سه اسب	e2e4 e7e5 g1f3 b8c6 b1c3
C46	Three Knights Opening	گشایش سه اسب	e2e4 e7e5 g1f3 b8c6 b1c3 f8b4
C46	Three Knights Opening: Schlechter Variation	گشایش سه اسب	e2e4 e7e5 g1f3 b8c6 b1c3 f8b4 c3d5 g8f6
C46	Three Knights Opening: Steinitz Defense	گشایش سه اسب	e2e4 e7e5 g1f3 b8c6 b1c3 g7g6
C46	Three Knights Opening: Steinitz-Rosenthal Variation	گشایش سه اسب	e2e4 e7e5 g1f3 b8c6 b1c3 g7g6 d2d4 e5d4 c3d5
C46	Three Knights Opening: Winawer Defense	گشایش سه اسب	e2e4 e7e5 g1f3 b8c6 b1c3 f7f5
C47	Four Knights Game	بازی چهار اسب	e2e4 e7e5 g1f3 b8c6 b1c3 g8f6
C47	Four Knights Game: Glek System	بازی چهار اسب	e2e4 e7e5 g1f3 b8c6 b1c3 g8f6 g2g3
C47	Four Knights Game: Glek System	بازی چهار اسب	e2e4 e7e5 g1f3 b8c6 b1c3 g8f6 g2g3 d7d5 e4d5 f6d5 f1g2 d5c3 b2c3
C47	Four Knights Game: Gunsberg Variation	بازی چهار اسب	e2e4 e7e5 g1f3 b8c6 b1c3 g8f6 a2a3
C47	Four Knights Game: Gunsberg Variation, Provincial Opening	بازی چهار اسب	e2e4 e7e5 g1f3 b8c6 b1c3 g8f6 a2a3 d7d6 h2h3
C47	Four Knights Game: Halloween Gambit	بازی چهار اسب	e2e4 e7e5 g1f3 b8c6 b1c3 g8f6 f3e5
C47	Four Knights Game: Halloween Gambit, Oldtimer Variation	بازی چهار اسب	e2e4 e7e5 g1f3 b8c6 b1c3 g8f6 f3e5 c6e5 d2d4 e5g6 e4e5 f6g8 f1c4 f8b4 d1f3 f7f5
C47	Four Knights Game: Halloween Gambit, Plasma Variation	بازی چهار اسب	e2e4 e7e5 g1f3 b8c6 b1c3 g8f6 f3e5 c6e5 d2d4 e5c6 d4d5 c6e5 f2f4 e5g6 e4e5 f6g8 d5d6 c7d6 e5d6 d8f6 c3b5 a8b8
C47	Four Knights Game: Italian Variation	بازی چهار اسب	e2e4 e7e5 g1f3 b8c6 f1c4 g8f6 b1c3
C47	Four Knights Game: Italian Variation, Noa Gambit	بازی چهار اسب	e2e4 e7e5 g1f3 b8c6 f1c4 g8f6 b1c3 f6e4 c4f7
C47	Four Knights Game: Naroditsky Variation	بازی چهار اسب	e2e4 e7e5 g1f3 b8c6 b1c3 g8f6 c3d5
C47	Four Knights Game: Scotch Variation	بازی چهار اسب	e2e4 e7e5 g1f3 b8c6 b1c3 g8f6 d2d4
C47	Four Knights Game: Scotch Variation Accepted	بازی چهار اسب	e2e4 e7e5 g1f3 b8c6 b1c3 g8f6 d2d4 e5d4
C47	Four Knights Game: Scotch Variation Accepted, Main Line	بازی چهار اسب	e2e4 e7e5 g1f3 b8c6 b1c3 g8f6 d2d4 e5d4 f3d4 f8b4 d4c6 b7c6 f1d3 d7d5 e4d5 e8g8 e1g1
C47	Four Knights Game: Scotch Variation, Belgrade Gambit	بازی چهار اسب	e2e4 e7e5 g1f3 b8c6 b1c3 g8f6 d2d4 e5d4 c3d5
C47	Four Knights Game: Scotch Variation, Belgrade Gambit, Modern Defense	بازی چهار اسب	e2e4 e7e5 g1f3 b8c6 b1c3 g8f6 d2d4 e5d4 c3d5 f6e4 d1e2 f7f5
C47	Four Knights Game: Scotch Variation, Krause Gambit	بازی چهار اسب	e2e4 e7e5 g1f3 b8c6 b1c3 g8f6 d2d4 f8b4 f3e5
C47	Four Knights Game: Scotch Variation, Krause Gambit, Leonhardt Defense	بازی چهار اسب	e2e4 e7e5 g1f3 b8c6 b1c3 g8f6 d2d4 f8b4 f3e5 d8e7
C47	Four Knights Game: Scotch Variation, Oxford Gambit	بازی چهار اسب	e2e4 e7e5 g1f3 b8c6 b1c3 g8f6 d2d4 f8b4 d4d5 c6d4
C47	Four Knights Game: Scotch Variation, Schmid Defense	بازی چهار اسب	e2e4 e7e5 g1f3 b8c6 b1c3 g8f6 d2d4 e5d4 f3d4 f6e4
C48	Four Knights Game: Spanish Variation	بازی چهار اسب	e2e4 e7e5 g1f3 b8c6 b1c3 g8f6 f1b5
C48	Four Knights Game: Spanish Variation, Bardeleben Variation	بازی چهار اسب	e2e4 e7e5 g1f3 b8c6 b1c3 g8f6 f1b5 f8c5 e1g1 e8g8 f3e5 c6e5 d2d4 c5d6 f2f4 e5c6 e4e5 d6b4
C48	Four Knights Game: Spanish Variation, Classical Variation	بازی چهار اسب	e2e4 e7e5 g1f3 b8c6 b1c3 g8f6 f1b5 f8c5
C48	Four Knights Game: Spanish Variation, Ranken Variation	بازی چهار اسب	e2e4 e7e5 g1f3 b8c6 b1c3 g8f6 f1b5 a7a6 b5c6
C48	Four Knights Game: Spanish Variation, Rubinstein Variation	بازی چهار اسب	e2e4 e7e5 g1f3 b8c6 b1c3 g8f6 f1b5 c6d4
C48	Four Knights Game: Spanish Variation, Rubinstein Variation	بازی چهار اسب	e2e4 e7e5 g1f3 b8c6 b1c3 g8f6 f1b5 c6d4 b5e2
C48	Four Knights Game: Spanish Variation, Rubinstein Variation	بازی چهار اسب	e2e4 e7e5 g1f3 g8f6 b1c3 b8c6 f1b5 c6d4 f3e5 d8e7 f2f4
C48	Four Knights Game: Spanish Variation, Rubinstein Variation Accepted	بازی چهار اسب	e2e4 e7e5 g1f3 b8c6 b1c3 g8f6 f1b5 c6d4 f3d4
C48	Four Knights Game: Spanish Variation, Rubinstein Variation, Henneberger Variation	بازی چهار اسب	e2e4 e7e5 g1f3 g8f6 b1c3 b8c6 f1b5 c6d4 e1g1
C48	Four Knights Game: Spanish Variation, Rubinstein Variation, Marshall Gambit	بازی چهار اسب	e2e4 e7e5 g1f3 b8c6 b1c3 g8f6 f1b5 c6d4 b5a4 f8c5 f3e5 e8g8
C48	Four Knights Game: Spanish Variation, Rubinstein Variation, Marshall Variation	بازی چهار اسب	e2e4 e7e5 g1f3 b8c6 b1c3 g8f6 f1b5 c6d4 f3e5 f8c5 e1g1 e8g8
C48	Four Knights Game: Spanish Variation, Rubinstein Variation, Maróczy Variation	بازی چهار اسب	e2e4 e7e5 g1f3 b8c6 b1c3 g8f6 f1b5 c6d4 b5e2 d4f3 e2f3 f8c5 e1g1 e8g8 d2d3 d7d6 c3a4 c5b6
C48	Four Knights Game: Spanish Variation, Spielmann Variation	بازی چهار اسب	e2e4 e7e5 g1f3 b8c6 b1c3 g8f6 f1b5 a7a6 b5c6 d7c6 f3e5 f6e4 c3e4 d8d4 e1g1 d4e5 f1e1 c8e6 d2d4 e5d5
C49	Four Knights Game: Spanish Variation	بازی چهار اسب	e2e4 e7e5 g1f3 b8c6 b1c3 g8f6 f1b5 f8b4 e1g1 e8g8 d2d3 b4c3
C49	Four Knights Game: Spanish Variation, Alatortsev Variation	بازی چهار اسب	e2e4 e7e5 g1f3 b8c6 b1c3 g8f6 f1b5 f8b4 e1g1 e8g8 d2d3 d8e7 c3e2 d7d5
C49	Four Knights Game: Spanish Variation, Double Spanish	بازی چهار اسب	e2e4 e7e5 g1f3 b8c6 b1c3 g8f6 f1b5 f8b4
C49	Four Knights Game: Spanish Variation, Double Spanish	بازی چهار اسب	e2e4 e7e5 g1f3 b8c6 b1c3 g8f6 f1b5 f8b4 e1g1 e8g8 d2d3
C49	Four Knights Game: Spanish Variation, Gunsberg Counterattack	بازی چهار اسب	e2e4 e7e5 g1f3 g8f6 b1c3 b8c6 f1b5 f8b4 e1g1 e8g8 c3d5 f6d5 e4d5 e5e4
C49	Four Knights Game: Spanish Variation, Janowski Variation	بازی چهار اسب	e2e4 e7e5 g1f3 b8c6 b1c3 g8f6 f1b5 f8b4 e1g1 e8g8 d2d3 b4c3 b2c3 d7d6 f1e1
C49	Four Knights Game: Spanish Variation, Nimzowitsch Variation	بازی چهار اسب	e2e4 e7e5 g1f3 b8c6 b1c3 g8f6 f1b5 f8b4 e1g1 e8g8 b5c6
C49	Four Knights Game: Spanish Variation, Svenonius Variation	بازی چهار اسب	e2e4 e7e5 g1f3 b8c6 b1c3 g8f6 f1b5 f8b4 e1g1 e8g8 d2d3 b4c3 b2c3 d7d5
C49	Four Knights Game: Spanish Variation, Symmetrical Variation	بازی چهار اسب	e2e4 e7e5 g1f3 b8c6 b1c3 g8f6 f1b5 f8b4 e1g1 e8g8 d2d3 d7d6
C49	Four Knights Game: Spanish Variation, Symmetrical Variation	بازی چهار اسب	e2e4 e7e5 g1f3 b8c6 b1c3 g8f6 f1b5 f8b4 e1g1 e8g8 d2d3 d7d6 c1g5 b4c3 b2c3 d8e7 f1e1 c6d8 d3d4 c8g4
C49	Four Knights Game: Spanish Variation, Symmetrical Variation	بازی چهار اسب	e2e4 e7e5 g1f3 b8c6 b1c3 g8f6 f1b5 f8b4 e1g1 e8g8 d2d3 d7d6 c1g5 c6e7
C49	Four Knights Game: Spanish Variation, Symmetrical Variation	بازی چهار اسب	e2e4 e7e5 g1f3 b8c6 b1c3 g8f6 f1b5 f8b4 e1g1 e8g8 d2d3 d7d6 c3e2
C49	Four Knights Game: Spanish Variation, Symmetrical Variation, Blake Variation	بازی چهار اسب	e2e4 e7e5 g1f3 b8c6 b1c3 g8f6 f1b5 f8b4 e1g1 e8g8 d2d3 d7d6 c1g5 c6e7 f3h4 c7c6 b5c4 d6d5 c4b3 d8d6
C49	Four Knights Game: Spanish Variation, Symmetrical Variation, Metger Unpin	بازی چهار اسب	e2e4 e7e5 g1f3 b8c6 b1c3 g8f6 f1b5 f8b4 e1g1 e8g8 d2d3 d7d6 c1g5 b4c3 b2c3 d8e7
C49	Four Knights Game: Spanish Variation, Symmetrical Variation, Tarrasch Variation	بازی چهار اسب	e2e4 e7e5 g1f3 g8f6 b1c3 b8c6 f1b5 f8b4 e1g1 e8g8 d2d3 d7d6 c1g5 c8e6
C50	Four Knights Game: Italian Variation	بازی چهار اسب	e2e4 e7e5 g1f3 b8c6 f1c4 f8c5 b1c3 g8f6
C50	Italian Game	بازی ایتالیایی	e2e4 e7e5 g1f3 b8c6 f1c4
C50	Italian Game: Anti-Fried Liver Defense	بازی ایتالیایی	e2e4 e7e5 g1f3 b8c6 f1c4 h7h6
C50	Italian Game: Blackburne-Kostić Gambit	بازی ایتالیایی	e2e4 e7e5 g1f3 b8c6 f1c4 c6d4
C50	Italian Game: Classical Variation, Albin Gambit	بازی ایتالیایی	e2e4 e7e5 g1f3 b8c6 f1c4 f8c5 e1g1 g8f6 c2c3
C50	Italian Game: Deutz Gambit	بازی ایتالیایی	e2e4 e7e5 g1f3 b8c6 f1c4 f8c5 e1g1 g8f6 d2d4
C50	Italian Game: Giuoco Pianissimo	بازی ایتالیایی	e2e4 e7e5 g1f3 b8c6 f1c4 f8c5 d2d3
C50	Italian Game: Giuoco Pianissimo	بازی ایتالیایی	e2e4 e7e5 g1f3 b8c6 f1c4 g8f6 e1g1 f8c5 b1c3 d7d6 d2d3
C50	Italian Game: Giuoco Pianissimo	بازی ایتالیایی	e2e4 e7e5 g1f3 b8c6 f1c4 f8c5 b1c3 g8f6 e1g1 e8g8
C50	Italian Game: Giuoco Pianissimo	بازی ایتالیایی	e2e4 e7e5 g1f3 b8c6 f1c4 f8c5 b1c3 g8f6 e1g1 e8g8 d2d3
C50	Italian Game: Giuoco Pianissimo, Canal Variation	بازی ایتالیایی	e2e4 e7e5 g1f3 b8c6 f1c4 f8c5 d2d3 g8f6 b1c3 d7d6 c1g5
C50	Italian Game: Giuoco Pianissimo, Dubois Variation	بازی ایتالیایی	e2e4 e7e5 g1f3 b8c6 f1c4 f8c5 d2d3 f7f5 f3g5 f5f4
C50	Italian Game: Giuoco Pianissimo, Italian Four Knights Variation	بازی ایتالیایی	e2e4 e7e5 g1f3 b8c6 f1c4 f8c5 d2d3 g8f6 b1c3
C50	Italian Game: Giuoco Pianissimo, Lucchini Gambit	بازی ایتالیایی	e2e4 e7e5 g1f3 b8c6 f1c4 f8c5 d2d3 f7f5
C50	Italian Game: Giuoco Pianissimo, Normal	بازی ایتالیایی	e2e4 e7e5 g1f3 b8c6 f1c4 g8f6 d2d3 f8c5
C50	Italian Game: Giuoco Piano	بازی ایتالیایی	e2e4 e7e5 g1f3 b8c6 f1c4 f8c5
C50	Italian Game: Hungarian Defense	بازی ایتالیایی	e2e4 e7e5 g1f3 b8c6 f1c4 f8e7
C50	Italian Game: Hungarian Defense, Tartakower Variation	بازی ایتالیایی	e2e4 e7e5 g1f3 b8c6 f1c4 f8e7 d2d4 e5d4 c2c3 g8f6 e4e5 f6e4
C50	Italian Game: Jerome Gambit	بازی ایتالیایی	e2e4 e7e5 g1f3 b8c6 f1c4 f8c5 c4f7
C50	Italian Game: Paris Defense	بازی ایتالیایی	e2e4 e7e5 g1f3 b8c6 f1c4 d7d6
C50	Italian Game: Rosentreter Gambit	بازی ایتالیایی	e2e4 e7e5 g1f3 b8c6 f1c4 f8c5 d2d4
C50	Italian Game: Rousseau Gambit	بازی ایتالیایی	e2e4 e7e5 g1f3 b8c6 f1c4 f7f5
C51	Italian Game: Evans Gambit	بازی ایتالیایی	e2e4 e7e5 g1f3 b8c6 f1c4 f8c5 b2b4
C51	Italian Game: Evans Gambit	بازی ایتالیایی	e2e4 e7e5 g1f3 b8c6 f1c4 f8c5 b2b4 c5b4 c2c3 b4c5 d2d4 e5d4 e1g1 d7d6 c3d4 c5b6 b1c3 c8g4
C51	Italian Game: Evans Gambit Accepted	بازی ایتالیایی	e2e4 e7e5 g1f3 b8c6 f1c4 f8c5 b2b4 c5b4
C51	Italian Game: Evans Gambit Declined	بازی ایتالیایی	e2e4 e7e5 g1f3 b8c6 f1c4 f8c5 b2b4 c5b6
C51	Italian Game: Evans Gambit Declined	بازی ایتالیایی	e2e4 e7e5 g1f3 b8c6 f1c4 f8c5 b2b4 c5b6 a2a4
C51	Italian Game: Evans Gambit Declined, Cordel Variation	بازی ایتالیایی	e2e4 e7e5 g1f3 b8c6 f1c4 f8c5 b2b4 c5b6 c1b2
C51	Italian Game: Evans Gambit Declined, Hicken Variation	بازی ایتالیایی	e2e4 e7e5 g1f3 b8c6 f1c4 f8c5 b2b4 c5b6 b4b5 c6a5 f3e5 d8g5 d1f3 g5e5 f3f7 e8d8 c1b2
C51	Italian Game: Evans Gambit Declined, Hirschbach Variation	بازی ایتالیایی	e2e4 e7e5 g1f3 b8c6 f1c4 f8c5 b2b4 c5b6 b4b5 c6a5 f3e5 d8g5
C51	Italian Game: Evans Gambit Declined, Lange Variation	بازی ایتالیایی	e2e4 e7e5 g1f3 b8c6 f1c4 f8c5 b2b4 c5b6 b4b5 c6a5 f3e5 g8h6
C51	Italian Game: Evans Gambit Declined, Pavlov Variation	بازی ایتالیایی	e2e4 e7e5 g1f3 b8c6 f1c4 f8c5 b2b4 c5b6 b4b5 c6a5 f3e5 g8h6 d2d4 d7d6 c1h6 d6e5 h6g7 h8g8 c4f7 e8f7 g7e5 d8g5 b1d2
C51	Italian Game: Evans Gambit Declined, Showalter Variation	بازی ایتالیایی	e2e4 e7e5 g1f3 b8c6 f1c4 f8c5 b2b4 c5b6 a2a4 a7a6 b1c3
C51	Italian Game: Evans Gambit Declined, Vasquez Variation	بازی ایتالیایی	e2e4 e7e5 g1f3 b8c6 f1c4 f8c5 b2b4 c5b6 b4b5 c6a5 f3e5 d8g5 c4f7 e8e7 d1h5
C51	Italian Game: Evans Gambit, Anderssen Variation	بازی ایتالیایی	e2e4 e7e5 g1f3 b8c6 f1c4 f8c5 b2b4 c5b4 c2c3 b4e7
C51	Italian Game: Evans Gambit, Anderssen Variation, Cordel Line	بازی ایتالیایی	e2e4 e7e5 g1f3 b8c6 f1c4 f8c5 b2b4 c5b4 c2c3 b4e7 d2d4 c6a5
C51	Italian Game: Evans Gambit, Fontaine Countergambit	بازی ایتالیایی	e2e4 e7e5 g1f3 b8c6 f1c4 f8c5 b2b4 b7b5
C51	Italian Game: Evans Gambit, Fraser Attack	بازی ایتالیایی	e2e4 e7e5 g1f3 b8c6 f1c4 f8c5 b2b4 c5b4 c2c3 b4c5 d2d4 e5d4 e1g1 d7d6 c3d4 c5b6 b1c3 c8g4 d1a4
C51	Italian Game: Evans Gambit, Fraser-Mortimer Attack	بازی ایتالیایی	e2e4 e7e5 g1f3 b8c6 f1c4 f8c5 b2b4 c5b4 c2c3 b4c5 d2d4 e5d4 e1g1 d7d6 c3d4 c5b6 b1c3 c8g4 d1a4 g4d7 a4b3 c6a5 c4f7 e8f8 b3c2
C51	Italian Game: Evans Gambit, Göring Attack	بازی ایتالیایی	e2e4 e7e5 g1f3 b8c6 f1c4 f8c5 b2b4 c5b4 c2c3 b4c5 d2d4 e5d4 e1g1 d7d6 c3d4 c5b6 b1c3 c6a5 c1g5
C51	Italian Game: Evans Gambit, Harding Variation	بازی ایتالیایی	e2e4 e7e5 g1f3 b8c6 f1c4 f8c5 b2b4 c5b4 c2c3 b4c5 d2d4 e5d4 c3d4 c5b4 c1d2
C51	Italian Game: Evans Gambit, Hein Countergambit	بازی ایتالیایی	e2e4 e7e5 g1f3 b8c6 f1c4 f8c5 b2b4 d7d5
C51	Italian Game: Evans Gambit, Mayet Defense	بازی ایتالیایی	e2e4 e7e5 g1f3 b8c6 f1c4 f8c5 b2b4 c5b4 c2c3 b4f8
C51	Italian Game: Evans Gambit, McDonnell Defense	بازی ایتالیایی	e2e4 e7e5 g1f3 b8c6 f1c4 f8c5 b2b4 c5b4 c2c3 b4c5
C51	Italian Game: Evans Gambit, McDonnell Defense, Main Line	بازی ایتالیایی	e2e4 e7e5 g1f3 b8c6 f1c4 f8c5 b2b4 c5b4 c2c3 b4c5 d2d4 e5d4 e1g1 d7d6 c3d4 c5b6
C51	Italian Game: Evans Gambit, Morphy Attack	بازی ایتالیایی	e2e4 e7e5 g1f3 b8c6 f1c4 f8c5 b2b4 c5b4 c2c3 b4a5 d2d4 e5d4 e1g1 d7d6 c3d4 a5b6 b1c3
C51	Italian Game: Evans Gambit, Mortimer-Evans Gambit	بازی ایتالیایی	e2e4 e7e5 g1f3 b8c6 f1c4 f8c5 b2b4 c5b4 c2c3 b4c5 d2d4 e5d4 e1g1 d7d6 c3d4 c5b6 b1c3 c8g4 d1a4 g4d7 a4b3 c6a5 c4f7 e8f8 b3c2 f8f7
C51	Italian Game: Evans Gambit, Paulsen Variation	بازی ایتالیایی	e2e4 e7e5 g1f3 b8c6 f1c4 f8c5 b2b4 c5b4 c2c3 b4c5 d2d4 e5d4 e1g1 d7d6 c3d4 c5b6 d4d5 c6a5 c1b2 g8e7
C51	Italian Game: Evans Gambit, Steinitz Variation	بازی ایتالیایی	e2e4 e7e5 g1f3 b8c6 f1c4 f8c5 b2b4 c5b4 c2c3 b4c5 d2d4 e5d4 e1g1 d7d6 c3d4 c5b6 b1c3 c6a5 c1g5 f7f6 g5e3
C51	Italian Game: Evans Gambit, Stone-Ware Variation	بازی ایتالیایی	e2e4 e7e5 g1f3 b8c6 f1c4 f8c5 b2b4 c5b4 c2c3 b4d6
C51	Italian Game: Evans Gambit, Ulvestad Variation	بازی ایتالیایی	e2e4 e7e5 g1f3 b8c6 f1c4 f8c5 b2b4 c5b4 c2c3 b4c5 d2d4 e5d4 e1g1 d7d6 c3d4 c5b6 d4d5 c6a5 c1b2
C52	Italian Game: Evans Gambit	بازی ایتالیایی	e2e4 e7e5 g1f3 b8c6 f1c4 f8c5 b2b4 c5b4 c2c3 b4a5 e1g1 d7d6
C52	Italian Game: Evans Gambit, Alapin-Steinitz Variation	بازی ایتالیایی	e2e4 e7e5 g1f3 b8c6 f1c4 f8c5 b2b4 c5b4 c2c3 b4a5 e1g1 d7d6 d2d4 c8g4
C52	Italian Game: Evans Gambit, Anderssen Defense	بازی ایتالیایی	e2e4 e7e5 g1f3 b8c6 f1c4 f8c5 b2b4 c5b4 c2c3 b4a5 e1g1 g8f6 d2d4 e5d4
C52	Italian Game: Evans Gambit, Bronstein Defense	بازی ایتالیایی	e2e4 e7e5 g1f3 b8c6 f1c4 f8c5 b2b4 c5b4 c2c3 b4a5 d2d4 d7d6
C52	Italian Game: Evans Gambit, Compromised Defense	بازی ایتالیایی	e2e4 e7e5 g1f3 b8c6 f1c4 f8c5 b2b4 c5b4 c2c3 b4a5 d2d4 e5d4 e1g1 d4c3
C52	Italian Game: Evans Gambit, Compromised Defense, Main Line	بازی ایتالیایی	e2e4 e7e5 g1f3 b8c6 f1c4 f8c5 b2b4 c5b4 c2c3 b4a5 d2d4 e5d4 e1g1 d4c3 d1b3 d8f6 e4e5 f6g6 b1c3 g8e7 c1a3
C52	Italian Game: Evans Gambit, Compromised Defense, Potter Variation	بازی ایتالیایی	e2e4 e7e5 g1f3 b8c6 f1c4 f8c5 b2b4 c5b4 c2c3 b4a5 d2d4 e5d4 e1g1 d4c3 d1b3 d8f6 e4e5 f6g6 b1c3 g8e7 f1d1
C52	Italian Game: Evans Gambit, Dufresne Defense	بازی ایتالیایی	e2e4 e7e5 g1f3 b8c6 f1c4 f8c5 b2b4 c5b4 c2c3 b4a5 d2d4 e5d4 e1g1 d4d3
C52	Italian Game: Evans Gambit, Johner Defense	بازی ایتالیایی	e2e4 e7e5 g1f3 b8c6 f1c4 f8c5 b2b4 c5b4 c2c3 b4a5 d2d4 e5d4 e1g1 b7b5
C52	Italian Game: Evans Gambit, Laroche Variation	بازی ایتالیایی	e2e4 e7e5 g1f3 b8c6 f1c4 f8c5 b2b4 c5b4 c2c3 b4a5 d2d4 g8f6
C52	Italian Game: Evans Gambit, Lasker Defense	بازی ایتالیایی	e2e4 e7e5 g1f3 b8c6 f1c4 f8c5 b2b4 c5b4 c2c3 b4a5 e1g1 d7d6 d2d4 a5b6
C52	Italian Game: Evans Gambit, Leonhardt Countergambit	بازی ایتالیایی	e2e4 e7e5 g1f3 b8c6 f1c4 f8c5 b2b4 c5b4 c2c3 b4a5 d2d4 b7b5
C52	Italian Game: Evans Gambit, Levenfish Variation	بازی ایتالیایی	e2e4 e7e5 g1f3 b8c6 f1c4 f8c5 b2b4 c5b4 c2c3 b4a5 d2d4 d7d6 d1b3 d8d7 d4e5 d6e5 e1g1 a5b6 c1a3 c6a5 f3e5
C52	Italian Game: Evans Gambit, Main Line	بازی ایتالیایی	e2e4 e7e5 g1f3 b8c6 f1c4 f8c5 b2b4 c5b4 c2c3 b4a5
C52	Italian Game: Evans Gambit, Mieses Defense	بازی ایتالیایی	e2e4 e7e5 g1f3 b8c6 f1c4 f8c5 b2b4 c5b4 c2c3 b4a5 d2d4 e5d4 e1g1 g8e7
C52	Italian Game: Evans Gambit, Pierce Defense	بازی ایتالیایی	e2e4 e7e5 g1f3 b8c6 f1c4 f8c5 b2b4 c5b4 c2c3 b4a5 d2d4 e5d4
C52	Italian Game: Evans Gambit, Richardson Attack	بازی ایتالیایی	e2e4 e7e5 g1f3 b8c6 f1c4 f8c5 b2b4 c5b4 c2c3 b4a5 e1g1 g8f6 d2d4 e8g8 f3e5
C52	Italian Game: Evans Gambit, Sanders-Alapin Variation	بازی ایتالیایی	e2e4 e7e5 g1f3 b8c6 f1c4 f8c5 b2b4 c5b4 c2c3 b4a5 e1g1 d7d6 d2d4 c8d7
C52	Italian Game: Evans Gambit, Slow Variation	بازی ایتالیایی	e2e4 e7e5 g1f3 b8c6 f1c4 f8c5 b2b4 c5b4 c2c3 b4a5 e1g1
C52	Italian Game: Evans Gambit, Sokolsky Variation	بازی ایتالیایی	e2e4 e7e5 g1f3 b8c6 f1c4 f8c5 b2b4 c5b4 c2c3 b4a5 d2d4 d7d6 c1g5
C52	Italian Game: Evans Gambit, Tartakower Attack	بازی ایتالیایی	e2e4 e7e5 g1f3 b8c6 f1c4 f8c5 b2b4 c5b4 c2c3 b4a5 d2d4 d7d6 d1b3
C52	Italian Game: Evans Gambit, Waller Attack	بازی ایتالیایی	e2e4 e7e5 g1f3 b8c6 f1c4 f8c5 b2b4 c5b4 c2c3 b4a5 d2d4 e5d4 e1g1 d7d6 d1b3
C53	Italian Game: Bird's Attack	بازی ایتالیایی	e2e4 e7e5 g1f3 b8c6 f1c4 f8c5 c2c3 g8f6 b2b4
C53	Italian Game: Classical Variation	بازی ایتالیایی	e2e4 e7e5 g1f3 b8c6 f1c4 f8c5 c2c3
C53	Italian Game: Classical Variation, Center Holding Variation	بازی ایتالیایی	e2e4 e7e5 g1f3 b8c6 f1c4 f8c5 c2c3 d8e7 d2d4 c5b6
C53	Italian Game: Classical Variation, Closed Variation	بازی ایتالیایی	e2e4 e7e5 g1f3 b8c6 f1c4 f8c5 c2c3 d8e7
C53	Italian Game: Classical Variation, Eisinger Variation	بازی ایتالیایی	e2e4 e7e5 g1f3 b8c6 f1c4 f8c5 c2c3 d8e7 d2d4 c5b6 d4d5 c6b8 d5d6
C53	Italian Game: Classical Variation, La Bourdonnais Variation	بازی ایتالیایی	e2e4 e7e5 g1f3 b8c6 f1c4 f8c5 c2c3 d7d6 d2d4 e5d4 c3d4 c5b6
C53	Italian Game: Classical Variation, Mestel Variation	بازی ایتالیایی	e2e4 e7e5 g1f3 b8c6 f1c4 f8c5 c2c3 d8e7 d2d4 c5b6 c1g5
C53	Italian Game: Classical Variation, Tarrasch Variation	بازی ایتالیایی	e2e4 e7e5 g1f3 b8c6 f1c4 f8c5 c2c3 d8e7 d2d4 c5b6 e1g1 d7d6 a2a4 a7a6 h2h3 g8f6 f1e1
C54	Italian Game: Classical Variation	بازی ایتالیایی	e2e4 e7e5 g1f3 b8c6 f1c4 f8c5 c2c3 g8f6
C54	Italian Game: Classical Variation, Center Attack	بازی ایتالیایی	e2e4 e7e5 g1f3 b8c6 f1c4 f8c5 c2c3 g8f6 d2d4
C54	Italian Game: Classical Variation, Ghulam-Kassim Variation	بازی ایتالیایی	e2e4 e7e5 g1f3 b8c6 f1c4 f8c5 c2c3 g8f6 d2d4 e5d4 e4e5 f6e4 c4d5 e4f2 e1f2 d4c3 f2g3
C54	Italian Game: Classical Variation, Giuoco Pianissimo	بازی ایتالیایی	e2e4 e7e5 g1f3 b8c6 f1c4 f8c5 c2c3 g8f6 d2d3
C54	Italian Game: Classical Variation, Giuoco Pianissimo	بازی ایتالیایی	e2e4 e7e5 g1f3 b8c6 f1c4 f8c5 c2c3 g8f6 d2d3 d7d6
C54	Italian Game: Classical Variation, Giuoco Pianissimo	بازی ایتالیایی	e2e4 e7e5 g1f3 b8c6 f1c4 f8c5 c2c3 g8f6 d2d3 d7d6 b1d2 e8g8 e1g1
C54	Italian Game: Classical Variation, Giuoco Pianissimo	بازی ایتالیایی	e2e4 e7e5 g1f3 b8c6 f1c4 f8c5 e1g1 g8f6 d2d3 h7h6 c2c3
C54	Italian Game: Classical Variation, Giuoco Pianissimo	بازی ایتالیایی	e2e4 e7e5 g1f3 b8c6 f1c4 f8c5 e1g1 g8f6 d2d3 d7d6 c2c3
C54	Italian Game: Classical Variation, Giuoco Pianissimo	بازی ایتالیایی	e2e4 e7e5 g1f3 b8c6 f1c4 f8c5 e1g1 g8f6 d2d3 d7d6 c2c3 a7a5
C54	Italian Game: Classical Variation, Giuoco Pianissimo	بازی ایتالیایی	e2e4 e7e5 g1f3 b8c6 f1c4 f8c5 e1g1 g8f6 d2d3 d7d6 c2c3 a7a6
C54	Italian Game: Classical Variation, Giuoco Pianissimo	بازی ایتالیایی	e2e4 e7e5 g1f3 b8c6 f1c4 f8c5 e1g1 g8f6 d2d3 d7d6 c2c3 c5b6
C54	Italian Game: Classical Variation, Giuoco Pianissimo	بازی ایتالیایی	e2e4 e7e5 g1f3 b8c6 f1c4 f8c5 e1g1 g8f6 d2d3 d7d6 c2c3 e8g8
C54	Italian Game: Classical Variation, Giuoco Pianissimo	بازی ایتالیایی	e2e4 e7e5 g1f3 b8c6 f1c4 f8c5 e1g1 g8f6 d2d3 d7d6 c2c3 a7a6 a2a4
C54	Italian Game: Classical Variation, Giuoco Pianissimo	بازی ایتالیایی	e2e4 e7e5 g1f3 b8c6 f1c4 f8c5 e1g1 g8f6 d2d3 d7d6 c2c3 a7a6 a2a4 c5a7
C54	Italian Game: Classical Variation, Giuoco Pianissimo	بازی ایتالیایی	e2e4 e7e5 g1f3 b8c6 f1c4 f8c5 e1g1 g8f6 d2d3 d7d6 c2c3 a7a6 a2a4 e8g8
C54	Italian Game: Classical Variation, Giuoco Pianissimo	بازی ایتالیایی	e2e4 e7e5 g1f3 b8c6 f1c4 f8c5 e1g1 g8f6 d2d3 d7d6 c2c3 a7a6 f1e1
C54	Italian Game: Classical Variation, Giuoco Pianissimo	بازی ایتالیایی	e2e4 e7e5 g1f3 b8c6 f1c4 f8c5 e1g1 g8f6 d2d3 d7d6 c2c3 a7a6 f1e1 c5a7
C54	Italian Game: Classical Variation, Giuoco Pianissimo	بازی ایتالیایی	e2e4 e7e5 g1f3 b8c6 f1c4 f8c5 e1g1 g8f6 d2d3 d7d6 c2c3 h7h6 f1e1
C54	Italian Game: Classical Variation, Giuoco Pianissimo	بازی ایتالیایی	e2e4 e7e5 g1f3 b8c6 f1c4 f8c5 e1g1 g8f6 d2d3 d7d6 c2c3 h7h6 b1d2
C54	Italian Game: Classical Variation, Giuoco Pianissimo	بازی ایتالیایی	e2e4 e7e5 g1f3 b8c6 f1c4 f8c5 e1g1 g8f6 d2d3 e8g8 c2c3 d7d5
C54	Italian Game: Classical Variation, Giuoco Pianissimo, Albin Variation	بازی ایتالیایی	e2e4 e7e5 g1f3 b8c6 f1c4 f8c5 c2c3 g8f6 d2d3 d7d6 b2b4
C54	Italian Game: Classical Variation, Giuoco Pianissimo, Main Line	بازی ایتالیایی	e2e4 e7e5 g1f3 b8c6 f1c4 f8c5 c2c3 g8f6 d2d3 d7d6 e1g1 e8g8 f1e1 a7a6 c4b3 c5a7 h2h3
C54	Italian Game: Classical Variation, Giuoco Pianissimo, with a4 a5	بازی ایتالیایی	e2e4 e7e5 g1f3 b8c6 f1c4 f8c5 c2c3 g8f6 d2d3 d7d6 e1g1 e8g8 a2a4 a7a5
C54	Italian Game: Classical Variation, Giuoco Pianissimo, with a5	بازی ایتالیایی	e2e4 e7e5 g1f3 b8c6 f1c4 f8c5 e1g1 g8f6 d2d3 a7a5 c2c3
C54	Italian Game: Classical Variation, Giuoco Pianissimo, with a6	بازی ایتالیایی	e2e4 e7e5 g1f3 b8c6 f1c4 f8c5 c2c3 g8f6 d2d3 a7a6
C54	Italian Game: Classical Variation, Giuoco Pianissimo, with a6	بازی ایتالیایی	e2e4 e7e5 g1f3 b8c6 f1c4 f8c5 c2c3 g8f6 d2d3 d7d6 b1d2 a7a6
C54	Italian Game: Classical Variation, Giuoco Pianissimo, with h6	بازی ایتالیایی	e2e4 e7e5 g1f3 b8c6 f1c4 f8c5 e1g1 g8f6 d2d3 d7d6 c2c3 h7h6
C54	Italian Game: Classical Variation, Greco Gambit, Anderssen Variation	بازی ایتالیایی	e2e4 e7e5 g1f3 b8c6 f1c4 f8c5 c2c3 g8f6 d2d4 e5d4 e4e5 d7d5 c4b5 f6e4 c3d4 c5b4
C54	Italian Game: Classical Variation, Greco Gambit, Dubov Italian	بازی ایتالیایی	e2e4 e7e5 g1f3 b8c6 f1c4 f8c5 c2c3 g8f6 d2d4 e5d4 b2b4
C54	Italian Game: Classical Variation, Greco Gambit, Greco Variation	بازی ایتالیایی	e2e4 e7e5 g1f3 b8c6 f1c4 f8c5 c2c3 g8f6 d2d4 e5d4 c3d4 c5b4 b1c3 f6e4 e1g1 e4c3
C54	Italian Game: Classical Variation, Greco Gambit, Main Line	بازی ایتالیایی	e2e4 e7e5 g1f3 b8c6 f1c4 f8c5 c2c3 g8f6 d2d4 e5d4 c3d4 c5b4 b1c3 f6e4 e1g1 b4c3
C54	Italian Game: Classical Variation, Greco Gambit, Modern Line	بازی ایتالیایی	e2e4 e7e5 g1f3 b8c6 f1c4 f8c5 c2c3 g8f6 d2d4 e5d4 e4e5
C54	Italian Game: Classical Variation, Greco Gambit, Modern Line	بازی ایتالیایی	e2e4 e7e5 g1f3 b8c6 f1c4 f8c5 c2c3 g8f6 d2d4 e5d4 e4e5 d7d5
C54	Italian Game: Classical Variation, Greco Gambit, Moeller-Bayonet Attack	بازی ایتالیایی	e2e4 e7e5 g1f3 b8c6 f1c4 f8c5 c2c3 g8f6 d2d4 e5d4 c3d4 c5b4 b1c3 f6e4 e1g1 b4c3 d4d5 c3f6 f1e1 c6e7 e1e4 d7d6 g2g4
C54	Italian Game: Classical Variation, Greco Gambit, Moeller-Therkatz Attack	بازی ایتالیایی	e2e4 e7e5 g1f3 b8c6 f1c4 f8c5 c2c3 g8f6 d2d4 e5d4 c3d4 c5b4 b1c3 f6e4 e1g1 b4c3 d4d5
C54	Italian Game: Classical Variation, Greco Gambit, Traditional Line	بازی ایتالیایی	e2e4 e7e5 g1f3 b8c6 f1c4 f8c5 c2c3 g8f6 d2d4 e5d4 c3d4
C54	Italian Game: Classical Variation, with d5	بازی ایتالیایی	e2e4 e7e5 g1f3 b8c6 f1c4 f8c5 c2c3 g8f6 d2d3 d7d5
C54	Italian Game: Giuoco Piano, Aitken Variation	بازی ایتالیایی	e2e4 e7e5 g1f3 b8c6 f1c4 f8c5 c2c3 g8f6 d2d4 e5d4 c3d4 c5b4 b1c3 f6e4 e1g1 e4c3 b2c3 b4c3 c1a3
C54	Italian Game: Giuoco Piano, Bernstein Variation	بازی ایتالیایی	e2e4 e7e5 g1f3 b8c6 f1c4 f8c5 c2c3 g8f6 d2d4 e5d4 c3d4 c5b4 b1c3 f6e4 e1g1 e4c3 b2c3 b4c3 d1b3 d7d5
C54	Italian Game: Giuoco Piano, Cracow Variation	بازی ایتالیایی	e2e4 e7e5 g1f3 b8c6 f1c4 f8c5 c2c3 g8f6 d2d4 e5d4 c3d4 c5b4 e1f1
C54	Italian Game: Giuoco Piano, Greco's Attack	بازی ایتالیایی	e2e4 e7e5 g1f3 b8c6 f1c4 f8c5 c2c3 g8f6 d2d4 e5d4 c3d4 c5b4 b1c3
C54	Italian Game: Giuoco Piano, Holzhausen Attack	بازی ایتالیایی	e2e4 e7e5 g1f3 b8c6 f1c4 g8f6 e1g1 f8c5 d2d4 c5d4 f3d4 c6d4 c1g5 d7d6 f2f4 d8e7 f4e5 d6e5 b1c3
C54	Italian Game: Giuoco Piano, Krause Variation	بازی ایتالیایی	e2e4 e7e5 g1f3 b8c6 f1c4 f8c5 c2c3 g8f6 d2d4 e5d4 c3d4 c5b4 c1d2 f6e4 d2b4 c6b4 c4f7 e8f7 d1b3 d7d5 f3e5 f7f6 f2f3
C54	Italian Game: Giuoco Piano, Rosentreter Variation	بازی ایتالیایی	e2e4 e7e5 g1f3 b8c6 f1c4 g8f6 e1g1 f8c5 d2d4 c5d4 f3d4 c6d4 c1g5 h7h6 g5h4 g7g5 f2f4
C54	Italian Game: Giuoco Piano, Steinitz Variation	بازی ایتالیایی	e2e4 e7e5 g1f3 b8c6 f1c4 f8c5 c2c3 g8f6 d2d4 e5d4 c3d4 c5b4 b1c3 f6e4 e1g1 b4c3 b2c3 d7d5 c1a3
C54	Italian Game: Giuoco Piano, Therkatz-Herzog Variation	بازی ایتالیایی	e2e4 e7e5 g1f3 b8c6 f1c4 f8c5 c2c3 g8f6 d2d4 e5d4 c3d4 c5b4 b1c3 f6e4 e1g1 b4c3 d4d5 c3f6 f1e1 c6e7 e1e4 d7d6 c1g5 f6g5 f3g5 e8g8 g5h7
C55	Italian Game: Two Knights Defense	بازی ایتالیایی	e2e4 e7e5 g1f3 b8c6 f1c4 g8f6
C55	Italian Game: Two Knights Defense	بازی ایتالیایی	e2e4 e7e5 g1f3 b8c6 f1c4 g8f6 e1g1 f8c5 d2d4 c5d4 f3d4 c6d4 c1g5 d7d6
C55	Italian Game: Two Knights Defense	بازی ایتالیایی	e2e4 e7e5 g1f3 b8c6 f1c4 g8f6 b1c3 f6e4 c3e4 d7d5
C55	Italian Game: Two Knights Defense, Modern Bishop's Opening	بازی ایتالیایی	e2e4 e7e5 g1f3 b8c6 f1c4 g8f6 d2d3
C55	Italian Game: Two Knights Defense, Modern Bishop's Opening	بازی ایتالیایی	e2e4 e7e5 g1f3 b8c6 f1c4 g8f6 d2d3 f8e7
C55	Italian Game: Two Knights Defense, Modern Bishop's Opening	بازی ایتالیایی	e2e4 e7e5 g1f3 b8c6 f1c4 g8f6 d2d3 h7h6 e1g1 d7d6
C56	Italian Game: Scotch Gambit	بازی ایتالیایی	e2e4 e7e5 g1f3 b8c6 f1c4 g8f6 d2d4 e5d4 e1g1
C56	Italian Game: Scotch Gambit, Anderssen Attack	بازی ایتالیایی	e2e4 e7e5 g1f3 b8c6 f1c4 g8f6 d2d4 e5d4 e1g1 f6e4 f1e1 d7d5 c4d5 d8d5 b1c3
C56	Italian Game: Scotch Gambit, Anderssen Attack, Main Line	بازی ایتالیایی	e2e4 e7e5 g1f3 b8c6 f1c4 g8f6 d2d4 e5d4 e1g1 f6e4 f1e1 d7d5 c4d5 d8d5 b1c3 d5a5 c3e4 c8e6 c1d2 a5d5 d2g5
C56	Italian Game: Scotch Gambit, Canal Variation	بازی ایتالیایی	e2e4 e7e5 g1f3 b8c6 d2d4 e5d4 f1c4 g8f6 e1g1 f6e4 f1e1 d7d5 b1c3
C56	Italian Game: Scotch Gambit, Double Gambit Accepted	بازی ایتالیایی	e2e4 e7e5 g1f3 b8c6 f1c4 g8f6 d2d4 e5d4 e1g1 f6e4
C56	Italian Game: Scotch Gambit, Janowski Defense	بازی ایتالیایی	e2e4 e7e5 g1f3 b8c6 d2d4 e5d4 f1c4 g8f6 e1g1 d7d6
C56	Italian Game: Scotch Gambit, Max Lange Attack	بازی ایتالیایی	e2e4 e7e5 g1f3 b8c6 d2d4 e5d4 f1c4 g8f6 e1g1 f8c5
C56	Italian Game: Scotch Gambit, Max Lange Attack	بازی ایتالیایی	e2e4 e7e5 g1f3 b8c6 f1c4 g8f6 d2d4 e5d4 e4e5 d7d5 c4b5 f6e4
C56	Italian Game: Scotch Gambit, Max Lange Attack Accepted	بازی ایتالیایی	e2e4 e7e5 g1f3 b8c6 f1c4 f8c5 e1g1 g8f6 d2d4 e5d4 e4e5 d7d5 e5f6 d5c4 f1e1 c8e6 f6g7
C56	Italian Game: Scotch Gambit, Max Lange Attack, Long Variation	بازی ایتالیایی	e2e4 e7e5 g1f3 b8c6 d2d4 e5d4 f1c4 g8f6 e1g1 f8c5 e4e5 d7d5 e5f6 d5c4 f1e1 c8e6 f3g5 d8d5 b1c3 d5f5 c3e4
C56	Italian Game: Scotch Gambit, Max Lange Attack, Spielmann Defense	بازی ایتالیایی	e2e4 e7e5 g1f3 b8c6 d2d4 e5d4 f1c4 g8f6 e1g1 f8c5 e4e5 f6g4
C56	Italian Game: Scotch Gambit, Nakhmanson Gambit	بازی ایتالیایی	e2e4 e7e5 g1f3 b8c6 f1c4 g8f6 d2d4 e5d4 e1g1 f6e4 b1c3
C56	Italian Game: Scotch Gambit, Walbrodt-Baird Gambit	بازی ایتالیایی	e2e4 e7e5 g1f3 b8c6 f1c4 f8c5 c2c3 g8f6 d2d4 e5d4 e1g1
C56	Italian Game: Scotch Gambit, de Riviere Defense	بازی ایتالیایی	e2e4 e7e5 g1f3 b8c6 d2d4 e5d4 f1c4 g8f6 e1g1 f8e7
C56	Italian Game: Scotch Invitation Declined	بازی ایتالیایی	e2e4 e7e5 g1f3 b8c6 f1c4 g8f6 d2d4 d7d6
C56	Italian Game: Two Knights Defense, Keidansky Variation	بازی ایتالیایی	e2e4 e7e5 g1f3 b8c6 f1c4 g8f6 d2d4 e5d4 e4e5 d7d5 c4b5 f6e4 f3d4 f8c5 d4c6 c5f2 e1f1 d8h4
C56	Italian Game: Two Knights Defense, Max Lange Attack	بازی ایتالیایی	e2e4 e7e5 g1f3 b8c6 d2d4 e5d4 f1c4 g8f6 e1g1 f8c5 e4e5
C56	Italian Game: Two Knights Defense, Max Lange Attack, Berger Variation	بازی ایتالیایی	e2e4 e7e5 g1f3 b8c6 f1c4 g8f6 d2d4 e5d4 e1g1 f8c5 e4e5 d7d5 e5f6 d5c4 f1e1 c8e6 f3g5 d8d5 b1c3 d5f5 g2g4 f5g6 c3e4 c5b6 f2f4 e8c8
C56	Italian Game: Two Knights Defense, Max Lange Attack, Krause Variation	بازی ایتالیایی	e2e4 e7e5 g1f3 b8c6 f1c4 g8f6 d2d4 e5d4 e1g1 f8c5 e4e5 f6g4 c2c3
C56	Italian Game: Two Knights Defense, Max Lange Attack, Loman Defense	بازی ایتالیایی	e2e4 e7e5 g1f3 b8c6 d2d4 e5d4 f1c4 f8c5 e1g1 g8f6 e4e5 d7d5 e5f6 d5c4 f1e1 c8e6 f3g5 g7g6
C56	Italian Game: Two Knights Defense, Max Lange Attack, Rubinstein Variation	بازی ایتالیایی	e2e4 e7e5 g1f3 b8c6 f1c4 g8f6 d2d4 e5d4 e1g1 f8c5 e4e5 d7d5 e5f6 d5c4 f1e1 c8e6 f3g5 d8d5 b1c3 d5f5 c3e4 c5f8
C56	Italian Game: Two Knights Defense, Open Variation	بازی ایتالیایی	e2e4 e7e5 g1f3 b8c6 f1c4 g8f6 d2d4
C56	Italian Game: Two Knights Defense, Perreux Variation	بازی ایتالیایی	e2e4 e7e5 g1f3 b8c6 f1c4 g8f6 d2d4 e5d4 f3g5
C56	Italian Game: Two Knights Defense, Yurdansky Attack	بازی ایتالیایی	e2e4 e7e5 g1f3 b8c6 d2d4 e5d4 f1c4 g8f6 e1g1 f6e4 f1e1 d7d5 c4d5 d8d5 b1c3 d5a5 c3e4 c8e6 c1g5 h7h6 g5h4 g7g5 e4f6 e8e7 b2b4
C57	Italian Game: Two Knights Defense, Fegatello Attack, Leonhardt Variation	بازی ایتالیایی	e2e4 e7e5 g1f3 b8c6 f1c4 g8f6 f3g5 d7d5 e4d5 f6d5 g5f7 e8f7 d1f3 f7e6 b1c3 c6b4 f3e4 c7c6 a2a3 b4a6 d2d4 a6c7
C57	Italian Game: Two Knights Defense, Fried Liver Attack	بازی ایتالیایی	e2e4 e7e5 g1f3 b8c6 f1c4 g8f6 f3g5 d7d5 e4d5 f6d5 g5f7
C57	Italian Game: Two Knights Defense, Fritz Variation	بازی ایتالیایی	e2e4 e7e5 g1f3 b8c6 f1c4 g8f6 f3g5 d7d5 e4d5 c6d4
C57	Italian Game: Two Knights Defense, Fritz, Gruber Variation	بازی ایتالیایی	e2e4 e7e5 g1f3 b8c6 f1c4 g8f6 f3g5 d7d5 e4d5 c6d4 c2c3 b7b5 c4f1 f6d5 g5e4
C57	Italian Game: Two Knights Defense, Kloss Gambit	بازی ایتالیایی	e2e4 e7e5 g1f3 b8c6 f1c4 g8f6 f3g5 d7d5 e4d5 c6b4
C57	Italian Game: Two Knights Defense, Knight Attack	بازی ایتالیایی	e2e4 e7e5 g1f3 b8c6 f1c4 g8f6 f3g5
C57	Italian Game: Two Knights Defense, Knight Attack, Normal Variation	بازی ایتالیایی	e2e4 e7e5 g1f3 b8c6 f1c4 g8f6 f3g5 d7d5
C57	Italian Game: Two Knights Defense, Lolli Attack	بازی ایتالیایی	e2e4 e7e5 g1f3 b8c6 f1c4 g8f6 f3g5 d7d5 e4d5 f6d5 d2d4
C57	Italian Game: Two Knights Defense, Pincus Variation	بازی ایتالیایی	e2e4 e7e5 g1f3 b8c6 f1c4 g8f6 f3g5 d7d5 e4d5 f6d5 d2d4 f8b4
C57	Italian Game: Two Knights Defense, Ponziani-Steinitz Gambit	بازی ایتالیایی	e2e4 e7e5 g1f3 b8c6 f1c4 g8f6 f3g5 f6e4
C57	Italian Game: Two Knights Defense, Traxler Counterattack	بازی ایتالیایی	e2e4 e7e5 g1f3 b8c6 f1c4 g8f6 f3g5 f8c5
C57	Italian Game: Two Knights Defense, Traxler Counterattack, Bishop Sacrifice Line	بازی ایتالیایی	e2e4 e7e5 g1f3 b8c6 f1c4 g8f6 f3g5 f8c5 c4f7
C57	Italian Game: Two Knights Defense, Traxler Counterattack, King March Line	بازی ایتالیایی	e2e4 e7e5 g1f3 b8c6 f1c4 g8f6 f3g5 f8c5 g5f7 c5f2 e1f2 f6e4 f2e3
C57	Italian Game: Two Knights Defense, Traxler Counterattack, Knight Sacrifice Line	بازی ایتالیایی	e2e4 e7e5 g1f3 b8c6 f1c4 g8f6 f3g5 f8c5 g5f7
C57	Italian Game: Two Knights Defense, Traxler Variation, Trencianske-Teplice Gambit	بازی ایتالیایی	e2e4 e7e5 g1f3 b8c6 f1c4 g8f6 f3g5 f8c5 c4f7 e8e7 d2d4
C57	Italian Game: Two Knights Defense, Ulvestad Variation	بازی ایتالیایی	e2e4 e7e5 g1f3 b8c6 f1c4 g8f6 f3g5 d7d5 e4d5 b7b5
C57	Italian Game: Two Knights Defense, Ulvestad Variation, Kurkin Gambit	بازی ایتالیایی	e2e4 e7e5 g1f3 b8c6 f1c4 g8f6 f3g5 d7d5 e4d5 b7b5 c4f1 h7h6 g5f7
C58	Italian Game: Two Knights Defense	بازی ایتالیایی	e2e4 e7e5 g1f3 b8c6 f1c4 g8f6 f3g5 d7d5 e4d5 c6a5 c4b5 c7c6 d5c6 b7c6 b5e2
C58	Italian Game: Two Knights Defense, Blackburne Variation	بازی ایتالیایی	e2e4 e7e5 g1f3 b8c6 f1c4 g8f6 f3g5 d7d5 e4d5 c6a5 c4b5 c7c6 d5c6 b7c6 d1f3 c6b5
C58	Italian Game: Two Knights Defense, Colman Variation	بازی ایتالیایی	e2e4 e7e5 g1f3 b8c6 f1c4 g8f6 f3g5 d7d5 e4d5 c6a5 c4b5 c7c6 d5c6 b7c6 d1f3 a8b8
C58	Italian Game: Two Knights Defense, Maróczy Variation	بازی ایتالیایی	e2e4 e7e5 g1f3 b8c6 f1c4 g8f6 f3g5 d7d5 e4d5 c6a5 d2d3 h7h6 g5f3 e5e4 d1e2 a5c4 d3c4 f8e7
C58	Italian Game: Two Knights Defense, Paoli Variation	بازی ایتالیایی	e2e4 e7e5 g1f3 b8c6 f1c4 g8f6 f3g5 d7d5 e4d5 c6a5 c4b5 c7c6 d5c6 b7c6 d1f3 d8c7 b5d3
C58	Italian Game: Two Knights Defense, Polerio Defense	بازی ایتالیایی	e2e4 e7e5 g1f3 b8c6 f1c4 g8f6 f3g5 d7d5 e4d5 c6a5
C58	Italian Game: Two Knights Defense, Polerio Defense, Bishop Check Line	بازی ایتالیایی	e2e4 e7e5 g1f3 b8c6 f1c4 g8f6 f3g5 d7d5 e4d5 c6a5 c4b5
C58	Italian Game: Two Knights Defense, Polerio Defense, Bogoljubow Variation	بازی ایتالیایی	e2e4 e7e5 g1f3 b8c6 f1c4 g8f6 f3g5 d7d5 e4d5 c6a5 c4b5 c7c6 d5c6 b7c6 d1f3
C58	Italian Game: Two Knights Defense, Polerio Defense, Kieseritzky Variation	بازی ایتالیایی	e2e4 e7e5 g1f3 b8c6 f1c4 g8f6 f3g5 d7d5 e4d5 c6a5 d2d3
C58	Italian Game: Two Knights Defense, Polerio Defense, Yankovich Variation	بازی ایتالیایی	e2e4 e7e5 g1f3 b8c6 f1c4 g8f6 f3g5 d7d5 e4d5 c6a5 d2d3 h7h6 g5f3 e5e4 d1e2 a5c4 d3c4 f8c5 f3d2
C59	Italian Game: Two Knights Defense, Knorre Variation	بازی ایتالیایی	e2e4 e7e5 g1f3 b8c6 f1c4 g8f6 f3g5 d7d5 e4d5 c6a5 c4b5 c7c6 d5c6 b7c6 b5e2 h7h6 g5f3 e5e4 f3e5 f8d6 d2d4 d8c7 c1d2
C59	Italian Game: Two Knights Defense, Polerio Defense, Göring Variation	بازی ایتالیایی	e2e4 e7e5 g1f3 b8c6 f1c4 g8f6 f3g5 d7d5 e4d5 c6a5 c4b5 c7c6 d5c6 b7c6 b5e2 h7h6 g5f3 e5e4 f3e5 d8c7
C59	Italian Game: Two Knights Defense, Polerio Defense, Suhle Defense	بازی ایتالیایی	e2e4 e7e5 g1f3 b8c6 f1c4 g8f6 f3g5 d7d5 e4d5 c6a5 c4b5 c7c6 d5c6 b7c6 b5e2 h7h6
C59	Italian Game: Two Knights Defense, Steinitz Variation	بازی ایتالیایی	e2e4 e7e5 g1f3 b8c6 f1c4 g8f6 f3g5 d7d5 e4d5 c6a5 c4b5 c7c6 d5c6 b7c6 b5e2 h7h6 g5h3
C60	Ruy Lopez	روی لوپز	e2e4 e7e5 g1f3 b8c6 f1b5
C60	Ruy Lopez: Alapin Defense	روی لوپز	e2e4 e7e5 g1f3 b8c6 f1b5 f8b4
C60	Ruy Lopez: Alapin Defense, Alapin Gambit	روی لوپز	e2e4 e7e5 g1f3 b8c6 f1b5 f8b4 c2c3 b4a5 b5c6 d7c6
C60	Ruy Lopez: Brentano Gambit	روی لوپز	e2e4 e7e5 g1f3 b8c6 f1b5 g7g5
C60	Ruy Lopez: Bulgarian Variation	روی لوپز	e2e4 e7e5 g1f3 b8c6 f1b5 a7a5
C60	Ruy Lopez: Cozio Defense	روی لوپز	e2e4 e7e5 g1f3 b8c6 f1b5 g8e7
C60	Ruy Lopez: Cozio Defense, Paulsen Variation	روی لوپز	e2e4 e7e5 g1f3 b8c6 f1b5 g8e7 b1c3 g7g6
C60	Ruy Lopez: Cozio Defense, Tartakower Gambit	روی لوپز	e2e4 e7e5 g1f3 b8c6 f1b5 g7g6 d2d4 e5d4 f3d4 f8g7 c1e3 g8e7 b1c3 e8g8 d1d2 d7d5
C60	Ruy Lopez: Fianchetto Defense	روی لوپز	e2e4 e7e5 g1f3 b8c6 f1b5 g7g6
C60	Ruy Lopez: Fianchetto Defense, Kevitz Gambit	روی لوپز	e2e4 e7e5 g1f3 b8c6 f1b5 g7g6 c2c3 f7f5
C60	Ruy Lopez: Lucena Variation	روی لوپز	e2e4 e7e5 g1f3 b8c6 f1b5 f8e7
C60	Ruy Lopez: Nürnberg Variation	روی لوپز	e2e4 e7e5 g1f3 b8c6 f1b5 f7f6
C60	Ruy Lopez: Pollock Defense	روی لوپز	e2e4 e7e5 g1f3 b8c6 f1b5 c6a5
C60	Ruy Lopez: Retreat Variation	روی لوپز	e2e4 e7e5 g1f3 b8c6 f1b5 c6b8
C60	Ruy Lopez: Rotary-Albany Gambit	روی لوپز	e2e4 e7e5 g1f3 b8c6 f1b5 b7b6
C60	Ruy Lopez: Spanish Countergambit	روی لوپز	e2e4 e7e5 g1f3 b8c6 f1b5 d7d5
C60	Ruy Lopez: Spanish Countergambit, Harding Countergambit, Fricke Gambit	روی لوپز	e2e4 e7e5 g1f3 b8c6 f1b5 d7d5 f3e5 d8g5 e1g1
C60	Ruy Lopez: Spanish Countergambit, Harding Gambit	روی لوپز	e2e4 e7e5 g1f3 b8c6 f1b5 d7d5 f3e5 d8g5 e5c6
C60	Ruy Lopez: Vinogradov Variation	روی لوپز	e2e4 e7e5 g1f3 b8c6 f1b5 d8e7
C61	Ruy Lopez: Bird Variation	روی لوپز	e2e4 e7e5 g1f3 b8c6 f1b5 c6d4
C61	Ruy Lopez: Bird Variation, Paulsen Variation	روی لوپز	e2e4 e7e5 g1f3 b8c6 f1b5 c6d4 f3d4 e5d4 e1g1 g8e7
C62	Ruy Lopez: Steinitz Defense	روی لوپز	e2e4 e7e5 g1f3 b8c6 f1b5 d7d6
C62	Ruy Lopez: Steinitz Defense	روی لوپز	e2e4 e7e5 g1f3 b8c6 f1b5 d7d6 d2d4
C62	Ruy Lopez: Steinitz Defense, Center Gambit	روی لوپز	e2e4 e7e5 g1f3 b8c6 f1b5 d7d6 d2d4 e5d4 e1g1
C62	Ruy Lopez: Steinitz Defense, Nimzowitsch Attack	روی لوپز	e2e4 e7e5 g1f3 b8c6 f1b5 d7d6 d2d4 c8d7 b1c3 g8f6 b5c6
C62	Ruy Lopez: Steinitz Defense, Semi-Duras Variation	روی لوپز	e2e4 e7e5 g1f3 b8c6 f1b5 d7d6 d2d4 c8d7 c2c4
C63	Ruy Lopez: Schliemann Defense	روی لوپز	e2e4 e7e5 g1f3 b8c6 f1b5 f7f5
C63	Ruy Lopez: Schliemann Defense, Classical Variation	روی لوپز	e2e4 e7e5 g1f3 b8c6 f1b5 f7f5 b1c3 f5e4 c3e4 d7d5 f3e5 d5e4 e5c6 d8g5
C63	Ruy Lopez: Schliemann Defense, Dyckhoff Variation	روی لوپز	e2e4 e7e5 g1f3 b8c6 f1b5 f7f5 b1c3
C63	Ruy Lopez: Schliemann Defense, Exchange Variation	روی لوپز	e2e4 e7e5 g1f3 b8c6 f1b5 f7f5 b5c6
C63	Ruy Lopez: Schliemann Defense, Jaenisch Gambit Accepted	روی لوپز	e2e4 e7e5 g1f3 b8c6 f1b5 f7f5 e4f5
C63	Ruy Lopez: Schliemann Defense, Kostić Defense	روی لوپز	e2e4 e7e5 g1f3 b8c6 f1b5 f7f5 b1c3 f5e4 c3e4 f8e7
C63	Ruy Lopez: Schliemann Defense, Möhring Variation	روی لوپز	e2e4 e7e5 g1f3 b8c6 f1b5 f7f5 b1c3 f5e4 c3e4 d7d5 f3e5 d5e4 e5c6 d8d5
C63	Ruy Lopez: Schliemann Defense, Schönemann Attack	روی لوپز	e2e4 e7e5 g1f3 b8c6 f1b5 f7f5 d2d4
C63	Ruy Lopez: Schliemann Defense, Tartakower Variation	روی لوپز	e2e4 e7e5 g1f3 b8c6 f1b5 f7f5 b1c3 f5e4 c3e4 g8f6
C64	Ruy Lopez: Classical Defense, Benelux Variation	روی لوپز	e2e4 e7e5 g1f3 b8c6 f1b5 g8f6 e1g1 f8c5 c2c3 e8g8 d2d4 c5b6
C64	Ruy Lopez: Classical Defense, Boden Variation	روی لوپز	e2e4 e7e5 g1f3 b8c6 f1b5 f8c5 c2c3 d8e7
C64	Ruy Lopez: Classical Defense, Zaitsev Variation	روی لوپز	e2e4 e7e5 g1f3 b8c6 f1b5 f8c5 e1g1 c6d4 b2b4
C64	Ruy Lopez: Classical Variation	روی لوپز	e2e4 e7e5 g1f3 b8c6 f1b5 f8c5
C64	Ruy Lopez: Classical Variation, Central Variation	روی لوپز	e2e4 e7e5 g1f3 b8c6 f1b5 f8c5 c2c3
C64	Ruy Lopez: Classical Variation, Charousek Variation	روی لوپز	e2e4 e7e5 g1f3 b8c6 f1b5 f8c5 c2c3 c5b6
C64	Ruy Lopez: Classical Variation, Cordel Gambit	روی لوپز	e2e4 e7e5 g1f3 b8c6 f1b5 f8c5 c2c3 f7f5
C64	Ruy Lopez: Classical Variation, Konikowski Gambit	روی لوپز	e2e4 e7e5 g1f3 b8c6 f1b5 f8c5 c2c3 d7d5
C64	Ruy Lopez: Classical Variation, Modern Main Line	روی لوپز	e2e4 e7e5 g1f3 b8c6 f1b5 g8f6 e1g1 f8c5 c2c3 e8g8 d2d4 c5b6 c1g5
C64	Ruy Lopez: Classical Variation, Spanish Wing Gambit	روی لوپز	e2e4 e7e5 g1f3 b8c6 f1b5 f8c5 b2b4
C65	Ruy Lopez: Berlin Defense	روی لوپز	e2e4 e7e5 g1f3 b8c6 f1b5 g8f6
C65	Ruy Lopez: Berlin Defense	روی لوپز	e2e4 e7e5 g1f3 b8c6 f1b5 g8f6 e1g1
C65	Ruy Lopez: Berlin Defense, Anti-Berlin Variation	روی لوپز	e2e4 e7e5 g1f3 b8c6 f1b5 g8f6 d2d3
C65	Ruy Lopez: Berlin Defense, Anti-Berlin Variation, Anderssen Variation	روی لوپز	e2e4 e7e5 g1f3 b8c6 f1b5 g8f6 d2d3 d7d6 b5c6
C65	Ruy Lopez: Berlin Defense, Anti-Berlin Variation, Duras Variation	روی لوپز	e2e4 e7e5 g1f3 b8c6 f1b5 g8f6 d2d3 d7d6 c2c4
C65	Ruy Lopez: Berlin Defense, Anti-Berlin Variation, Kaufmann Variation	روی لوپز	e2e4 e7e5 g1f3 b8c6 f1b5 g8f6 d2d3 f8c5 c1e3
C65	Ruy Lopez: Berlin Defense, Anti-Berlin Variation, Mortimer Trap	روی لوپز	e2e4 e7e5 g1f3 b8c6 f1b5 g8f6 d2d3 c6e7 f3e5 c7c6
C65	Ruy Lopez: Berlin Defense, Anti-Berlin Variation, Mortimer Variation	روی لوپز	e2e4 e7e5 g1f3 b8c6 f1b5 g8f6 d2d3 c6e7
C65	Ruy Lopez: Berlin Defense, Beverwijk Variation	روی لوپز	e2e4 e7e5 g1f3 b8c6 f1b5 g8f6 e1g1 f8c5
C65	Ruy Lopez: Berlin Defense, Fishing Pole Variation	روی لوپز	e2e4 e7e5 g1f3 b8c6 f1b5 g8f6 e1g1 f6g4
C65	Ruy Lopez: Berlin Defense, Nyholm Attack	روی لوپز	e2e4 e7e5 g1f3 b8c6 f1b5 g8f6 d2d4 e5d4 e1g1
C65	Ruy Lopez: Classical Variation, Zukertort Gambit	روی لوپز	e2e4 e7e5 g1f3 b8c6 f1b5 g8f6 e1g1 f8c5 c2c3
C65	Ruy Lopez: Halloween Attack	روی لوپز	e2e4 e7e5 g1f3 b8c6 f1b5 g8f6 f3e5
C66	Ruy Lopez: Berlin Defense, Closed Bernstein Variation	روی لوپز	e2e4 e7e5 g1f3 b8c6 f1b5 g8f6 e1g1 d7d6 d2d4 c8d7 b1c3 f8e7 c1g5
C66	Ruy Lopez: Berlin Defense, Closed Showalter Variation	روی لوپز	e2e4 e7e5 g1f3 b8c6 f1b5 g8f6 e1g1 d7d6 d2d4 c8d7 b1c3 f8e7 b5c6
C66	Ruy Lopez: Berlin Defense, Closed Wolf Variation	روی لوپز	e2e4 e7e5 g1f3 b8c6 f1b5 g8f6 e1g1 d7d6 d2d4 c8d7 b1c3 e5d4
C66	Ruy Lopez: Berlin Defense, Hedgehog Variation	روی لوپز	e2e4 e7e5 g1f3 b8c6 f1b5 g8f6 e1g1 d7d6 d2d4 c8d7 b1c3 f8e7
C66	Ruy Lopez: Berlin Defense, Improved Steinitz Defense	روی لوپز	e2e4 e7e5 g1f3 b8c6 f1b5 g8f6 e1g1 d7d6
C66	Ruy Lopez: Berlin Defense, Tarrasch Trap	روی لوپز	e2e4 e7e5 g1f3 b8c6 f1b5 d7d6 d2d4 c8d7 b1c3 g8f6 e1g1 f8e7 f1e1 e8g8
C66	Ruy Lopez: Closed Berlin Defense, Chigorin Variation	روی لوپز	e2e4 e7e5 g1f3 b8c6 f1b5 g8f6 e1g1 d7d6 d2d4 f6d7
C67	Ruy Lopez: Berlin Defense, Berlin Wall	روی لوپز	e2e4 e7e5 g1f3 b8c6 f1b5 g8f6 e1g1 f6e4 d2d4 e4d6 b5c6 d7c6 d4e5 d6f5 d1d8 e8d8 b1c3 c8d7
C67	Ruy Lopez: Berlin Defense, Cordel Variation	روی لوپز	e2e4 e7e5 g1f3 b8c6 f1b5 g8f6 e1g1 f6e4 d2d4 f8e7 d1e2 e4d6 b5c6 b7c6 d4e5 d6f5
C67	Ruy Lopez: Berlin Defense, Minckwitz Variation	روی لوپز	e2e4 e7e5 g1f3 b8c6 f1b5 g8f6 e1g1 f6e4 d2d4 f8e7 d4e5
C67	Ruy Lopez: Berlin Defense, Pillsbury Variation	روی لوپز	e2e4 e7e5 g1f3 b8c6 f1b5 g8f6 e1g1 f6e4 d2d4 f8e7 d1e2 e4d6 b5c6 b7c6 d4e5 d6b7 b2b3
C67	Ruy Lopez: Berlin Defense, Rio Gambit Accepted	روی لوپز	e2e4 e7e5 g1f3 b8c6 f1b5 g8f6 e1g1 f6e4
C67	Ruy Lopez: Berlin Defense, Rio de Janeiro Variation	روی لوپز	e2e4 e7e5 g1f3 b8c6 f1b5 g8f6 e1g1 f6e4 d2d4 f8e7
C67	Ruy Lopez: Berlin Defense, Rio de Janeiro Variation	روی لوپز	e2e4 e7e5 g1f3 b8c6 f1b5 g8f6 e1g1 f6e4 d2d4 f8e7 d1e2 e4d6 b5c6 b7c6 d4e5 d6b7 b1c3 e8g8 f1e1 b7c5 f3d4 c5e6 c1e3 e6d4 e3d4 c6c5
C67	Ruy Lopez: Berlin Defense, Rosenthal Variation	روی لوپز	e2e4 e7e5 g1f3 b8c6 f1b5 g8f6 e1g1 f6e4 d2d4 a7a6
C67	Ruy Lopez: Berlin Defense, Trifunovic Variation	روی لوپز	e2e4 e7e5 g1f3 b8c6 f1b5 g8f6 e1g1 f6e4 d2d4 f8e7 d1e2 d7d5
C67	Ruy Lopez: Berlin Defense, Winawer Attack	روی لوپز	e2e4 e7e5 g1f3 b8c6 f1b5 g8f6 e1g1 f6e4 d2d4 f8e7 d1e2 e4d6 b5c6 b7c6 d4e5 d6b7 f3d4
C67	Ruy Lopez: Berlin Defense, Zukertort Variation	روی لوپز	e2e4 e7e5 g1f3 b8c6 f1b5 g8f6 e1g1 f6e4 d2d4 f8e7 d1e2 e4d6 b5c6 b7c6 d4e5 d6b7 c2c4
C67	Ruy Lopez: Berlin Defense, l'Hermet Variation	روی لوپز	e2e4 e7e5 g1f3 b8c6 f1b5 g8f6 e1g1 f6e4 d2d4 e4d6
C67	Ruy Lopez: Berlin Defense, l'Hermet Variation, Berlin Wall Defense	روی لوپز	e2e4 e7e5 g1f3 b8c6 f1b5 g8f6 e1g1 f6e4 d2d4 e4d6 b5c6 d7c6 d4e5 d6f5 d1d8 e8d8
C67	Ruy Lopez: Berlin Defense, l'Hermet Variation, Westerinen Line	روی لوپز	e2e4 e7e5 g1f3 b8c6 f1b5 g8f6 e1g1 f6e4 d2d4 e4d6 b5c6 d7c6 d4e5 d6e4
C67	Ruy Lopez: Open Berlin Defense, Showalter Variation	روی لوپز	e2e4 e7e5 g1f3 b8c6 f1b5 g8f6 e1g1 f6e4 d2d4 e4d6 b5a4
C67	Ruy Lopez: Open Berlin Defense, l'Hermet Variation	روی لوپز	e2e4 e7e5 g1f3 b8c6 f1b5 g8f6 e1g1 f6e4 d2d4 e4d6 d4e5
C68	Ruy Lopez: Exchange Variation	روی لوپز	e2e4 e7e5 g1f3 b8c6 f1b5 a7a6 b5c6
C68	Ruy Lopez: Exchange Variation, Alekhine Variation	روی لوپز	e2e4 e7e5 g1f3 b8c6 f1b5 a7a6 b5c6 d7c6 d2d4 e5d4 d1d4 d8d4 f3d4 f8d6
C68	Ruy Lopez: Exchange Variation, Keres Variation	روی لوپز	e2e4 e7e5 g1f3 b8c6 f1b5 a7a6 b5c6 d7c6 b1c3
C68	Ruy Lopez: Exchange Variation, Lutikov Variation	روی لوپز	e2e4 e7e5 g1f3 b8c6 f1b5 a7a6 b5c6 b7c6
C68	Ruy Lopez: Exchange Variation, Romanovsky Variation	روی لوپز	e2e4 e7e5 g1f3 b8c6 f1b5 a7a6 b5c6 d7c6 b1c3 f7f6 d2d3
C68	Ruy Lopez: Exchange, Alekhine Variation	روی لوپز	e2e4 e7e5 g1f3 b8c6 f1b5 a7a6 b5c6 d7c6 d2d4 e5d4 d1d4 d8d4 f3d4 c8d7
C69	Ruy Lopez: Exchange Variation, Alapin Gambit	روی لوپز	e2e4 e7e5 g1f3 b8c6 f1b5 a7a6 b5c6 d7c6 e1g1 c8g4 h2h3 h7h5
C69	Ruy Lopez: Exchange Variation, Bronstein Variation	روی لوپز	e2e4 e7e5 g1f3 b8c6 f1b5 a7a6 b5c6 d7c6 e1g1 d8d6
C69	Ruy Lopez: Exchange Variation, Gligoric Variation	روی لوپز	e2e4 e7e5 g1f3 b8c6 f1b5 a7a6 b5c6 d7c6 e1g1 f7f6
C69	Ruy Lopez: Exchange Variation, King's Bishop Variation	روی لوپز	e2e4 e7e5 g1f3 b8c6 f1b5 a7a6 b5c6 d7c6 e1g1 f8d6
C69	Ruy Lopez: Exchange Variation, Normal Variation	روی لوپز	e2e4 e7e5 g1f3 b8c6 f1b5 a7a6 b5c6 d7c6 e1g1
C70	Ruy Lopez: Bird's Defense Deferred	روی لوپز	e2e4 e7e5 g1f3 b8c6 f1b5 a7a6 b5a4 c6d4
C70	Ruy Lopez: Morphy Defense	روی لوپز	e2e4 e7e5 g1f3 b8c6 f1b5 a7a6
C70	Ruy Lopez: Morphy Defense, Alapin's Defense Deferred	روی لوپز	e2e4 e7e5 g1f3 b8c6 f1b5 a7a6 b5a4 f8b4
C70	Ruy Lopez: Morphy Defense, Caro Variation	روی لوپز	e2e4 e7e5 g1f3 b8c6 f1b5 a7a6 b5a4 b7b5
C70	Ruy Lopez: Morphy Defense, Classical Defense Deferred	روی لوپز	e2e4 e7e5 g1f3 b8c6 f1b5 a7a6 b5a4 f8c5
C70	Ruy Lopez: Morphy Defense, Cozio Defense	روی لوپز	e2e4 e7e5 g1f3 b8c6 f1b5 a7a6 b5a4 g8e7
C70	Ruy Lopez: Morphy Defense, Fianchetto Defense Deferred	روی لوپز	e2e4 e7e5 g1f3 b8c6 f1b5 a7a6 b5a4 g7g6
C70	Ruy Lopez: Morphy Defense, Graz Variation	روی لوپز	e2e4 e7e5 g1f3 b8c6 f1b5 a7a6 b5a4 b7b5 a4b3 f8c5
C70	Ruy Lopez: Morphy Defense, Norwegian Variation	روی لوپز	e2e4 e7e5 g1f3 b8c6 f1b5 a7a6 b5a4 b7b5 a4b3 c6a5
C70	Ruy Lopez: Morphy Defense, Norwegian Variation, Nightingale Gambit	روی لوپز	e2e4 e7e5 g1f3 b8c6 f1b5 a7a6 b5a4 b7b5 a4b3 c6a5 b3f7
C70	Ruy Lopez: Morphy Defense, Schliemann Defense Deferred	روی لوپز	e2e4 e7e5 g1f3 b8c6 f1b5 a7a6 b5a4 f7f5
C70	Ruy Lopez: Morphy Defense, Schliemann Defense Deferred, Jaenisch Gambit Deferred	روی لوپز	e2e4 e7e5 g1f3 b8c6 f1b5 a7a6 b5a4 f7f5 e4f5
C71	Ruy Lopez: Morphy Defense, Modern Steinitz Defense	روی لوپز	e2e4 e7e5 g1f3 b8c6 f1b5 a7a6 b5a4 d7d6
C71	Ruy Lopez: Morphy Defense, Modern Steinitz Defense	روی لوپز	e2e4 e7e5 g1f3 b8c6 f1b5 a7a6 b5a4 d7d6 b1c3
C71	Ruy Lopez: Morphy Defense, Modern Steinitz Defense	روی لوپز	e2e4 e7e5 g1f3 b8c6 f1b5 a7a6 b5a4 d7d6 c2c4
C71	Ruy Lopez: Noah's Ark Trap	روی لوپز	e2e4 e7e5 g1f3 b8c6 f1b5 a7a6 b5a4 b7b5 a4b3 d7d6 d2d4 c6d4 f3d4 e5d4 d1d4 c7c5
C72	Ruy Lopez: Closed, Kecskemet Variation	روی لوپز	e2e4 e7e5 g1f3 b8c6 f1b5 a7a6 b5a4 d7d6 e1g1 c8d7 c2c3 g8f6 d2d4 f8e7 b1d2 e8g8 f1e1 d7e8
C72	Ruy Lopez: Morphy Defense, Modern Steinitz Defense	روی لوپز	e2e4 e7e5 g1f3 b8c6 f1b5 a7a6 b5a4 d7d6 e1g1
C73	Ruy Lopez: Morphy Defense, Modern Steinitz Defense	روی لوپز	e2e4 e7e5 g1f3 b8c6 f1b5 a7a6 b5a4 d7d6 a4c6 b7c6 d2d4
C73	Ruy Lopez: Morphy Defense, Modern Steinitz Defense	روی لوپز	e2e4 e7e5 g1f3 b8c6 f1b5 a7a6 b5a4 d7d6 a4c6 b7c6 d2d4 f7f6
C74	Ruy Lopez: Morphy Defense, Modern Steinitz Defense	روی لوپز	e2e4 e7e5 g1f3 b8c6 f1b5 a7a6 b5a4 d7d6 c2c3
C74	Ruy Lopez: Morphy Defense, Modern Steinitz Defense	روی لوپز	e2e4 e7e5 g1f3 b8c6 f1b5 a7a6 b5a4 d7d6 c2c3 f7f5 e4f5 c8f5 e1g1
C74	Ruy Lopez: Morphy Defense, Modern Steinitz Defense, Siesta Variation	روی لوپز	e2e4 e7e5 g1f3 b8c6 f1b5 a7a6 b5a4 d7d6 c2c3 f7f5
C75	Ruy Lopez: Morphy Defense, Modern Steinitz Defense	روی لوپز	e2e4 e7e5 g1f3 b8c6 f1b5 a7a6 b5a4 d7d6 c2c3 c8d7
C75	Ruy Lopez: Morphy Defense, Modern Steinitz Defense	روی لوپز	e2e4 e7e5 g1f3 b8c6 f1b5 a7a6 b5a4 d7d6 c2c3 c8d7 d2d4 g8e7
C76	Ruy Lopez: Morphy Defense, Modern Steinitz Defense, Fianchetto Variation	روی لوپز	e2e4 e7e5 g1f3 b8c6 f1b5 g7g6 c2c3 a7a6 b5a4 d7d6 d2d4 c8d7
C77	Ruy Lopez: Morphy Defense, Anderssen Variation	روی لوپز	e2e4 e7e5 g1f3 b8c6 f1b5 a7a6 b5a4 g8f6 d2d3
C77	Ruy Lopez: Morphy Defense, Bayreuth Variation	روی لوپز	e2e4 e7e5 g1f3 b8c6 f1b5 a7a6 b5a4 g8f6 a4c6
C77	Ruy Lopez: Morphy Defense, Duras Variation	روی لوپز	e2e4 e7e5 g1f3 b8c6 f1b5 a7a6 b5a4 g8f6 d2d3 d7d6 c2c4
C77	Ruy Lopez: Morphy Defense, Jaffe Gambit	روی لوپز	e2e4 e7e5 g1f3 b8c6 f1b5 a7a6 b5a4 g8f6 c2c3
C77	Ruy Lopez: Morphy Defense, Mackenzie Variation	روی لوپز	e2e4 e7e5 g1f3 b8c6 f1b5 a7a6 b5a4 g8f6 d2d4
C77	Ruy Lopez: Morphy Defense, Tarrasch Variation	روی لوپز	e2e4 e7e5 g1f3 b8c6 f1b5 a7a6 b5a4 g8f6 b1c3
C77	Ruy Lopez: Morphy Defense, Wormald Attack	روی لوپز	e2e4 e7e5 g1f3 b8c6 f1b5 a7a6 b5a4 g8f6 d1e2
C77	Ruy Lopez: Wormald Attack, Grünfeld Variation	روی لوپز	e2e4 e7e5 g1f3 b8c6 f1b5 a7a6 b5a4 g8f6 d1e2 b7b5 a4b3 f8e7 d2d4 d7d6 c2c3 c8g4
C78	Ruy Lopez: Brix Variation	روی لوپز	e2e4 e7e5 g1f3 b8c6 f1b5 a7a6 b5a4 g8f6 e1g1 g7g6
C78	Ruy Lopez: Central Countergambit	روی لوپز	e2e4 e7e5 g1f3 b8c6 f1b5 a7a6 b5a4 g8f6 e1g1 d7d5
C78	Ruy Lopez: Morphy Defense	روی لوپز	e2e4 e7e5 g1f3 b8c6 f1b5 a7a6 b5a4 g8f6 e1g1
C78	Ruy Lopez: Morphy Defense	روی لوپز	e2e4 e7e5 g1f3 b8c6 f1b5 a7a6 b5a4 g8f6 e1g1 b7b5 a4b3 d7d6
C78	Ruy Lopez: Morphy Defense, Arkhangelsk Variation	روی لوپز	e2e4 e7e5 g1f3 b8c6 f1b5 a7a6 b5a4 g8f6 e1g1 b7b5 a4b3 c8b7
C78	Ruy Lopez: Morphy Defense, Møller Variation	روی لوپز	e2e4 e7e5 g1f3 b8c6 f1b5 a7a6 b5a4 g8f6 e1g1 f8c5
C78	Ruy Lopez: Morphy Defense, Neo-Arkhangelsk Variation	روی لوپز	e2e4 e7e5 g1f3 b8c6 f1b5 a7a6 b5a4 g8f6 e1g1 b7b5 a4b3 f8c5
C78	Ruy Lopez: Morphy Defense, Wing Attack	روی لوپز	e2e4 e7e5 g1f3 b8c6 f1b5 a7a6 b5a4 g8f6 e1g1 b7b5 a4b3 f8e7 a2a4
C78	Ruy Lopez: Rabinovich Variation	روی لوپز	e2e4 e7e5 g1f3 b8c6 f1b5 a7a6 b5a4 g8f6 e1g1 b7b5 a4b3 d7d6 f3g5 d6d5 e4d5 c6d4 f1e1 f8c5 e1e5 e8f8
C79	Ruy Lopez: Morphy Defense, Steinitz Deferred	روی لوپز	e2e4 e7e5 g1f3 b8c6 f1b5 a7a6 b5a4 g8f6 e1g1 d7d6
C79	Ruy Lopez: Morphy Defense, Steinitz Deferred	روی لوپز	e2e4 e7e5 g1f3 b8c6 f1b5 a7a6 b5a4 g8f6 e1g1 d7d6 a4c6 b7c6 d2d4 f6e4
C79	Ruy Lopez: Steinitz Defense Deferred, Boleslavsky Variation	روی لوپز	e2e4 e7e5 g1f3 b8c6 f1b5 a7a6 b5a4 g8f6 e1g1 d7d6 a4c6 b7c6 d2d4 f6e4 f1e1 f7f5 d4e5 d6d5 b1c3
C79	Ruy Lopez: Steinitz Defense Deferred, Lipnitsky Variation	روی لوپز	e2e4 e7e5 g1f3 b8c6 f1b5 a7a6 b5a4 g8f6 e1g1 d7d6 a4c6 b7c6 d2d4 c8g4
C80	Ruy Lopez: Morphy Defense, Tartakower Variation	روی لوپز	e2e4 e7e5 g1f3 b8c6 f1b5 a7a6 b5a4 g8f6 e1g1 f6e4 d1e2
C80	Ruy Lopez: Open	روی لوپز	e2e4 e7e5 g1f3 b8c6 f1b5 a7a6 b5a4 g8f6 e1g1 f6e4
C80	Ruy Lopez: Open	روی لوپز	e2e4 e7e5 g1f3 b8c6 f1b5 a7a6 b5a4 g8f6 e1g1 f6e4 d2d4
C80	Ruy Lopez: Open	روی لوپز	e2e4 e7e5 g1f3 b8c6 f1b5 a7a6 b5a4 g8f6 e1g1 f6e4 d2d4 b7b5 a4b3
C80	Ruy Lopez: Open	روی لوپز	e2e4 e7e5 g1f3 b8c6 f1b5 a7a6 b5a4 g8f6 e1g1 f6e4 d2d4 b7b5 a4b3 d7d5 d4e5
C80	Ruy Lopez: Open, Berger Variation	روی لوپز	e2e4 e7e5 g1f3 b8c6 f1b5 a7a6 b5a4 g8f6 e1g1 f6e4 d2d4 b7b5 a4b3 d7d5 a2a4 c6d4 f3d4 e5d4 b1c3
C80	Ruy Lopez: Open, Bernstein Variation	روی لوپز	e2e4 e7e5 g1f3 b8c6 f1b5 a7a6 b5a4 g8f6 e1g1 f6e4 d2d4 b7b5 a4b3 d7d5 d4e5 c8e6 b1d2
C80	Ruy Lopez: Open, Bernstein Variation, Luther Line	روی لوپز	e2e4 e7e5 g1f3 b8c6 f1b5 a7a6 b5a4 g8f6 e1g1 f6e4 d2d4 b7b5 a4b3 d7d5 d4e5 c8e6 b1d2 f8c5 d1e1
C80	Ruy Lopez: Open, Friess Attack	روی لوپز	e2e4 e7e5 g1f3 b8c6 f1b5 a7a6 b5a4 g8f6 e1g1 f6e4 d2d4 b7b5 f3e5
C80	Ruy Lopez: Open, Harksen Gambit	روی لوپز	e2e4 e7e5 g1f3 b8c6 f1b5 a7a6 b5a4 g8f6 e1g1 f6e4 d2d4 b7b5 a4b3 d7d5 c2c4
C80	Ruy Lopez: Open, Karpov Gambit	روی لوپز	e2e4 e7e5 g1f3 b8c6 f1b5 a7a6 b5a4 g8f6 e1g1 f6e4 d2d4 b7b5 a4b3 d7d5 d4e5 c8e6 b1d2 e4c5 c2c3 d5d4 f3g5
C80	Ruy Lopez: Open, Knorre Variation	روی لوپز	e2e4 e7e5 g1f3 b8c6 f1b5 a7a6 b5a4 g8f6 e1g1 f6e4 b1c3
C80	Ruy Lopez: Open, Main Line	روی لوپز	e2e4 e7e5 g1f3 b8c6 f1b5 a7a6 b5a4 g8f6 e1g1 f6e4 d2d4 b7b5 a4b3 d7d5 d4e5 c8e6
C80	Ruy Lopez: Open, Richter Variation	روی لوپز	e2e4 e7e5 g1f3 b8c6 f1b5 a7a6 b5a4 g8f6 e1g1 f6e4 d2d4 b7b5 d4d5
C80	Ruy Lopez: Open, Riga Variation	روی لوپز	e2e4 e7e5 g1f3 b8c6 f1b5 a7a6 b5a4 g8f6 e1g1 f6e4 d2d4 e5d4
C80	Ruy Lopez: Open, Schlechter Defense	روی لوپز	e2e4 e7e5 g1f3 b8c6 f1b5 a7a6 b5a4 g8f6 e1g1 f6e4 d2d4 b7b5 a4b3 d7d5 a2a4 c6d4
C80	Ruy Lopez: Open, Skipworth Gambit	روی لوپز	e2e4 e7e5 g1f3 b8c6 f1b5 a7a6 b5a4 g8f6 e1g1 f6e4 f1e1 d7d5
C80	Ruy Lopez: Open, Zukertort Variation	روی لوپز	e2e4 e7e5 g1f3 b8c6 f1b5 a7a6 b5a4 g8f6 e1g1 f6e4 d2d4 b7b5 a4b3 d7d5 d4e5 c6e7
C81	Ruy Lopez: Open, Howell Attack	روی لوپز	e2e4 e7e5 g1f3 b8c6 f1b5 a7a6 b5a4 g8f6 e1g1 f6e4 d2d4 b7b5 a4b3 d7d5 d4e5 c8e6 d1e2
C81	Ruy Lopez: Open, Howell Attack	روی لوپز	e2e4 e7e5 g1f3 b8c6 f1b5 a7a6 b5a4 g8f6 e1g1 f6e4 d2d4 b7b5 a4b3 d7d5 d4e5 c8e6 d1e2 f8e7 c2c4
C81	Ruy Lopez: Open, Howell Attack, Ekstrom Variation	روی لوپز	e2e4 e7e5 g1f3 b8c6 f1b5 a7a6 b5a4 g8f6 e1g1 f6e4 d2d4 b7b5 a4b3 d7d5 d4e5 c8e6 d1e2 f8e7 f1d1 e8g8 c2c4 b5c4 b3c4 d8d7
C82	Ruy Lopez: Open	روی لوپز	e2e4 e7e5 g1f3 b8c6 f1b5 a7a6 b5a4 g8f6 e1g1 f6e4 d2d4 b7b5 a4b3 d7d5 d4e5 c8e6 c2c3
C82	Ruy Lopez: Open, Berlin Variation	روی لوپز	e2e4 e7e5 g1f3 b8c6 f1b5 a7a6 b5a4 g8f6 e1g1 f6e4 d2d4 b7b5 a4b3 d7d5 d4e5 c8e6 c2c3 e4c5
C82	Ruy Lopez: Open, Dilworth Variation	روی لوپز	e2e4 e7e5 g1f3 b8c6 f1b5 a7a6 b5a4 g8f6 e1g1 f6e4 d2d4 b7b5 a4b3 d7d5 d4e5 c8e6 c2c3 f8c5 b1d2 e8g8 b3c2 e4f2
C82	Ruy Lopez: Open, Italian Variation	روی لوپز	e2e4 e7e5 g1f3 b8c6 f1b5 a7a6 b5a4 g8f6 e1g1 f6e4 d2d4 b7b5 a4b3 d7d5 d4e5 c8e6 c2c3 f8c5
C82	Ruy Lopez: Open, Motzko Attack	روی لوپز	e2e4 e7e5 g1f3 b8c6 f1b5 a7a6 b5a4 g8f6 e1g1 f6e4 d2d4 b7b5 a4b3 d7d5 d4e5 c8e6 c2c3 f8c5 d1d3
C82	Ruy Lopez: Open, Motzko Attack, Nenarokov Variation	روی لوپز	e2e4 e7e5 g1f3 b8c6 f1b5 a7a6 b5a4 g8f6 e1g1 f6e4 d2d4 b7b5 a4b3 d7d5 d4e5 c8e6 c2c3 f8c5 d1d3 c6e7
C82	Ruy Lopez: Open, St. Petersburg Variation	روی لوپز	e2e4 e7e5 g1f3 b8c6 f1b5 a7a6 b5a4 g8f6 e1g1 f6e4 d2d4 b7b5 a4b3 d7d5 d4e5 c8e6 c2c3 f8c5 b1d2
C83	Ruy Lopez: Open, Breslau Variation	روی لوپز	e2e4 e7e5 g1f3 b8c6 f1b5 a7a6 b5a4 g8f6 e1g1 f6e4 d2d4 b7b5 a4b3 d7d5 d4e5 c8e6 c2c3 f8e7 f1e1 e8g8 f3d4 c6e5
C83	Ruy Lopez: Open, Classical Defense	روی لوپز	e2e4 e7e5 g1f3 b8c6 f1b5 a7a6 b5a4 g8f6 e1g1 f6e4 d2d4 b7b5 a4b3 d7d5 d4e5 c8e6 c2c3 f8e7
C83	Ruy Lopez: Open, Classical Defense	روی لوپز	e2e4 e7e5 g1f3 b8c6 f1b5 a7a6 b5a4 g8f6 e1g1 f6e4 d2d4 b7b5 a4b3 d7d5 d4e5 c8e6 b1d2 e4c5 c2c3 f8e7
C83	Ruy Lopez: Open, Classical Defense, Main Line	روی لوپز	e2e4 e7e5 g1f3 b8c6 f1b5 a7a6 b5a4 g8f6 e1g1 f6e4 d2d4 f8e7 f1e1 b7b5 a4b3 d7d5 d4e5 c8e6 c2c3
C83	Ruy Lopez: Open, Malkin Variation	روی لوپز	e2e4 e7e5 g1f3 b8c6 f1b5 a7a6 b5a4 g8f6 e1g1 f6e4 d2d4 b7b5 a4b3 d7d5 d4e5 c8e6 c2c3 f8e7 b1d2 e8g8 d1e2
C83	Ruy Lopez: Open, Tarrasch Trap	روی لوپز	e2e4 e7e5 g1f3 b8c6 f1b5 a7a6 b5a4 g8f6 e1g1 f6e4 d2d4 b7b5 a4b3 d7d5 d4e5 c8e6 c2c3 f8e7 f1e1 e8g8 f3d4 d8d7 d4e6 f7e6 e1e4
C84	Ruy Lopez: Closed	روی لوپز	e2e4 e7e5 g1f3 b8c6 f1b5 a7a6 b5a4 g8f6 e1g1 f8e7
C84	Ruy Lopez: Closed, Basque Gambit	روی لوپز	e2e4 e7e5 g1f3 b8c6 f1b5 a7a6 b5a4 g8f6 e1g1 f8e7 d2d4 e5d4 e4e5 f6e4 c2c3
C84	Ruy Lopez: Closed, Center Attack	روی لوپز	e2e4 e7e5 g1f3 b8c6 f1b5 a7a6 b5a4 g8f6 e1g1 f8e7 d2d4
C84	Ruy Lopez: Closed, Center Attack, Basque Gambit	روی لوپز	e2e4 e7e5 g1f3 b8c6 f1b5 a7a6 b5a4 g8f6 e1g1 f8e7 d2d4 e5d4 e4e5 f6e4 c2c3 d4c3
C84	Ruy Lopez: Closed, Martinez Variation	روی لوپز	e2e4 e7e5 g1f3 b8c6 f1b5 a7a6 b5a4 g8f6 e1g1 f8e7 d2d3
C84	Ruy Lopez: Closed, Morphy Attack	روی لوپز	e2e4 e7e5 g1f3 b8c6 f1b5 a7a6 b5a4 g8f6 e1g1 f8e7 b1c3
C85	Ruy Lopez: Closed, Delayed Exchange	روی لوپز	e2e4 e7e5 g1f3 b8c6 f1b5 a7a6 b5a4 g8f6 e1g1 f8e7 a4c6
C86	Ruy Lopez: Closed, Worrall Attack	روی لوپز	e2e4 e7e5 g1f3 b8c6 f1b5 a7a6 b5a4 g8f6 e1g1 f8e7 d1e2
C86	Ruy Lopez: Closed, Worrall Attack, Castling Line	روی لوپز	e2e4 e7e5 g1f3 b8c6 f1b5 a7a6 b5a4 g8f6 e1g1 f8e7 d1e2 b7b5 a4b3 e8g8
C86	Ruy Lopez: Closed, Worrall Attack, Castling Line	روی لوپز	e2e4 e7e5 g1f3 b8c6 f1b5 a7a6 b5a4 g8f6 d1e2 f8e7 e1g1 b7b5 a4b3 e8g8 c2c3 d7d5 d2d3
C86	Ruy Lopez: Closed, Worrall Attack, Delayed Castling Line	روی لوپز	e2e4 e7e5 g1f3 b8c6 f1b5 a7a6 b5a4 g8f6 e1g1 f8e7 d1e2 b7b5 a4b3 d7d6
C87	Ruy Lopez: Closed, Averbakh Variation	روی لوپز	e2e4 e7e5 g1f3 b8c6 f1b5 a7a6 b5a4 g8f6 e1g1 f8e7 f1e1 d7d6
C88	Ruy Lopez: Closed	روی لوپز	e2e4 e7e5 g1f3 b8c6 f1b5 a7a6 b5a4 g8f6 e1g1 f8e7 f1e1 b7b5 a4b3
C88	Ruy Lopez: Closed	روی لوپز	e2e4 e7e5 g1f3 b8c6 f1b5 a7a6 b5a4 g8f6 e1g1 f8e7 f1e1 b7b5 a4b3 e8g8
C88	Ruy Lopez: Closed, Alekhine Gambit	روی لوپز	e2e4 e7e5 g1f3 b8c6 f1b5 a7a6 b5a4 g8f6 e1g1 f8e7 f1e1 b7b5 a4b3 d7d6 c2c3 c6a5 b3c2 c7c5 d2d4 d8c7 b1d2 e8g8 d2f1 c8g4 f1e3 g4f3 d1f3
C88	Ruy Lopez: Closed, Anti-Marshall	روی لوپز	e2e4 e7e5 g1f3 b8c6 f1b5 a7a6 b5a4 g8f6 e1g1 f8e7 f1e1 b7b5 a4b3 e8g8 a2a4
C88	Ruy Lopez: Closed, Balla Variation	روی لوپز	e2e4 e7e5 g1f3 b8c6 f1b5 a7a6 b5a4 g8f6 e1g1 f8e7 f1e1 b7b5 a4b3 d7d6 c2c3 c6a5 b3c2 c7c5 d2d4 d8c7 a2a4
C88	Ruy Lopez: Closed, Leonhardt Variation	روی لوپز	e2e4 e7e5 g1f3 b8c6 f1b5 a7a6 b5a4 g8f6 e1g1 f8e7 f1e1 b7b5 a4b3 d7d6 c2c3 c6a5 b3c2 c7c5 d2d4 d8c7 h2h3 a5c6 d4d5 c6b8 b1d2 g7g5
C88	Ruy Lopez: Closed, Rosen Attack	روی لوپز	e2e4 e7e5 g1f3 b8c6 f1b5 a7a6 b5a4 g8f6 e1g1 f8e7 f1e1 b7b5 a4b3 d7d6 d2d4
C88	Ruy Lopez: Closed, Trajkovic Counterattack	روی لوپز	e2e4 e7e5 g1f3 b8c6 f1b5 a7a6 b5a4 g8f6 e1g1 f8e7 f1e1 b7b5 a4b3 c8b7
C88	Ruy Lopez: Noah's Ark Trap	روی لوپز	e2e4 e7e5 g1f3 b8c6 f1b5 a7a6 b5a4 g8f6 e1g1 f8e7 f1e1 b7b5 a4b3 d7d6 d2d4 c6d4 f3d4 e5d4 d1d4 c7c5
C89	Ruy Lopez: Marshall Attack	روی لوپز	e2e4 e7e5 g1f3 b8c6 f1b5 a7a6 b5a4 g8f6 e1g1 f8e7 f1e1 b7b5 a4b3 e8g8 c2c3 d7d5
C89	Ruy Lopez: Marshall Attack	روی لوپز	e2e4 e7e5 g1f3 b8c6 f1b5 a7a6 b5a4 g8f6 e1g1 f8e7 f1e1 b7b5 a4b3 e8g8 c2c3 d7d5 e4d5 f6d5 a2a4 c8b7
C89	Ruy Lopez: Marshall Attack, Main Line	روی لوپز	e2e4 e7e5 g1f3 b8c6 f1b5 a7a6 b5a4 g8f6 e1g1 f8e7 f1e1 b7b5 a4b3 e8g8 c2c3 d7d5 e4d5 f6d5 f3e5 c6e5 e1e5 c7c6 d2d4
C89	Ruy Lopez: Marshall Attack, Main Line, Spassky Variation	روی لوپز	e2e4 e7e5 g1f3 b8c6 f1b5 a7a6 b5a4 g8f6 e1g1 f8e7 f1e1 b7b5 a4b3 e8g8 c2c3 d7d5 e4d5 f6d5 f3e5 c6e5 e1e5 c7c6 d2d4 e7d6 e5e1 d8h4 g2g3 h4h3 c1e3 c8g4 d1d3 a8e8 b1d2 e8e6 a2a4 h3h5
C89	Ruy Lopez: Marshall Attack, Modern Main Line	روی لوپز	e2e4 e7e5 g1f3 b8c6 f1b5 a7a6 b5a4 g8f6 e1g1 f8e7 f1e1 b7b5 a4b3 e8g8 c2c3 d7d5 e4d5 f6d5 f3e5 c6e5 e1e5 c7c6 d2d4 e7d6 e5e1 d8h4 g2g3 h4h3
C89	Ruy Lopez: Marshall Attack, Modern Variation	روی لوپز	e2e4 e7e5 g1f3 b8c6 f1b5 a7a6 b5a4 g8f6 e1g1 f8e7 f1e1 b7b5 a4b3 e8g8 c2c3 d7d5 e4d5 f6d5 f3e5 c6e5 e1e5 c7c6
C89	Ruy Lopez: Marshall Attack, Original Marshall Attack	روی لوپز	e2e4 e7e5 g1f3 b8c6 f1b5 a7a6 b5a4 g8f6 e1g1 f8e7 f1e1 b7b5 a4b3 e8g8 c2c3 d7d5 e4d5 f6d5 f3e5 c6e5 e1e5 d5f6
C89	Ruy Lopez: Marshall Attack, Re3 Variation	روی لوپز	e2e4 e7e5 g1f3 b8c6 f1b5 a7a6 b5a4 g8f6 e1g1 f8e7 f1e1 b7b5 a4b3 e8g8 c2c3 d7d5 e4d5 f6d5 f3e5 c6e5 e1e5 c7c6 b3d5 c6d5 d2d4 e7d6 e5e3
C89	Ruy Lopez: Marshall Attack, Steiner Variation	روی لوپز	e2e4 e7e5 g1f3 b8c6 f1b5 a7a6 b5a4 g8f6 e1g1 f8e7 f1e1 b7b5 a4b3 e8g8 c2c3 d7d5 e4d5 e5e4
C90	Ruy Lopez: Closed	روی لوپز	e2e4 e7e5 g1f3 b8c6 f1b5 a7a6 b5a4 g8f6 e1g1 f8e7 f1e1 b7b5 a4b3 d7d6 c2c3 e8g8
C90	Ruy Lopez: Closed, Lutikov Variation	روی لوپز	e2e4 e7e5 g1f3 b8c6 f1b5 a7a6 b5a4 g8f6 e1g1 f8e7 f1e1 b7b5 a4b3 d7d6 c2c3 e8g8 b3c2
C90	Ruy Lopez: Closed, Pilnik Variation	روی لوپز	e2e4 e7e5 g1f3 b8c6 f1b5 a7a6 b5a4 g8f6 e1g1 f8e7 f1e1 b7b5 a4b3 e8g8 d2d3 d7d6 c2c3
C90	Ruy Lopez: Closed, Suetin Variation	روی لوپز	e2e4 e7e5 g1f3 b8c6 f1b5 a7a6 b5a4 g8f6 e1g1 f8e7 f1e1 b7b5 a4b3 d7d6 c2c3 e8g8 a2a3
C91	Ruy Lopez: Closed, Bogoljubow Variation	روی لوپز	e2e4 e7e5 g1f3 b8c6 f1b5 a7a6 b5a4 g8f6 e1g1 f8e7 f1e1 b7b5 a4b3 d7d6 c2c3 e8g8 d2d4 c8g4
C91	Ruy Lopez: Closed, Yates Variation	روی لوپز	e2e4 e7e5 g1f3 b8c6 f1b5 a7a6 b5a4 g8f6 e1g1 f8e7 f1e1 b7b5 a4b3 d7d6 c2c3 e8g8 d2d4
C91	Ruy Lopez: Closed, Yates Variation, Short Attack	روی لوپز	e2e4 e7e5 g1f3 b8c6 f1b5 a7a6 b5a4 g8f6 e1g1 f8e7 f1e1 b7b5 a4b3 d7d6 c2c3 e8g8 d2d4 c8g4 a2a4
C92	Ruy Lopez: Closed	روی لوپز	e2e4 e7e5 g1f3 b8c6 f1b5 a7a6 b5a4 g8f6 e1g1 f8e7 f1e1 b7b5 a4b3 d7d6 c2c3 e8g8 h2h3
C92	Ruy Lopez: Closed, Flohr System	روی لوپز	e2e4 e7e5 g1f3 b8c6 f1b5 a7a6 b5a4 g8f6 e1g1 f8e7 f1e1 b7b5 a4b3 d7d6 c2c3 e8g8 h2h3 c8b7
C92	Ruy Lopez: Closed, Karpov Variation	روی لوپز	e2e4 e7e5 g1f3 b8c6 f1b5 a7a6 b5a4 g8f6 e1g1 f8e7 f1e1 b7b5 a4b3 d7d6 c2c3 e8g8 h2h3 f6d7
C92	Ruy Lopez: Closed, Kholmov Variation	روی لوپز	e2e4 e7e5 g1f3 b8c6 f1b5 a7a6 b5a4 g8f6 e1g1 f8e7 f1e1 b7b5 a4b3 d7d6 c2c3 e8g8 h2h3 c8e6
C92	Ruy Lopez: Closed, Smyslov-Breyer-Zaitsev Hybrid	روی لوپز	e2e4 e7e5 g1f3 b8c6 f1b5 a7a6 b5a4 g8f6 e1g1 f8e7 f1e1 b7b5 a4b3 d7d6 c2c3 e8g8 h2h3 c8b7 d2d4 f8e8 b1d2 e7f8 a2a3 h7h6
C92	Ruy Lopez: Closed, Zaitsev System	روی لوپز	e2e4 e7e5 g1f3 b8c6 f1b5 a7a6 b5a4 g8f6 e1g1 f8e7 f1e1 b7b5 a4b3 d7d6 c2c3 e8g8 h2h3 f8e8
C93	Ruy Lopez: Closed, Smyslov Defense	روی لوپز	e2e4 e7e5 g1f3 b8c6 f1b5 a7a6 b5a4 g8f6 e1g1 f8e7 f1e1 b7b5 a4b3 d7d6 c2c3 e8g8 h2h3 h7h6
C94	Ruy Lopez: Closed, Breyer Defense	روی لوپز	e2e4 e7e5 g1f3 b8c6 f1b5 a7a6 b5a4 g8f6 e1g1 f8e7 f1e1 b7b5 a4b3 d7d6 c2c3 e8g8 h2h3 c6b8
C94	Ruy Lopez: Closed, Breyer Defense, Quiet Variation	روی لوپز	e2e4 e7e5 g1f3 b8c6 f1b5 a7a6 b5a4 g8f6 e1g1 f8e7 f1e1 b7b5 a4b3 d7d6 c2c3 e8g8 h2h3 c6b8 d2d3
C95	Ruy Lopez: Closed, Breyer	روی لوپز	e2e4 e7e5 g1f3 b8c6 f1b5 a7a6 b5a4 g8f6 e1g1 f8e7 f1e1 b7b5 a4b3 d7d6 c2c3 e8g8 h2h3 c6b8 d2d4
C95	Ruy Lopez: Closed, Breyer Defense	روی لوپز	e2e4 e7e5 g1f3 b8c6 f1b5 a7a6 b5a4 g8f6 e1g1 f8e7 f1e1 b7b5 a4b3 d7d6 c2c3 e8g8 h2h3 c6b8 d2d4 b8d7 b1d2 c8b7 b3c2 c7c5
C95	Ruy Lopez: Closed, Breyer Defense	روی لوپز	e2e4 e7e5 g1f3 b8c6 f1b5 a7a6 b5a4 g8f6 e1g1 f8e7 f1e1 b7b5 a4b3 d7d6 c2c3 e8g8 h2h3 c6b8 d2d4 b8d7 f3h4
C95	Ruy Lopez: Closed, Breyer Defense, Zaitsev Hybrid	روی لوپز	e2e4 e7e5 g1f3 b8c6 f1b5 a7a6 b5a4 g8f6 e1g1 f8e7 f1e1 b7b5 a4b3 d7d6 c2c3 e8g8 h2h3 c6b8 d2d4 b8d7
C96	Ruy Lopez: Closed, Borisenko Variation	روی لوپز	e2e4 e7e5 g1f3 b8c6 f1b5 a7a6 b5a4 g8f6 e1g1 f8e7 f1e1 b7b5 a4b3 d7d6 c2c3 e8g8 h2h3 c6a5 b3c2 c7c5 d2d4 a5c6
C96	Ruy Lopez: Closed, Chigorin Defense	روی لوپز	e2e4 e7e5 g1f3 b8c6 f1b5 a7a6 b5a4 g8f6 e1g1 f8e7 f1e1 b7b5 a4b3 d7d6 c2c3 e8g8 h2h3 c6a5 b3c2
C96	Ruy Lopez: Closed, Chigorin Defense	روی لوپز	e2e4 e7e5 g1f3 b8c6 f1b5 a7a6 b5a4 g8f6 e1g1 f8e7 f1e1 b7b5 a4b3 d7d6 c2c3 e8g8 h2h3 c6a5 b3c2 c7c5
C96	Ruy Lopez: Closed, Chigorin Defense, Gajewski Gambit	روی لوپز	e2e4 e7e5 g1f3 b8c6 f1b5 a7a6 b5a4 g8f6 e1g1 f8e7 f1e1 b7b5 a4b3 d7d6 c2c3 e8g8 h2h3 c6a5 b3c2 d6d5
C96	Ruy Lopez: Closed, Keres Defense	روی لوپز	e2e4 e7e5 g1f3 b8c6 f1b5 a7a6 b5a4 g8f6 e1g1 f8e7 f1e1 b7b5 a4b3 d7d6 c2c3 e8g8 h2h3 c6a5 b3c2 c7c5 d2d4 f6d7
C96	Ruy Lopez: Closed, Rossolimo Defense	روی لوپز	e2e4 e7e5 g1f3 b8c6 f1b5 a7a6 b5a4 g8f6 e1g1 f8e7 f1e1 b7b5 a4b3 d7d6 c2c3 e8g8 h2h3 c6a5 b3c2 c7c6 d2d4 d8c7
C97	Ruy Lopez: Closed, Chigorin Defense	روی لوپز	e2e4 e7e5 g1f3 b8c6 f1b5 a7a6 b5a4 g8f6 e1g1 f8e7 f1e1 b7b5 a4b3 d7d6 c2c3 e8g8 h2h3 c6a5
C97	Ruy Lopez: Closed, Chigorin Defense	روی لوپز	e2e4 e7e5 g1f3 b8c6 f1b5 a7a6 b5a4 g8f6 e1g1 f8e7 f1e1 b7b5 a4b3 d7d6 c2c3 e8g8 h2h3 c6a5 b3c2 c7c5 d2d4 d8c7
C97	Ruy Lopez: Closed, Chigorin, Yugoslav System	روی لوپز	e2e4 e7e5 g1f3 b8c6 f1b5 a7a6 b5a4 g8f6 e1g1 f8e7 f1e1 b7b5 a4b3 d7d6 c2c3 e8g8 h2h3 c6a5 b3c2 c7c5 d2d4 d8c7 b1d2 c8d7 d2f1 f8e8 f1e3 g7g6
C98	Ruy Lopez: Closed, Chigorin Defense	روی لوپز	e2e4 e7e5 g1f3 b8c6 f1b5 a7a6 b5a4 g8f6 e1g1 f8e7 f1e1 b7b5 a4b3 d7d6 c2c3 e8g8 h2h3 c6a5 b3c2 c7c5 d2d4 d8c7 b1d2 a5c6
C98	Ruy Lopez: Closed, Chigorin Defense	روی لوپز	e2e4 e7e5 g1f3 b8c6 f1b5 a7a6 b5a4 g8f6 e1g1 f8e7 f1e1 b7b5 a4b3 d7d6 c2c3 e8g8 h2h3 c6a5 b3c2 c7c5 d2d4 d8c7 b1d2 a5c6 d4c5
C99	Ruy Lopez: Closed, Chigorin Defense, Panov System	روی لوپز	e2e4 e7e5 g1f3 b8c6 f1b5 a7a6 b5a4 g8f6 e1g1 f8e7 f1e1 b7b5 a4b3 d7d6 c2c3 e8g8 h2h3 c6a5 b3c2 c7c5 d2d4 d8c7 b1d2 c5d4 c3d4
D00	Amazon Attack	حمله‌ی آمازون	d2d4 d7d5 d1d3
D00	Blackmar-Diemer Gambit	گامبی بلکمار-دیمر	d2d4 d7d5 e2e4
D00	Blackmar-Diemer Gambit	گامبی بلکمار-دیمر	d2d4 d7d5 e2e4 d5e4 b1c3 g8f6
D00	Blackmar-Diemer Gambit Accepted	گامبی بلکمار-دیمرِ پذیرفته	d2d4 d7d5 e2e4 d5e4 b1c3 g8f6 f2f3 e4f3
D00	Blackmar-Diemer Gambit Accepted: Bogoljubow Defense	گامبی بلکمار-دیمرِ پذیرفته	d2d4 d7d5 e2e4 d5e4 b1c3 g8f6 f2f3 e4f3 g1f3 g7g6
D00	Blackmar-Diemer Gambit Accepted: Bogoljubow Defense, Kloss Attack	گامبی بلکمار-دیمرِ پذیرفته	d2d4 d7d5 e2e4 d5e4 b1c3 g8f6 f2f3 e4f3 g1f3 g7g6 f1c4 f8g7 e1g1 e8g8 g1h1
D00	Blackmar-Diemer Gambit Accepted: Bogoljubow Defense, Mad Dog Attack	گامبی بلکمار-دیمرِ پذیرفته	d2d4 d7d5 e2e4 d5e4 b1c3 g8f6 f2f3 e4f3 g1f3 g7g6 f1c4 f8g7 h2h4
D00	Blackmar-Diemer Gambit Accepted: Bogoljubow Defense, Nimzowitsch Attack	گامبی بلکمار-دیمرِ پذیرفته	d2d4 d7d5 e2e4 d5e4 b1c3 g8f6 f2f3 e4f3 g1f3 g7g6 f1c4 f8g7 f3e5
D00	Blackmar-Diemer Gambit Accepted: Bogoljubow Defense, Studier Attack	گامبی بلکمار-دیمرِ پذیرفته	d2d4 d7d5 e2e4 d5e4 b1c3 g8f6 f2f3 e4f3 g1f3 g7g6 f1c4 f8g7 e1g1 e8g8 d1e1
D00	Blackmar-Diemer Gambit Accepted: Euwe Defense	گامبی بلکمار-دیمرِ پذیرفته	d2d4 d7d5 e2e4 d5e4 b1c3 g8f6 f2f3 e4f3 g1f3 e7e6
D00	Blackmar-Diemer Gambit Accepted: Euwe Defense, Duthilleul Gambit	گامبی بلکمار-دیمرِ پذیرفته	d2d4 d7d5 e2e4 d5e4 b1c3 g8f6 f2f3 e4f3 g1f3 e7e6 f1d3
D00	Blackmar-Diemer Gambit Accepted: Euwe Defense, Zilbermints Gambit	گامبی بلکمار-دیمرِ پذیرفته	d2d4 d7d5 e2e4 d5e4 b1c3 g8f6 f2f3 e4f3 g1f3 e7e6 c1g5 f8e7 f1d3 b8c6 e1g1 c6d4 g1h1
D00	Blackmar-Diemer Gambit Accepted: Gunderam Defense	گامبی بلکمار-دیمرِ پذیرفته	d2d4 d7d5 e2e4 d5e4 b1c3 g8f6 f2f3 e4f3 g1f3 c8f5
D00	Blackmar-Diemer Gambit Accepted: Gunderam Defense, Stader Variation	گامبی بلکمار-دیمرِ پذیرفته	d2d4 d7d5 e2e4 d5e4 b1c3 g8f6 f2f3 e4f3 g1f3 c8f5 f3e5 e7e6 g2g4 f5e4
D00	Blackmar-Diemer Gambit Accepted: Holwell Defense	گامبی بلکمار-دیمرِ پذیرفته	d2d4 d7d5 e2e4 d5e4 b1c3 g8f6 f2f3 e4f3 g1f3 d8d6
D00	Blackmar-Diemer Gambit Accepted: Kaulich Defense	گامبی بلکمار-دیمرِ پذیرفته	d2d4 d7d5 e2e4 d5e4 b1c3 g8f6 f2f3 e4f3 g1f3 c7c5
D00	Blackmar-Diemer Gambit Accepted: Pietrowsky Defense	گامبی بلکمار-دیمرِ پذیرفته	d2d4 d7d5 e2e4 d5e4 b1c3 g8f6 f2f3 e4f3 g1f3 b8c6
D00	Blackmar-Diemer Gambit Accepted: Ritter Defense	گامبی بلکمار-دیمرِ پذیرفته	d2d4 d7d5 e2e4 d5e4 b1c3 g8f6 f2f3 e4f3 g1f3 b7b6
D00	Blackmar-Diemer Gambit Accepted: Ryder Gambit	گامبی بلکمار-دیمرِ پذیرفته	d2d4 d7d5 e2e4 d5e4 b1c3 g8f6 f2f3 e4f3 d1f3
D00	Blackmar-Diemer Gambit Accepted: Schlutter Defense	گامبی بلکمار-دیمرِ پذیرفته	d2d4 d7d5 e2e4 d5e4 b1c3 g8f6 f2f3 e4f3 g1f3 b8d7
D00	Blackmar-Diemer Gambit Accepted: Teichmann Defense	گامبی بلکمار-دیمرِ پذیرفته	d2d4 d7d5 e2e4 d5e4 b1c3 g8f6 f2f3 e4f3 g1f3 c8g4
D00	Blackmar-Diemer Gambit Accepted: Teichmann Defense, Ciesielski Variation	گامبی بلکمار-دیمرِ پذیرفته	d2d4 d7d5 e2e4 d5e4 b1c3 g8f6 f2f3 e4f3 g1f3 c8g4 h2h3 g4f3 d1f3 c7c6 f3f2
D00	Blackmar-Diemer Gambit Accepted: Teichmann Defense, Classical Variation	گامبی بلکمار-دیمرِ پذیرفته	d2d4 d7d5 e2e4 d5e4 b1c3 g8f6 f2f3 e4f3 g1f3 c8g4 h2h3 g4f3 d1f3 c7c6 c1e3
D00	Blackmar-Diemer Gambit Accepted: Teichmann Defense, Seidel-Hall Attack	گامبی بلکمار-دیمرِ پذیرفته	d2d4 d7d5 e2e4 d5e4 b1c3 g8f6 f2f3 e4f3 g1f3 c8g4 h2h3 g4f3 d1f3 c7c6 g2g4
D00	Blackmar-Diemer Gambit Accepted: Ziegler Defense	گامبی بلکمار-دیمرِ پذیرفته	d2d4 d7d5 e2e4 d5e4 b1c3 g8f6 f2f3 e4f3 g1f3 c7c6
D00	Blackmar-Diemer Gambit Declined: Brombacher Countergambit	گامبی بلکمار-دیمرِ ردشده	d2d4 d7d5 e2e4 d5e4 b1c3 g8f6 f2f3 c7c5
D00	Blackmar-Diemer Gambit Declined: Elbert Countergambit	گامبی بلکمار-دیمرِ ردشده	d2d4 d7d5 e2e4 d5e4 b1c3 g8f6 f2f3 e7e5
D00	Blackmar-Diemer Gambit Declined: Gedult Defense	گامبی بلکمار-دیمرِ ردشده	d2d4 d7d5 e2e4 d5e4 b1c3 g8f6 f2f3 a7a6
D00	Blackmar-Diemer Gambit Declined: Lamb Defense	گامبی بلکمار-دیمرِ ردشده	d2d4 d7d5 e2e4 d5e4 b1c3 g8f6 f2f3 b8c6
D00	Blackmar-Diemer Gambit Declined: Langeheinicke Defense	گامبی بلکمار-دیمرِ ردشده	d2d4 d7d5 e2e4 d5e4 b1c3 g8f6 f2f3 e4e3
D00	Blackmar-Diemer Gambit Declined: O'Kelly Defense	گامبی بلکمار-دیمرِ ردشده	d2d4 d7d5 e2e4 d5e4 b1c3 g8f6 f2f3 c7c6
D00	Blackmar-Diemer Gambit Declined: Vienna Defense	گامبی بلکمار-دیمرِ ردشده	d2d4 d7d5 e2e4 d5e4 b1c3 g8f6 f2f3 c8f5
D00	Blackmar-Diemer Gambit Declined: Weinsbach Defense	گامبی بلکمار-دیمرِ ردشده	d2d4 d7d5 e2e4 d5e4 b1c3 g8f6 f2f3 e7e6
D00	Blackmar-Diemer Gambit Declined: Weinsbach Defense, Pfrang Gambit	گامبی بلکمار-دیمرِ ردشده	d2d4 d7d5 e2e4 d5e4 b1c3 g8f6 f2f3 e7e6 f3e4
D00	Blackmar-Diemer Gambit: Blackmar Gambit	گامبی بلکمار-دیمر	d2d4 d7d5 e2e4 d5e4 f2f3
D00	Blackmar-Diemer Gambit: Diemer-Rosenberg Attack	گامبی بلکمار-دیمر	d2d4 d7d5 e2e4 d5e4 c1e3
D00	Blackmar-Diemer Gambit: Fritz Attack	گامبی بلکمار-دیمر	d2d4 d7d5 e2e4 d5e4 f1c4
D00	Blackmar-Diemer Gambit: Lemberger Countergambit	گامبی بلکمار-دیمر	d2d4 d7d5 e2e4 d5e4 b1c3 e7e5
D00	Blackmar-Diemer Gambit: Lemberger Countergambit, Endgame Variation	گامبی بلکمار-دیمر	d2d4 d7d5 e2e4 d5e4 b1c3 e7e5 d4e5
D00	Blackmar-Diemer Gambit: Lemberger Countergambit, Lange Gambit	گامبی بلکمار-دیمر	d2d4 d7d5 e2e4 d5e4 b1c3 e7e5 c3e4
D00	Blackmar-Diemer Gambit: Lemberger Countergambit, Rasmussen Attack	گامبی بلکمار-دیمر	d2d4 d7d5 e2e4 d5e4 b1c3 e7e5 g1e2
D00	Blackmar-Diemer Gambit: Lemberger Countergambit, Sneiders Attack	گامبی بلکمار-دیمر	d2d4 d7d5 e2e4 d5e4 b1c3 e7e5 d1h5
D00	Blackmar-Diemer Gambit: Lemberger Countergambit, Soller Attack	گامبی بلکمار-دیمر	d2d4 d7d5 e2e4 d5e4 b1c3 e7e5 c1e3
D00	Blackmar-Diemer Gambit: Netherlands Variation	گامبی بلکمار-دیمر	d2d4 d7d5 e2e4 d5e4 b1c3 f7f5
D00	Blackmar-Diemer Gambit: Rasa-Studier Gambit	گامبی بلکمار-دیمر	d2d4 d7d5 e2e4 d5e4 b1c3 g8f6 c1e3
D00	Blackmar-Diemer Gambit: Reversed Albin Countergambit	گامبی بلکمار-دیمر	d2d4 d7d5 e2e4 d5e4 b1c3 c7c5
D00	Blackmar-Diemer Gambit: Zeller Defense	گامبی بلکمار-دیمر	d2d4 d7d5 e2e4 d5e4 b1c3 c8f5
D00	Blackmar-Diemer Gambit: Zeller Defense, Soller Attack	گامبی بلکمار-دیمر	d2d4 d7d5 e2e4 d5e4 b1c3 c8f5 f2f3 g8f6 f1c4
D00	Blackmar-Diemer Gambit: von Popiel Gambit	گامبی بلکمار-دیمر	d2d4 d7d5 e2e4 d5e4 b1c3 g8f6 c1g5
D00	Blackmar-Diemer Gambit: von Popiel Gambit, Zilbermints Variation	گامبی بلکمار-دیمر	d2d4 d7d5 e2e4 d5e4 b1c3 g8f6 c1g5 c8f5 g5f6 e7f6 g2g4 f5g6 d1e2 f8b4 e2b5
D00	Queen's Pawn Game	بازی پیاده‌ی وزیر	d2d4 d7d5
D00	Queen's Pawn Game	بازی پیاده‌ی وزیر	d2d4 d7d5 e2e3
D00	Queen's Pawn Game	بازی پیاده‌ی وزیر	d2d4 d7d5 e2e3 g8f6
D00	Queen's Pawn Game: Accelerated London System	بازی پیاده‌ی وزیر	d2d4 d7d5 c1f4
D00	Queen's Pawn Game: Accelerated London System, Steinitz Countergambit	بازی پیاده‌ی وزیر	d2d4 d7d5 c1f4 c7c5
D00	Queen's Pawn Game: Accelerated London System, Steinitz Countergambit Accepted	بازی پیاده‌ی وزیر	d2d4 d7d5 c1f4 c7c5 d4c5
D00	Queen's Pawn Game: Accelerated London System, Steinitz Countergambit, Morris Countergambit	بازی پیاده‌ی وزیر	d2d4 d7d5 c1f4 c7c5 e2e4
D00	Queen's Pawn Game: Accelerated London System, Steinitz Countergambit, Morris Countergambit Accepted	بازی پیاده‌ی وزیر	d2d4 d7d5 c1f4 c7c5 e2e4 d5e4
D00	Queen's Pawn Game: Chigorin Variation	بازی پیاده‌ی وزیر	d2d4 d7d5 b1c3
D00	Queen's Pawn Game: Chigorin Variation	بازی پیاده‌ی وزیر	d2d4 d7d5 b1c3 e7e6
D00	Queen's Pawn Game: Chigorin Variation, Alburt Defense	بازی پیاده‌ی وزیر	d2d4 d7d5 b1c3 c8f5
D00	Queen's Pawn Game: Chigorin Variation, Anti-Veresov	بازی پیاده‌ی وزیر	d2d4 d7d5 b1c3 c8g4
D00	Queen's Pawn Game: Chigorin Variation, Fianchetto Defense	بازی پیاده‌ی وزیر	d2d4 g7g6 g1f3 f8g7 b1c3 d7d5
D00	Queen's Pawn Game: Chigorin Variation, Irish Gambit	بازی پیاده‌ی وزیر	d2d4 d7d5 b1c3 c7c5
D00	Queen's Pawn Game: Chigorin Variation, Shaviliuk Gambit	بازی پیاده‌ی وزیر	d2d4 d7d5 b1c3 e7e5
D00	Queen's Pawn Game: Chigorin Variation, Shropshire Defense	بازی پیاده‌ی وزیر	d2d4 d7d5 b1c3 h7h5
D00	Queen's Pawn Game: Hübsch Gambit	بازی پیاده‌ی وزیر	d2d4 g8f6 b1c3 d7d5 e2e4
D00	Queen's Pawn Game: Levitsky Attack	بازی پیاده‌ی وزیر	d2d4 d7d5 c1g5
D00	Queen's Pawn Game: Levitsky Attack, Welling Variation	بازی پیاده‌ی وزیر	d2d4 d7d5 c1g5 c8g4
D00	Queen's Pawn Game: Mason Attack	بازی پیاده‌ی وزیر	d2d4 d7d5 f2f4
D00	Queen's Pawn Game: Stonewall Attack	بازی پیاده‌ی وزیر	d2d4 d7d5 e2e3 g8f6 f1d3
D00	Queen's Pawn Game: Zurich Gambit	بازی پیاده‌ی وزیر	d2d4 d7d5 g2g4
D01	Rapport-Jobava System	سیستم راپورت-جوباوا	d2d4 d7d5 b1c3 g8f6 c1f4
D01	Rapport-Jobava System	سیستم راپورت-جوباوا	d2d4 d7d5 b1c3 g8f6 c1f4 e7e6
D01	Rapport-Jobava System	سیستم راپورت-جوباوا	d2d4 d7d5 b1c3 g8f6 c1f4 g7g6
D01	Rapport-Jobava System, with e6	سیستم راپورت-جوباوا، با e6	d2d4 d7d5 b1c3 e7e6 c1f4
D01	Richter-Veresov Attack	حمله‌ی ریشتر-ورسوف	d2d4 g8f6 b1c3 d7d5 c1g5
D01	Richter-Veresov Attack	حمله‌ی ریشتر-ورسوف	d2d4 g8f6 b1c3 d7d5 c1g5 c8f5
D01	Richter-Veresov Attack: Boyce Defense	حمله‌ی ریشتر-ورسوف	d2d4 g8f6 b1c3 d7d5 c1g5 f6e4
D01	Richter-Veresov Attack: Malich Gambit	حمله‌ی ریشتر-ورسوف	d2d4 g8f6 b1c3 d7d5 c1g5 c7c5 g5f6 g7f6 e2e4 d5e4 d4d5
D01	Richter-Veresov Attack: Richter Variation	حمله‌ی ریشتر-ورسوف	d2d4 g8f6 b1c3 d7d5 c1g5 c8f5 f2f3
D01	Richter-Veresov Attack: Two Knights System	حمله‌ی ریشتر-ورسوف	d2d4 g8f6 b1c3 d7d5 c1g5 b8d7 g1f3
D01	Richter-Veresov Attack: Two Knights System, Grünfeld Defense	حمله‌ی ریشتر-ورسوف	d2d4 g8f6 b1c3 d7d5 c1g5 b8d7 g1f3 g7g6
D01	Richter-Veresov Attack: Veresov Variation	حمله‌ی ریشتر-ورسوف	d2d4 g8f6 b1c3 d7d5 c1g5 c8f5 g5f6
D02	London System: Poisoned Pawn Variation	سیستم لندن	d2d4 g8f6 g1f3 d7d5 c1f4 c7c5 e2e3 d8b6 b1c3
D02	Queen's Gambit Declined: Baltic Defense, Pseudo-Slav	گامبی وزیرِ ردشده	d2d4 d7d5 g1f3 c8f5 c2c4 e7e6 b1c3 c7c6
D02	Queen's Pawn Game: Anti-Torre	بازی پیاده‌ی وزیر	g1f3 d7d5 d2d4 c8g4
D02	Queen's Pawn Game: Chandler Gambit	بازی پیاده‌ی وزیر	d2d4 d7d5 g1f3 c7c5 g2g3 c5d4 f1g2
D02	Queen's Pawn Game: Chigorin Variation	بازی پیاده‌ی وزیر	d2d4 d7d5 g1f3 b8c6
D02	Queen's Pawn Game: Krause Variation	بازی پیاده‌ی وزیر	d2d4 d7d5 g1f3 c7c5
D02	Queen's Pawn Game: Levitsky Attack, Euwe Variation, Modern Line	بازی پیاده‌ی وزیر	d2d4 d7d5 g1f3 c7c6 c1g5 h7h6 g5h4 d8b6
D02	Queen's Pawn Game: London System	بازی پیاده‌ی وزیر	d2d4 d7d5 g1f3 g8f6 c1f4
D02	Queen's Pawn Game: London System	بازی پیاده‌ی وزیر	d2d4 d7d5 g1f3 g8f6 c1f4 c7c5 e2e3
D02	Queen's Pawn Game: London System	بازی پیاده‌ی وزیر	d2d4 d7d5 g1f3 g8f6 c1f4 c7c5 e2e3 b8c6 b1d2
D02	Queen's Pawn Game: London System	بازی پیاده‌ی وزیر	d2d4 d7d5 g1f3 g8f6 c1f4 c7c5 e2e3 b8c6 b1d2 e7e6 c2c3
D02	Queen's Pawn Game: London System, Pterodactyl Variation	بازی پیاده‌ی وزیر	d2d4 g7g6 g1f3 f8g7 c1f4 c7c5 c2c3 c5d4 c3d4 d8a5
D02	Queen's Pawn Game: London System, with e6	بازی پیاده‌ی وزیر	d2d4 d7d5 g1f3 e7e6 c1f4
D02	Queen's Pawn Game: London System, with e6	بازی پیاده‌ی وزیر	d2d4 d7d5 g1f3 e7e6 c1f4 g8f6
D02	Queen's Pawn Game: Symmetrical Variation	بازی پیاده‌ی وزیر	d2d4 d7d5 g1f3 g8f6
D02	Queen's Pawn Game: Symmetrical Variation, Pseudo-Catalan	بازی پیاده‌ی وزیر	d2d4 d7d5 g1f3 g8f6 g2g3
D02	Queen's Pawn Game: Symmetrical Variation, Pseudo-Catalan	بازی پیاده‌ی وزیر	d2d4 d7d5 g1f3 g8f6 g2g3 c7c6 f1g2 c8g4
D02	Queen's Pawn Game: Symmetrical Variation, Pseudo-Catalan	بازی پیاده‌ی وزیر	g1f3 d7d5 g2g3 c7c6 f1g2 g8f6 e1g1 c8g4 d2d4 e7e6
D02	Queen's Pawn Game: Zilbermints Countergambit	بازی پیاده‌ی وزیر	d2d4 d7d5 g1f3 g8f6 c2c4 b7b5
D02	Queen's Pawn Game: Zukertort Variation	بازی پیاده‌ی وزیر	d2d4 d7d5 g1f3
D03	Queen's Pawn Game: Torre Attack	بازی پیاده‌ی وزیر	d2d4 d7d5 g1f3 g8f6 c1g5
D03	Queen's Pawn Game: Torre Attack	بازی پیاده‌ی وزیر	d2d4 d7d5 g1f3 g8f6 c1g5 e7e6 e2e3 c7c5 b1d2
D03	Queen's Pawn Game: Torre Attack	بازی پیاده‌ی وزیر	d2d4 d7d5 g1f3 g8f6 c1g5 e7e6 e2e3 c7c5 b1d2 b8c6 c2c3
D03	Queen's Pawn Game: Torre Attack	بازی پیاده‌ی وزیر	d2d4 d7d5 g1f3 g8f6 c1g5 e7e6 e2e3 c7c5 c2c3 b8d7
D03	Queen's Pawn Game: Torre Attack	بازی پیاده‌ی وزیر	d2d4 d7d5 g1f3 g8f6 c1g5 e7e6 e2e3 c7c5 c2c3 b8d7 b1d2
D03	Queen's Pawn Game: Torre Attack	بازی پیاده‌ی وزیر	d2d4 d7d5 g1f3 g8f6 c1g5 e7e6 e2e3 c7c5 c2c3 b8d7 b1d2 f8d6
D03	Queen's Pawn Game: Torre Attack	بازی پیاده‌ی وزیر	d2d4 d7d5 g1f3 g8f6 c1g5 e7e6 e2e3 c7c5 c2c3 b8d7 b1d2 f8e7
D03	Queen's Pawn Game: Torre Attack	بازی پیاده‌ی وزیر	d2d4 d7d5 g1f3 g8f6 c1g5 e7e6 e2e3 c7c5 c2c3 b8c6
D03	Queen's Pawn Game: Torre Attack	بازی پیاده‌ی وزیر	d2d4 d7d5 g1f3 g8f6 c1g5 e7e6 e2e3 c7c5 c2c3 b8c6 f1d3
D03	Queen's Pawn Game: Torre Attack	بازی پیاده‌ی وزیر	d2d4 d7d5 g1f3 g8f6 c1g5 e7e6 e2e3 b8d7 f1d3
D03	Queen's Pawn Game: Torre Attack	بازی پیاده‌ی وزیر	d2d4 d7d5 g1f3 g8f6 c1g5 e7e6 b1d2 f8e7 c2c3 b8d7 e2e3
D03	Queen's Pawn Game: Torre Attack, Gossip Variation	بازی پیاده‌ی وزیر	d2d4 d7d5 g1f3 g8f6 c1g5 f6e4
D03	Queen's Pawn Game: Torre Attack, Grünfeld Variation	بازی پیاده‌ی وزیر	d2d4 d7d5 g1f3 g8f6 c1g5 g7g6
D03	Queen's Pawn Game: Torre Attack, Grünfeld Variation	بازی پیاده‌ی وزیر	d2d4 d7d5 g1f3 g8f6 c1g5 g7g6 e2e3
D04	Queen's Pawn Game: Colle System	بازی پیاده‌ی وزیر	d2d4 d7d5 g1f3 g8f6 e2e3
D04	Queen's Pawn Game: Colle System, Anti-Colle	بازی پیاده‌ی وزیر	d2d4 d7d5 g1f3 g8f6 e2e3 c8f5
D04	Queen's Pawn Game: Colle System, Grünfeld Formation	بازی پیاده‌ی وزیر	d2d4 d7d5 g1f3 g8f6 e2e3 g7g6 f1d3 f8g7
D05	Queen's Pawn Game: Colle System	بازی پیاده‌ی وزیر	d2d4 d7d5 g1f3 g8f6 e2e3 e7e6
D05	Queen's Pawn Game: Colle System	بازی پیاده‌ی وزیر	d2d4 d7d5 g1f3 g8f6 e2e3 e7e6 f1d3
D05	Queen's Pawn Game: Colle System	بازی پیاده‌ی وزیر	d2d4 d7d5 g1f3 g8f6 e2e3 e7e6 b2b3
D05	Queen's Pawn Game: Colle System	بازی پیاده‌ی وزیر	d2d4 d7d5 g1f3 g8f6 e2e3 e7e6 b2b3 c7c5 c1b2 b8c6
D05	Queen's Pawn Game: Colle System	بازی پیاده‌ی وزیر	d2d4 d7d5 g1f3 g8f6 e2e3 e7e6 b2b3 c7c5 c1b2 b8c6 f1d3
D05	Queen's Pawn Game: Colle System	بازی پیاده‌ی وزیر	d2d4 d7d5 g1f3 g8f6 e2e3 e7e6 b2b3 c7c5 c1b2 b8c6 b1d2
D05	Queen's Pawn Game: Colle System	بازی پیاده‌ی وزیر	d2d4 g8f6 g1f3 e7e6 e2e3 b7b6 f1d3 c8b7 e1g1 c7c5 b2b3 f8e7 c1b2 e8g8 b1d2 d7d5
D05	Queen's Pawn Game: Colle System, Traditional Colle	بازی پیاده‌ی وزیر	d2d4 g8f6 g1f3 e7e6 e2e3 c7c5 f1d3 d7d5 c2c3
D05	Queen's Pawn Game: Zukertort Variation	بازی پیاده‌ی وزیر	d2d4 d7d5 g1f3 c7c5 e2e3 g8f6 b1d2 e7e6 b2b3
D05	Rubinstein Opening	گشایش روبینشتاین	d2d4 g8f6 g1f3 e7e6 e2e3 c7c5 f1d3 d7d5 b2b3
D05	Rubinstein Opening: Bogoljubow Defense	گشایش روبینشتاین	d2d4 g8f6 g1f3 e7e6 e2e3 c7c5 f1d3 d7d5 b2b3 b8c6 e1g1 f8d6 c1b2 e8g8
D05	Rubinstein Opening: Classical Defense	گشایش روبینشتاین	d2d4 g8f6 g1f3 e7e6 e2e3 c7c5 f1d3 d7d5 b2b3 b8c6 e1g1 f8e7 c1b2 e8g8
D05	Rubinstein Opening: Semi-Slav Defense	گشایش روبینشتاین	d2d4 d7d5 g1f3 g8f6 e2e3 e7e6 f1d3 f8d6 e1g1 e8g8 b2b3 b8d7 c1b2
D05	Rubinstein Opening: Semi-Slav Defense	گشایش روبینشتاین	d2d4 d7d5 g1f3 g8f6 e2e3 e7e6 f1d3 f8d6 e1g1 e8g8 b2b3 b8d7 c1b2 c7c6
D05	Rubinstein Opening: Semi-Slav Defense	گشایش روبینشتاین	d2d4 d7d5 g1f3 g8f6 e2e3 e7e6 f1d3 f8d6 e1g1 e8g8 b2b3 b8d7 c1b2 c7c6 b1d2
D06	Queen's Gambit	گامبی وزیر	d2d4 d7d5 c2c4
D06	Queen's Gambit Declined: Austrian Attack, Salvio Countergambit	گامبی وزیرِ ردشده	d2d4 d7d5 c2c4 c7c5 d4c5 d5d4
D06	Queen's Gambit Declined: Austrian Defense	گامبی وزیرِ ردشده	d2d4 d7d5 c2c4 c7c5
D06	Queen's Gambit Declined: Austrian Defense, Gusev Countergambit	گامبی وزیرِ ردشده	d2d4 d7d5 c2c4 c7c5 c4d5 g8f6
D06	Queen's Gambit Declined: Austrian Defense, Haberditz Variation	گامبی وزیرِ ردشده	d2d4 d7d5 c2c4 c7c5 c4d5 g8f6 e2e4 f6e4 d4c5 d8a5
D06	Queen's Gambit Declined: Baltic Defense	گامبی وزیرِ ردشده	d2d4 d7d5 c2c4 c8f5
D06	Queen's Gambit Declined: Baltic Defense, Argentinian Gambit	گامبی وزیرِ ردشده	d2d4 d7d5 c2c4 c8f5 c4d5 f5b1 d1a4 c7c6 d5c6 b8c6
D06	Queen's Gambit Declined: Baltic Defense, Pseudo-Chigorin	گامبی وزیرِ ردشده	d2d4 d7d5 c2c4 c8f5 b1c3 e7e6 g1f3 b8c6
D06	Queen's Gambit Declined: Baltic Defense, Queen Attack	گامبی وزیرِ ردشده	d2d4 d7d5 c2c4 c8f5 d1b3
D06	Queen's Gambit Declined: Baltic Defense, Queen Attack Deferred	گامبی وزیرِ ردشده	d2d4 d7d5 c2c4 c8f5 b1c3 e7e6 d1b3
D06	Queen's Gambit Declined: Marshall Defense	گامبی وزیرِ ردشده	d2d4 d7d5 c2c4 g8f6
D06	Queen's Gambit Declined: Marshall Defense, Tan Gambit	گامبی وزیرِ ردشده	d2d4 d7d5 c2c4 g8f6 c4d5 c7c6
D06	Queen's Gambit Declined: Zilbermints Gambit	گامبی وزیرِ ردشده	d2d4 d7d5 c2c4 b7b5
D07	Queen's Gambit Declined: Chigorin Defense	گامبی وزیرِ ردشده	d2d4 d7d5 c2c4 b8c6
D07	Queen's Gambit Declined: Chigorin Defense	گامبی وزیرِ ردشده	d2d4 d7d5 c2c4 b8c6 b1c3
D07	Queen's Gambit Declined: Chigorin Defense	گامبی وزیرِ ردشده	d2d4 d7d5 c2c4 b8c6 b1c3 d5c4
D07	Queen's Gambit Declined: Chigorin Defense, Exchange Variation	گامبی وزیرِ ردشده	d2d4 d7d5 c2c4 b8c6 c4d5 d8d5
D07	Queen's Gambit Declined: Chigorin Defense, Exchange Variation, Costa's Line	گامبی وزیرِ ردشده	d2d4 d7d5 c2c4 b8c6 c4d5 d8d5 e2e3 e7e5 b1c3 f8b4 c1d2 b4c3 d2c3 e5d4 g1e2
D07	Queen's Gambit Declined: Chigorin Defense, Janowski Variation	گامبی وزیرِ ردشده	d2d4 d7d5 c2c4 b8c6 b1c3 d5c4 g1f3
D07	Queen's Gambit Declined: Chigorin Defense, Lazard Gambit	گامبی وزیرِ ردشده	d2d4 d7d5 c2c4 b8c6 g1f3 e7e5
D07	Queen's Gambit Declined: Chigorin Defense, Main Line	گامبی وزیرِ ردشده	d2d4 d7d5 c2c4 b8c6 g1f3 c8g4
D07	Queen's Gambit Declined: Chigorin Defense, Main Line, Alekhine Variation	گامبی وزیرِ ردشده	d2d4 d7d5 c2c4 b8c6 g1f3 c8g4 d1a4
D07	Queen's Gambit Declined: Chigorin Defense, Modern Gambit	گامبی وزیرِ ردشده	d2d4 d7d5 c2c4 b8c6 b1c3 d5c4 g1f3 g8f6
D07	Queen's Gambit Declined: Chigorin Defense, Tartakower Gambit	گامبی وزیرِ ردشده	d2d4 d7d5 c2c4 b8c6 b1c3 e7e5
D08	Queen's Gambit Declined: Albin Countergambit	گامبی وزیرِ ردشده	d2d4 d7d5 c2c4 e7e5
D08	Queen's Gambit Declined: Albin Countergambit, Balogh Variation	گامبی وزیرِ ردشده	d2d4 d7d5 c2c4 e7e5 d4e5 d5d4 g1f3 b8c6 b1d2 d8e7
D08	Queen's Gambit Declined: Albin Countergambit, Janowski Variation	گامبی وزیرِ ردشده	d2d4 d7d5 c2c4 e7e5 d4e5 d5d4 g1f3 b8c6 b1d2 f7f6
D08	Queen's Gambit Declined: Albin Countergambit, Krenosz Variation	گامبی وزیرِ ردشده	d2d4 d7d5 c2c4 e7e5 d4e5 d5d4 g1f3 b8c6 b1d2 c8g4 h2h3 g4f3 d2f3 f8b4 c1d2 d8e7
D08	Queen's Gambit Declined: Albin Countergambit, Lasker Trap	گامبی وزیرِ ردشده	d2d4 d7d5 c2c4 e7e5 d4e5 d5d4 e2e3 f8b4 c1d2 d4e3
D08	Queen's Gambit Declined: Albin Countergambit, Modern Line	گامبی وزیرِ ردشده	d2d4 d7d5 c2c4 e7e5 d4e5 d5d4 g1f3 b8c6 b1d2
D08	Queen's Gambit Declined: Albin Countergambit, Normal Line	گامبی وزیرِ ردشده	d2d4 d7d5 c2c4 e7e5 d4e5 d5d4 g1f3
D08	Queen's Gambit Declined: Albin Countergambit, Spassky Variation	گامبی وزیرِ ردشده	d2d4 d7d5 c2c4 e7e5 d4e5 d5d4 e2e4
D08	Queen's Gambit Declined: Albin Countergambit, Tartakower Defense	گامبی وزیرِ ردشده	d2d4 d7d5 c2c4 e7e5 d4e5 d5d4 g1f3 c7c5
D09	Queen's Gambit Declined: Albin Countergambit, Fianchetto Variation	گامبی وزیرِ ردشده	d2d4 d7d5 c2c4 e7e5 d4e5 d5d4 g1f3 b8c6 g2g3
D09	Queen's Gambit Declined: Albin Countergambit, Fianchetto Variation, Be6 Line	گامبی وزیرِ ردشده	d2d4 d7d5 c2c4 e7e5 d4e5 d5d4 g1f3 b8c6 g2g3 c8e6
D09	Queen's Gambit Declined: Albin Countergambit, Fianchetto Variation, Bf5 Line	گامبی وزیرِ ردشده	d2d4 d7d5 c2c4 e7e5 d4e5 d5d4 g1f3 b8c6 g2g3 c8f5
D09	Queen's Gambit Declined: Albin Countergambit, Fianchetto Variation, Bg4 Line	گامبی وزیرِ ردشده	d2d4 d7d5 c2c4 e7e5 d4e5 d5d4 g1f3 b8c6 g2g3 c8g4
D10	Slav Defense	دفاع اسلاو	d2d4 d7d5 c2c4 c7c6
D10	Slav Defense	دفاع اسلاو	d2d4 d7d5 c2c4 c7c6 b1c3
D10	Slav Defense	دفاع اسلاو	d2d4 d7d5 c2c4 c7c6 b1c3 d5c4
D10	Slav Defense: Diemer Gambit	دفاع اسلاو	d2d4 d7d5 c2c4 c7c6 e2e4
D10	Slav Defense: Exchange Variation	دفاع اسلاو	d2d4 d7d5 c2c4 c7c6 c4d5
D10	Slav Defense: Exchange Variation, Boor Attack	دفاع اسلاو	d2d4 d7d5 c2c4 c7c6 c4d5 c6d5 b1c3 g8f6 f2f3
D10	Slav Defense: Slav Gambit, Alekhine Attack	دفاع اسلاو	d2d4 d7d5 c2c4 c7c6 b1c3 d5c4 e2e4
D10	Slav Defense: Winawer Countergambit	دفاع اسلاو	d2d4 d7d5 c2c4 c7c6 b1c3 e7e5
D10	Slav Defense: Winawer Countergambit, Anti-Winawer Gambit	دفاع اسلاو	d2d4 d7d5 c2c4 c7c6 b1c3 e7e5 e2e4
D11	Slav Defense: Bonet Gambit	دفاع اسلاو	d2d4 d7d5 c2c4 c7c6 g1f3 g8f6 c1g5
D11	Slav Defense: Breyer Variation	دفاع اسلاو	d2d4 d7d5 c2c4 c7c6 g1f3 g8f6 b1d2
D11	Slav Defense: Modern Line	دفاع اسلاو	d2d4 d7d5 c2c4 c7c6 g1f3
D11	Slav Defense: Modern Line	دفاع اسلاو	d2d4 d7d5 c2c4 c7c6 g1f3 g8f6 g2g3 d5c4 f1g2 g7g6
D11	Slav Defense: Modern Line	دفاع اسلاو	d2d4 d7d5 c2c4 c7c6 g1f3 g8f6 g2g3 c8g4 f1g2 e7e6 e1g1
D11	Slav Defense: Modern Line	دفاع اسلاو	d2d4 d7d5 g1f3 g8f6 g2g3 c7c6 f1g2 c8g4 e1g1 b8d7 c2c4
D11	Slav Defense: Quiet Variation	دفاع اسلاو	d2d4 d7d5 c2c4 c7c6 g1f3 g8f6 e2e3
D11	Slav Defense: Quiet Variation, Pin Defense	دفاع اسلاو	d2d4 d7d5 c2c4 c7c6 g1f3 g8f6 e2e3 c8g4
D12	Slav Defense: Quiet Variation, Amsterdam Variation	دفاع اسلاو	d2d4 d7d5 c2c4 c7c6 g1f3 g8f6 e2e3 c8f5 c4d5 c6d5 b1c3 e7e6 f3e5 f6d7
D12	Slav Defense: Quiet Variation, Landau Variation	دفاع اسلاو	d2d4 d7d5 c2c4 c7c6 g1f3 g8f6 e2e3 c8f5 c4d5 c6d5 d1b3 d8c8 c1d2 e7e6 b1a3
D12	Slav Defense: Quiet Variation, Schallopp Defense	دفاع اسلاو	d2d4 d7d5 c2c4 c7c6 g1f3 g8f6 e2e3 c8f5
D12	Slav Defense: Quiet Variation, Schallopp Defense	دفاع اسلاو	d2d4 d7d5 c2c4 c7c6 g1f3 g8f6 e2e3 c8f5 b1c3 e7e6
D13	Slav Defense: Exchange Variation	دفاع اسلاو	d2d4 d7d5 c2c4 c7c6 g1f3 g8f6 c4d5 c6d5
D13	Slav Defense: Exchange Variation, Schallopp Variation	دفاع اسلاو	d2d4 d7d5 c2c4 c7c6 g1f3 g8f6 e2e3 c8f5 c4d5 c6d5 b1c3
D14	Slav Defense: Exchange Variation, Symmetrical Line	دفاع اسلاو	d2d4 d7d5 c2c4 c7c6 c4d5 c6d5 b1c3 g8f6 g1f3 b8c6 c1f4 c8f5
D14	Slav Defense: Exchange Variation, Trifunovic Variation	دفاع اسلاو	d2d4 d7d5 c2c4 c7c6 g1f3 g8f6 c4d5 c6d5 b1c3 b8c6 c1f4 c8f5 e2e3 e7e6 d1b3 f8b4
D15	Slav Defense: Alekhine Variation	دفاع اسلاو	d2d4 d7d5 c2c4 c7c6 g1f3 g8f6 b1c3 d5c4 e2e3
D15	Slav Defense: Chebanenko Variation	دفاع اسلاو	d2d4 d7d5 c2c4 c7c6 g1f3 g8f6 b1c3 a7a6
D15	Slav Defense: Chebanenko Variation	دفاع اسلاو	d2d4 d7d5 c2c4 c7c6 g1f3 g8f6 b1c3 a7a6 e2e3 c8f5
D15	Slav Defense: Chebanenko Variation, Advance System	دفاع اسلاو	d2d4 d7d5 c2c4 c7c6 g1f3 g8f6 b1c3 a7a6 c4c5
D15	Slav Defense: Geller Gambit	دفاع اسلاو	d2d4 d7d5 c2c4 c7c6 g1f3 g8f6 b1c3 d5c4 e2e4
D15	Slav Defense: Geller Gambit	دفاع اسلاو	d2d4 d7d5 c2c4 c7c6 g1f3 g8f6 b1c3 d5c4 e2e4 b7b5 e4e5
D15	Slav Defense: Schlechter Variation	دفاع اسلاو	d2d4 d7d5 c2c4 c7c6 g1f3 g8f6 b1c3 g7g6
D15	Slav Defense: Süchting Variation	دفاع اسلاو	d2d4 d7d5 c2c4 c7c6 g1f3 g8f6 b1c3 d8b6
D15	Slav Defense: Three Knights Variation	دفاع اسلاو	d2d4 d7d5 c2c4 c7c6 g1f3 g8f6 b1c3
D15	Slav Defense: Two Knights Attack	دفاع اسلاو	d2d4 d7d5 c2c4 c7c6 g1f3 g8f6 b1c3 d5c4
D16	Slav Defense: Alapin Variation	دفاع اسلاو	d2d4 d7d5 c2c4 c7c6 g1f3 g8f6 b1c3 d5c4 a2a4
D16	Slav Defense: Smyslov Variation	دفاع اسلاو	d2d4 d7d5 c2c4 c7c6 g1f3 g8f6 b1c3 d5c4 a2a4 b8a6
D16	Slav Defense: Soultanbeieff Variation	دفاع اسلاو	d2d4 d7d5 c2c4 c7c6 g1f3 g8f6 b1c3 d5c4 a2a4 e7e6
D16	Slav Defense: Steiner Variation	دفاع اسلاو	d2d4 d7d5 c2c4 c7c6 g1f3 g8f6 b1c3 d5c4 a2a4 c8g4
D17	Slav Defense: Czech Variation	دفاع اسلاو	d2d4 d7d5 c2c4 c7c6 g1f3 g8f6 b1c3 d5c4 a2a4 c8f5
D17	Slav Defense: Czech Variation, Bled Attack	دفاع اسلاو	d2d4 d7d5 c2c4 c7c6 g1f3 g8f6 b1c3 d5c4 a2a4 c8f5 f3h4
D17	Slav Defense: Czech Variation, Carlsbad Variation	دفاع اسلاو	d2d4 d7d5 c2c4 c7c6 g1f3 g8f6 b1c3 d5c4 a2a4 c8f5 f3e5 b8d7 e5c4 d8c7 g2g3 e7e5
D17	Slav Defense: Czech Variation, Carlsbad Variation, Morozevich Variation	دفاع اسلاو	d2d4 d7d5 c2c4 c7c6 g1f3 g8f6 b1c3 d5c4 a2a4 c8f5 f3e5 b8d7 e5c4 d8c7 g2g3 e7e5 d4e5 d7e5 c1f4 f6d7 f1g2 g7g5
D17	Slav Defense: Czech Variation, Krause Attack	دفاع اسلاو	d2d4 d7d5 c2c4 c7c6 g1f3 g8f6 b1c3 d5c4 a2a4 c8f5 f3e5
D17	Slav Defense: Czech Variation, Krause Attack, Fazekas Gambit	دفاع اسلاو	d2d4 d7d5 c2c4 c7c6 g1f3 g8f6 b1c3 d5c4 a2a4 c8f5 f3e5 b8a6 e2e4
D17	Slav Defense: Czech Variation, Wiesbaden Variation	دفاع اسلاو	d2d4 d7d5 c2c4 c7c6 g1f3 g8f6 b1c3 d5c4 a2a4 c8f5 f3e5 e7e6
D17	Slav Defense: Czech Variation, Wiesbaden Variation, Sharp Line	دفاع اسلاو	d2d4 d7d5 c2c4 c7c6 g1f3 g8f6 b1c3 d5c4 a2a4 c8f5 f3e5 e7e6 f2f3 f8b4 e2e4
D18	Slav Defense: Czech Variation, Classical System	دفاع اسلاو	d2d4 d7d5 c2c4 c7c6 g1f3 g8f6 b1c3 d5c4 a2a4 c8f5 e2e3
D18	Slav Defense: Czech Variation, Lasker Variation	دفاع اسلاو	d2d4 d7d5 c2c4 c7c6 g1f3 g8f6 b1c3 d5c4 a2a4 c8f5 e2e3 b8a6
D19	Slav Defense: Czech Variation, Classical System, Main Line	دفاع اسلاو	d2d4 d7d5 c2c4 c7c6 g1f3 g8f6 b1c3 d5c4 a2a4 c8f5 e2e3 e7e6 f1c4 f8b4 e1g1 e8g8 d1e2
D19	Slav Defense: Czech Variation, Dutch Variation	دفاع اسلاو	d2d4 d7d5 c2c4 c7c6 g1f3 g8f6 b1c3 d5c4 a2a4 c8f5 e2e3 e7e6 f1c4 f8b4 e1g1
D19	Slav Defense: Czech Variation, Dutch Variation, Sämisch Variation	دفاع اسلاو	d2d4 d7d5 c2c4 c7c6 g1f3 g8f6 b1c3 d5c4 a2a4 c8f5 e2e3 e7e6 f1c4 f8b4 e1g1 e8g8 d1e2 f6e4 g2g4
D20	Queen's Gambit Accepted	گامبی وزیرِ پذیرفته	d2d4 d7d5 c2c4 d5c4
D20	Queen's Gambit Accepted: Accelerated Mannheim Variation	گامبی وزیرِ پذیرفته	d2d4 d7d5 c2c4 d5c4 d1a4
D20	Queen's Gambit Accepted: Central Variation, Alekhine System	گامبی وزیرِ پذیرفته	d2d4 d7d5 c2c4 d5c4 e2e4 g8f6
D20	Queen's Gambit Accepted: Central Variation, Greco Variation	گامبی وزیرِ پذیرفته	d2d4 d7d5 c2c4 d5c4 e2e4 b7b5
D20	Queen's Gambit Accepted: Central Variation, McDonnell Defense	گامبی وزیرِ پذیرفته	d2d4 d7d5 c2c4 d5c4 e2e4 e7e5
D20	Queen's Gambit Accepted: Central Variation, McDonnell Defense, Somov Gambit	گامبی وزیرِ پذیرفته	d2d4 d7d5 c2c4 d5c4 e2e4 e7e5 f1c4
D20	Queen's Gambit Accepted: Central Variation, Modern Defense	گامبی وزیرِ پذیرفته	d2d4 d7d5 c2c4 d5c4 e2e4 b8c6
D20	Queen's Gambit Accepted: Central Variation, Rubinstein Defense	گامبی وزیرِ پذیرفته	d2d4 d7d5 c2c4 d5c4 e2e4 c7c5
D20	Queen's Gambit Accepted: Central Variation, Rubinstein Defense, Yefimov Gambit	گامبی وزیرِ پذیرفته	d2d4 d7d5 c2c4 d5c4 e2e4 c7c5 d4d5 b7b5
D20	Queen's Gambit Accepted: Linares Variation	گامبی وزیرِ پذیرفته	d2d4 d7d5 c2c4 d5c4 e2e4 c7c5 d4d5 g8f6 b1c3 b7b5
D20	Queen's Gambit Accepted: Old Variation	گامبی وزیرِ پذیرفته	d2d4 d7d5 c2c4 d5c4 e2e3
D20	Queen's Gambit Accepted: Old Variation, Billinger Gambit	گامبی وزیرِ پذیرفته	d2d4 d7d5 c2c4 d5c4 e2e3 e7e5 f1c4 e5d4 d1b3 d8e7 a2a3
D20	Queen's Gambit Accepted: Old Variation, Christensen Gambit	گامبی وزیرِ پذیرفته	d2d4 d7d5 c2c4 d5c4 e2e3 e7e5 f1c4 e5d4 d1b3 d8e7 g1f3
D20	Queen's Gambit Accepted: Old Variation, Korchnoi Gambit	گامبی وزیرِ پذیرفته	d2d4 d7d5 c2c4 d5c4 e2e3 e7e5 f1c4 e5d4 d1b3 d8e7 e1f1
D20	Queen's Gambit Accepted: Old Variation, Novikov Gambit	گامبی وزیرِ پذیرفته	d2d4 d7d5 c2c4 d5c4 e2e3 e7e5 f1c4 e5d4 d1b3 d8e7 b1d2
D20	Queen's Gambit Accepted: Saduleto Variation	گامبی وزیرِ پذیرفته	d2d4 d7d5 c2c4 d5c4 e2e4
D20	Queen's Gambit Accepted: Schwartz Defense	گامبی وزیرِ پذیرفته	d2d4 d7d5 c2c4 d5c4 e2e4 f7f5
D21	Queen's Gambit Accepted: Alekhine Defense, Borisenko-Furman Variation	گامبی وزیرِ پذیرفته	d2d4 d7d5 c2c4 d5c4 g1f3 a7a6 e2e4
D21	Queen's Gambit Accepted: Godes Variation	گامبی وزیرِ پذیرفته	d2d4 d7d5 c2c4 d5c4 g1f3 b8d7
D21	Queen's Gambit Accepted: Gunsberg Defense	گامبی وزیرِ پذیرفته	d2d4 d7d5 c2c4 d5c4 g1f3 c7c5
D21	Queen's Gambit Accepted: Normal Variation	گامبی وزیرِ پذیرفته	d2d4 d7d5 c2c4 d5c4 g1f3
D21	Queen's Gambit Accepted: Rosenthal Variation	گامبی وزیرِ پذیرفته	d2d4 d7d5 c2c4 d5c4 g1f3 e7e6
D21	Queen's Gambit Accepted: Slav Gambit	گامبی وزیرِ پذیرفته	d2d4 d7d5 c2c4 d5c4 g1f3 b7b5
D22	Queen's Gambit Accepted: Alekhine Defense	گامبی وزیرِ پذیرفته	d2d4 d7d5 c2c4 d5c4 g1f3 a7a6
D22	Queen's Gambit Accepted: Alekhine Defense, Alatortsev Variation	گامبی وزیرِ پذیرفته	d2d4 d7d5 c2c4 d5c4 g1f3 a7a6 e2e3 c8g4 f1c4 e7e6 d4d5
D22	Queen's Gambit Accepted: Alekhine Defense, Haberditz Variation	گامبی وزیرِ پذیرفته	d2d4 d7d5 c2c4 d5c4 g1f3 a7a6 e2e3 b7b5
D23	Queen's Gambit Accepted	گامبی وزیرِ پذیرفته	d2d4 d7d5 c2c4 d5c4 g1f3 g8f6
D23	Queen's Gambit Accepted: Mannheim Variation	گامبی وزیرِ پذیرفته	d2d4 d7d5 c2c4 d5c4 g1f3 g8f6 d1a4
D24	Queen's Gambit Accepted	گامبی وزیرِ پذیرفته	d2d4 d7d5 c2c4 e7e6 g1f3 g8f6 b1c3 d5c4 e2e4
D24	Queen's Gambit Accepted	گامبی وزیرِ پذیرفته	d2d4 d7d5 c2c4 e7e6 g1f3 g8f6 b1c3 d5c4 c1g5
D24	Queen's Gambit Accepted: Bogoljubow Defense	گامبی وزیرِ پذیرفته	d2d4 d7d5 c2c4 d5c4 g1f3 g8f6 b1c3 a7a6 e2e4
D24	Queen's Gambit Accepted: Gunsberg Defense, Prianishenmo Gambit	گامبی وزیرِ پذیرفته	d2d4 d7d5 c2c4 d5c4 g1f3 g8f6 b1c3 c7c5 d4d5 e7e6 e2e4 e6d5 e4e5
D24	Queen's Gambit Accepted: Showalter Variation	گامبی وزیرِ پذیرفته	d2d4 d7d5 c2c4 d5c4 g1f3 g8f6 b1c3
D25	Queen's Gambit Accepted: Janowski-Larsen Variation	گامبی وزیرِ پذیرفته	d2d4 d7d5 c2c4 d5c4 g1f3 g8f6 e2e3 c8g4
D25	Queen's Gambit Accepted: Normal Variation	گامبی وزیرِ پذیرفته	d2d4 d7d5 c2c4 d5c4 g1f3 g8f6 e2e3
D25	Queen's Gambit Accepted: Smyslov Variation	گامبی وزیرِ پذیرفته	d2d4 d7d5 c2c4 d5c4 g1f3 g8f6 e2e3 g7g6
D25	Queen's Gambit Accepted: Winawer Defense	گامبی وزیرِ پذیرفته	d2d4 d7d5 c2c4 d5c4 g1f3 g8f6 e2e3 c8e6
D26	Queen's Gambit Accepted: Classical Defense	گامبی وزیرِ پذیرفته	d2d4 d7d5 c2c4 d5c4 g1f3 g8f6 e2e3 e7e6 f1c4 c7c5
D26	Queen's Gambit Accepted: Classical Defense, Normal Line	گامبی وزیرِ پذیرفته	d2d4 d7d5 c2c4 d5c4 g1f3 g8f6 e2e3 e7e6 f1c4 c7c5 e1g1
D26	Queen's Gambit Accepted: Classical Defense, Steinitz Variation, Development Variation	گامبی وزیرِ پذیرفته	d2d4 d7d5 c2c4 d5c4 g1f3 g8f6 e2e3 e7e6 f1c4 c7c5 e1g1 b8c6
D26	Queen's Gambit Accepted: Classical Defense, Steinitz Variation, Exchange Variation	گامبی وزیرِ پذیرفته	d2d4 d7d5 c2c4 d5c4 g1f3 g8f6 e2e3 e7e6 f1c4 c7c5 e1g1 c5d4
D26	Queen's Gambit Accepted: Classical, Furman Variation	گامبی وزیرِ پذیرفته	d2d4 d7d5 c2c4 d5c4 g1f3 g8f6 e2e3 e7e6 f1c4 c7c5 d1e2 a7a6 d4c5 f8c5 e1g1 b8c6 e3e4 b7b5 e4e5
D26	Queen's Gambit Accepted: Normal Variation, Traditional System	گامبی وزیرِ پذیرفته	d2d4 d7d5 c2c4 d5c4 g1f3 g8f6 e2e3 e7e6
D26	Queen's Gambit Accepted: Normal Variation, Traditional System	گامبی وزیرِ پذیرفته	d2d4 d7d5 c2c4 d5c4 g1f3 g8f6 e2e3 e7e6 f1c4 f8e7 e1g1 a7a6
D26	Queen's Gambit Accepted: Normal Variation, Traditional System	گامبی وزیرِ پذیرفته	d2d4 d7d5 c2c4 d5c4 g1f3 g8f6 e2e3 e7e6 f1c4 f8e7 e1g1 e8g8
D26	Queen's Gambit Accepted: Normal Variation, Traditional System	گامبی وزیرِ پذیرفته	d2d4 d7d5 c2c4 d5c4 g1f3 g8f6 e2e3 e7e6 f1c4 f8e7 e1g1 e8g8 b1c3
D27	Queen's Gambit Accepted: Classical Defense, Main Line	گامبی وزیرِ پذیرفته	d2d4 d7d5 c2c4 d5c4 g1f3 g8f6 e2e3 e7e6 f1c4 c7c5 e1g1 a7a6
D27	Queen's Gambit Accepted: Classical Defense, Main Line	گامبی وزیرِ پذیرفته	d2d4 d7d5 c2c4 d5c4 g1f3 g8f6 e2e3 e7e6 f1c4 c7c5 e1g1 a7a6 b1c3
D27	Queen's Gambit Accepted: Classical Defense, Rubinstein Variation	گامبی وزیرِ پذیرفته	d2d4 d7d5 c2c4 d5c4 g1f3 g8f6 e2e3 e7e6 f1c4 c7c5 e1g1 a7a6 a2a4
D27	Queen's Gambit Accepted: Classical Defense, Rubinstein Variation	گامبی وزیرِ پذیرفته	d2d4 d7d5 c2c4 d5c4 g1f3 e7e6 e2e3 g8f6 f1c4 f8e7 e1g1 e8g8 b1c3 a7a6 a2a4 c7c5
D27	Queen's Gambit Accepted: Classical Defense, Russian Gambit	گامبی وزیرِ پذیرفته	d2d4 d7d5 c2c4 d5c4 e2e3 g8f6 f1c4 e7e6 g1f3 c7c5 e1g1 a7a6 e3e4
D27	Queen's Gambit Accepted: Furman Variation	گامبی وزیرِ پذیرفته	d2d4 d7d5 c2c4 d5c4 g1f3 g8f6 e2e3 e7e6 f1c4 c7c5 e1g1 a7a6 d4c5 f8c5
D28	Queen's Gambit Accepted: Classical Defense, Alekhine System	گامبی وزیرِ پذیرفته	d2d4 d7d5 c2c4 d5c4 g1f3 g8f6 e2e3 e7e6 f1c4 c7c5 e1g1 a7a6 d1e2
D28	Queen's Gambit Accepted: Classical Defense, Alekhine System	گامبی وزیرِ پذیرفته	d2d4 d7d5 c2c4 d5c4 g1f3 g8f6 e2e3 e7e6 f1c4 c7c5 e1g1 a7a6 d1e2 b7b5
D28	Queen's Gambit Accepted: Classical, Flohr Variation	گامبی وزیرِ پذیرفته	d2d4 d7d5 c2c4 d5c4 g1f3 g8f6 e2e3 e7e6 f1c4 c7c5 e1g1 a7a6 d1e2 b7b5 c4b3 b8c6 f1d1 c5c4 b3c2 c6b4 b1c3 b4c2 e2c2 c8b7 d4d5 d8c7
D29	Queen's Gambit Accepted: Classical Defense, Alekhine System, Main Line	گامبی وزیرِ پذیرفته	d2d4 d7d5 c2c4 d5c4 g1f3 g8f6 e2e3 e7e6 f1c4 c7c5 e1g1 a7a6 d1e2 b7b5 c4b3 c8b7
D29	Queen's Gambit Accepted: Classical Defense, Alekhine System, Main Line	گامبی وزیرِ پذیرفته	d2d4 d7d5 c2c4 d5c4 g1f3 g8f6 e2e3 e7e6 f1c4 c7c5 e1g1 a7a6 d1e2 b7b5 c4b3 c8b7 b1c3
D29	Queen's Gambit Accepted: Classical Defense, Alekhine System, Smyslov Variation	گامبی وزیرِ پذیرفته	d2d4 d7d5 c2c4 d5c4 g1f3 g8f6 e2e3 e7e6 f1c4 c7c5 e1g1 a7a6 d1e2 b7b5 c4b3 c8b7 f1d1 b8d7 b1c3 f8d6
D30	Queen's Gambit Declined	گامبی وزیرِ ردشده	d2d4 d7d5 c2c4 e7e6
D30	Queen's Gambit Declined: Capablanca Variation	گامبی وزیرِ ردشده	d2d4 g8f6 c2c4 e7e6 g1f3 d7d5 c1g5 h7h6
D30	Queen's Gambit Declined: Capablanca Variation	گامبی وزیرِ ردشده	d2d4 g8f6 g1f3 e7e6 c2c4 d7d5 c1g5 c7c6 b1d2 b8d7 e2e3
D30	Queen's Gambit Declined: Semmering Variation	گامبی وزیرِ ردشده	d2d4 d7d5 c2c4 c7c6 g1f3 g8f6 e2e3 e7e6 b1d2 b8d7 f1d3 c6c5
D30	Queen's Gambit Declined: Spielmann Variation	گامبی وزیرِ ردشده	d2d4 d7d5 c2c4 e7e6 g1f3 g8f6 e2e3 c7c6 b1d2 g7g6
D30	Queen's Gambit Declined: Stonewall Variation	گامبی وزیرِ ردشده	d2d4 d7d5 c2c4 c7c6 g1f3 g8f6 e2e3 e7e6 b1d2 f6e4 f1d3 f7f5
D30	Queen's Gambit Declined: Tarrasch Defense, Pseudo-Tarrasch	گامبی وزیرِ ردشده	d2d4 d7d5 c2c4 e7e6 g1f3 c7c5
D30	Queen's Gambit Declined: Tarrasch Defense, Pseudo-Tarrasch Bishop Attack	گامبی وزیرِ ردشده	d2d4 d7d5 c2c4 e7e6 g1f3 c7c5 c4d5 e6d5 c1g5
D30	Queen's Gambit Declined: Traditional Variation	گامبی وزیرِ ردشده	d2d4 g8f6 c2c4 e7e6 g1f3 d7d5 c1g5
D30	Queen's Gambit Declined: Vienna Variation	گامبی وزیرِ ردشده	d2d4 g8f6 c2c4 e7e6 g1f3 d7d5 c1g5 f8b4
D30	Semi-Slav Defense: Quiet Variation	دفاع نیمه‌اسلاو	d2d4 d7d5 c2c4 c7c6 g1f3 g8f6 e2e3 e7e6 b1d2
D30	Semi-Slav Defense: Quiet Variation	دفاع نیمه‌اسلاو	d2d4 d7d5 c2c4 c7c6 g1f3 g8f6 e2e3 e7e6 b1d2 b8d7
D31	Queen's Gambit Declined: Alapin Variation	گامبی وزیرِ ردشده	d2d4 e7e6 c2c4 b7b6 b1c3 d7d5
D31	Queen's Gambit Declined: Charousek Variation	گامبی وزیرِ ردشده	d2d4 d7d5 c2c4 e7e6 b1c3 f8e7
D31	Queen's Gambit Declined: Charousek Variation, Miladinovic Gambit	گامبی وزیرِ ردشده	d2d4 d7d5 c2c4 e7e6 b1c3 f8e7 e2e4 d5e4 f2f3
D31	Queen's Gambit Declined: Janowski Variation	گامبی وزیرِ ردشده	d2d4 d7d5 c2c4 e7e6 b1c3 a7a6
D31	Queen's Gambit Declined: Queen's Knight Variation	گامبی وزیرِ ردشده	d2d4 d7d5 c2c4 e7e6 b1c3
D31	Queen's Gambit Declined: Semi-Slav, Abrahams Variation	گامبی وزیرِ ردشده	d2d4 d7d5 c2c4 e7e6 b1c3 c7c6 g1f3 d5c4 a2a4 f8b4 e2e3 b7b5 c1d2 a7a5
D31	Queen's Gambit Declined: Semi-Slav, Junge Variation	گامبی وزیرِ ردشده	d2d4 d7d5 c2c4 e7e6 g1f3 c7c6 b1c3 d5c4 a2a4 f8b4 e2e3 b7b5 c1d2 d8b6
D31	Queen's Gambit Declined: Semi-Slav, Koomen Variation	گامبی وزیرِ ردشده	d2d4 d7d5 c2c4 e7e6 b1c3 c7c6 g1f3 d5c4 e2e3 b7b5 a2a4 f8b4 c1d2 d8e7
D31	Semi-Slav Defense: Accelerated Move Order	دفاع نیمه‌اسلاو	d2d4 d7d5 c2c4 e7e6 b1c3 c7c6
D31	Semi-Slav Defense: Anti-Noteboom, Stonewall Variation	دفاع نیمه‌اسلاو	d2d4 d7d5 c2c4 e7e6 b1c3 c7c6 e2e3 f7f5
D31	Semi-Slav Defense: Anti-Noteboom, Stonewall Variation, Portisch Gambit	دفاع نیمه‌اسلاو	d2d4 d7d5 c2c4 e7e6 b1c3 c7c6 e2e3 f7f5 g2g4
D31	Semi-Slav Defense: Gunderam Gambit	دفاع نیمه‌اسلاو	d2d4 d7d5 c2c4 e7e6 b1c3 c7c6 e2e4 d5e4 f2f3
D31	Semi-Slav Defense: Marshall Gambit	دفاع نیمه‌اسلاو	d2d4 d7d5 c2c4 e7e6 b1c3 c7c6 e2e4
D31	Semi-Slav Defense: Marshall Gambit, Forgotten Variation	دفاع نیمه‌اسلاو	d2d4 d7d5 c2c4 e7e6 b1c3 c7c6 e2e4 d5e4 c3e4 f8b4 e4c3
D31	Semi-Slav Defense: Marshall Gambit, Main Line	دفاع نیمه‌اسلاو	d2d4 d7d5 c2c4 e7e6 b1c3 c7c6 e2e4 d5e4 c3e4 f8b4 c1d2
D31	Semi-Slav Defense: Marshall Gambit, Tolush Variation	دفاع نیمه‌اسلاو	d2d4 d7d5 c2c4 e7e6 b1c3 c7c6 e2e4 d5e4 c3e4 f8b4 c1d2 d8d4 d2b4 d4e4 f1e2 c6c5 b4c5 e4g2
D31	Semi-Slav Defense: Noteboom Variation	دفاع نیمه‌اسلاو	d2d4 d7d5 c2c4 e7e6 b1c3 c7c6 g1f3 d5c4
D31	Semi-Slav Defense: Noteboom Variation, Abrahams Variation	دفاع نیمه‌اسلاو	d2d4 d7d5 c2c4 e7e6 b1c3 c7c6 g1f3 d5c4 a2a4 f8b4 e2e3 b4c3 b2c3 b7b5 a4b5 c6b5
D31	Semi-Slav Defense: Noteboom Variation, Anti-Noteboom Gambit	دفاع نیمه‌اسلاو	d2d4 d7d5 c2c4 e7e6 b1c3 c7c6 g1f3 d5c4 g2g3
D31	Semi-Slav Defense: Noteboom Variation, Anti-Noteboom Variation	دفاع نیمه‌اسلاو	d2d4 d7d5 c2c4 e7e6 b1c3 c7c6 g1f3 d5c4 c1g5
D31	Semi-Slav Defense: Noteboom Variation, Anti-Noteboom Variation, Belyavsky Line	دفاع نیمه‌اسلاو	d2d4 d7d5 c2c4 e7e6 b1c3 c7c6 g1f3 d5c4 c1g5 f7f6
D32	Queen's Gambit Declined: Tarrasch Defense	گامبی وزیرِ ردشده	d2d4 d7d5 c2c4 e7e6 b1c3 c7c5 c4d5 e6d5
D32	Queen's Gambit Declined: Tarrasch Defense	گامبی وزیرِ ردشده	d2d4 d7d5 c2c4 e7e6 b1c3 c7c5 c4d5 e6d5 g1f3 b8c6 c1g5 f8e7
D32	Queen's Gambit Declined: Tarrasch Defense	گامبی وزیرِ ردشده	d2d4 d7d5 c2c4 e7e6 b1c3 c7c5 c4d5 e6d5 g1f3 b8c6 c1g5 f8e7 g5e7 g8e7
D32	Queen's Gambit Declined: Tarrasch Defense	گامبی وزیرِ ردشده	d2d4 g8f6 c2c4 e7e6 g1f3 d7d5 e2e3 c7c5 c4d5 e6d5 b1c3 a7a6 f1e2 b8c6
D32	Tarrasch Defense	دفاع تاراش	d2d4 d7d5 c2c4 e7e6 b1c3 c7c5
D32	Tarrasch Defense: Grünfeld Gambit	دفاع تاراش	d2d4 d7d5 c2c4 e7e6 b1c3 c7c5 c4d5 e6d5 g1f3 b8c6 d4c5 d5d4 c3a4 b7b5
D32	Tarrasch Defense: Marshall Gambit	دفاع تاراش	d2d4 d7d5 c2c4 e7e6 b1c3 c7c5 c4d5 e6d5 e2e4
D32	Tarrasch Defense: Schara Gambit	دفاع تاراش	d2d4 d7d5 c2c4 e7e6 b1c3 c7c5 c4d5 c5d4
D32	Tarrasch Defense: Symmetrical Variation	دفاع تاراش	d2d4 d7d5 c2c4 e7e6 b1c3 c7c5 e2e3 g8f6 g1f3 b8c6
D32	Tarrasch Defense: Symmetrical Variation	دفاع تاراش	c2c4 c7c5 g1f3 b8c6 b1c3 g8f6 e2e3 e7e6 d2d4 d7d5 c4d5 e6d5
D32	Tarrasch Defense: Tarrasch Gambit	دفاع تاراش	d2d4 d7d5 c2c4 e7e6 b1c3 c7c5 c4d5 e6d5 d4c5 d5d4 c3a4 b7b5
D32	Tarrasch Defense: Two Knights Variation	دفاع تاراش	d2d4 d7d5 c2c4 e7e6 b1c3 c7c5 c4d5 e6d5 g1f3
D32	Tarrasch Defense: von Hennig Gambit	دفاع تاراش	d2d4 d7d5 c2c4 e7e6 b1c3 c7c5 c4d5 c5d4 d1d4 b8c6 d4d1 e6d5 d1d5 c8e6
D33	Tarrasch Defense: Dubov Tarrasch	دفاع تاراش	d2d4 d7d5 c2c4 e7e6 b1c3 c7c5 c4d5 e6d5 g1f3 b8c6 g2g3 g8f6 f1g2 c5d4 f3d4 f8c5
D33	Tarrasch Defense: Prague Variation	دفاع تاراش	d2d4 d7d5 c2c4 e7e6 b1c3 c7c5 c4d5 e6d5 g1f3 b8c6 g2g3 g8f6
D33	Tarrasch Defense: Rubinstein System	دفاع تاراش	d2d4 d7d5 c2c4 e7e6 b1c3 c7c5 c4d5 e6d5 g1f3 b8c6 g2g3
D33	Tarrasch Defense: Swedish Variation	دفاع تاراش	d2d4 d7d5 c2c4 e7e6 b1c3 c7c5 c4d5 e6d5 g1f3 b8c6 g2g3 c5c4
D33	Tarrasch Defense: Swedish Variation, Central Break	دفاع تاراش	d2d4 d7d5 c2c4 e7e6 b1c3 c7c5 c4d5 e6d5 g1f3 b8c6 g2g3 c5c4 e2e4
D33	Tarrasch Defense: Wagner Variation	دفاع تاراش	d2d4 d7d5 c2c4 e7e6 b1c3 c7c5 c4d5 e6d5 g1f3 b8c6 g2g3 g8f6 f1g2 c8g4
D34	Queen's Gambit Declined: Tarrasch Defense, Stoltz Variation	گامبی وزیرِ ردشده	d2d4 d7d5 c2c4 e7e6 g1f3 c7c5 c4d5 e6d5 g2g3 b8c6 f1g2 g8f6 e1g1 f8e7 b1c3 e8g8 c1g5 c8e6 a1c1 b7b6
D34	Tarrasch Defense: Classical Variation	دفاع تاراش	d2d4 d7d5 c2c4 e7e6 b1c3 c7c5 c4d5 e6d5 g1f3 b8c6 g2g3 g8f6 f1g2 f8e7 e1g1 e8g8
D34	Tarrasch Defense: Classical Variation, Advance Variation	دفاع تاراش	d2d4 d7d5 c2c4 e7e6 b1c3 c7c5 c4d5 e6d5 g1f3 b8c6 g2g3 g8f6 f1g2 f8e7 e1g1 e8g8 c1g5 c5c4
D34	Tarrasch Defense: Classical Variation, Bogoljubow Variation	دفاع تاراش	d2d4 g8f6 c2c4 e7e6 b1c3 c7c5 g1f3 d7d5 c4d5 e6d5 g2g3 b8c6 f1g2 f8e7 e1g1 e8g8 c1g5 c8e6 a1c1 c5c4
D34	Tarrasch Defense: Classical Variation, Carlsbad Variation	دفاع تاراش	d2d4 d7d5 c2c4 e7e6 b1c3 c7c5 c4d5 e6d5 g1f3 b8c6 g2g3 g8f6 f1g2 f8e7 e1g1 e8g8 c1g5
D34	Tarrasch Defense: Classical Variation, Chandler Variation	دفاع تاراش	d2d4 d7d5 c2c4 e7e6 b1c3 c7c5 c4d5 e6d5 g1f3 b8c6 g2g3 g8f6 f1g2 f8e7 e1g1 e8g8 c1g5 c5d4 f3d4 h7h6 g5e3 f8e8 a1c1 c8e6
D34	Tarrasch Defense: Classical Variation, Classical Tarrasch Gambit	دفاع تاراش	d2d4 d7d5 c2c4 e7e6 b1c3 c7c5 c4d5 e6d5 g1f3 b8c6 g2g3 g8f6 f1g2 f8e7 e1g1 e8g8 d4c5 d5d4
D34	Tarrasch Defense: Classical Variation, Endgame Variation	دفاع تاراش	d2d4 d7d5 c2c4 e7e6 b1c3 c7c5 c4d5 e6d5 g1f3 b8c6 g2g3 g8f6 f1g2 f8e7 e1g1 e8g8 c1g5 c8e6
D34	Tarrasch Defense: Classical Variation, Main Line	دفاع تاراش	d2d4 d7d5 c2c4 e7e6 b1c3 c7c5 c4d5 e6d5 g1f3 b8c6 g2g3 g8f6 f1g2 f8e7 e1g1 e8g8 c1g5 c5d4 f3d4 h7h6 g5e3 f8e8
D34	Tarrasch Defense: Classical Variation, Petursson Variation	دفاع تاراش	d2d4 d7d5 c2c4 e7e6 b1c3 c7c5 c4d5 e6d5 g1f3 b8c6 g2g3 g8f6 f1g2 f8e7 e1g1 e8g8 c1g5 c5d4 f3d4 f8e8
D34	Tarrasch Defense: Classical Variation, Réti Variation	دفاع تاراش	d2d4 d7d5 c2c4 e7e6 b1c3 c7c5 c4d5 e6d5 g1f3 b8c6 g2g3 g8f6 f1g2 f8e7 e1g1 e8g8 d4c5 e7c5 c3a4
D34	Tarrasch Defense: Classical Variation, Spassky Variation	دفاع تاراش	d2d4 d7d5 c2c4 e7e6 b1c3 c7c5 c4d5 e6d5 g1f3 b8c6 g2g3 g8f6 f1g2 f8e7 e1g1 e8g8 c1g5 c5d4 f3d4 h7h6 g5e3 c8g4
D34	Tarrasch Defense: Prague Variation, Main Line	دفاع تاراش	d2d4 d7d5 c2c4 e7e6 b1c3 c7c5 c4d5 e6d5 g1f3 b8c6 g2g3 g8f6 f1g2 f8e7
D35	Queen's Gambit Declined: Exchange Variation	گامبی وزیرِ ردشده	d2d4 g8f6 c2c4 e7e6 b1c3 d7d5 c4d5
D35	Queen's Gambit Declined: Exchange Variation	گامبی وزیرِ ردشده	d2d4 g8f6 c2c4 e7e6 g1f3 d7d5 e2e3 b7b6 b1c3 f8d6 c4d5 e6d5
D35	Queen's Gambit Declined: Exchange Variation	گامبی وزیرِ ردشده	d2d4 d7d5 c2c4 e7e6 b1c3 g8f6 e2e3 f8e7 c4d5 e6d5 f1d3 e8g8 g1f3 c7c6
D35	Queen's Gambit Declined: Exchange Variation, Carlsen Variation	گامبی وزیرِ ردشده	d2d4 g8f6 c2c4 e7e6 b1c3 d7d5 c4d5 e6d5 c1g5 f8e7 e2e3 h7h6 g5h4 c8g4
D35	Queen's Gambit Declined: Exchange Variation, Chameleon Variation	گامبی وزیرِ ردشده	d2d4 g8f6 c2c4 e7e6 b1c3 d7d5 c4d5 e6d5 c1g5 f8e7 e2e3 e8g8 f1d3 b8d7 d1c2 f8e8 g1e2 d7f8 e1c1
D35	Queen's Gambit Declined: Exchange Variation, Positional Variation	گامبی وزیرِ ردشده	d2d4 g8f6 c2c4 e7e6 b1c3 d7d5 c4d5 e6d5 c1g5
D35	Queen's Gambit Declined: Exchange Variation, Positional Variation	گامبی وزیرِ ردشده	d2d4 g8f6 c2c4 e7e6 b1c3 d7d5 c4d5 e6d5 c1g5 c7c6
D35	Queen's Gambit Declined: Exchange Variation, Sämisch Variation	گامبی وزیرِ ردشده	d2d4 g8f6 c2c4 e7e6 g1f3 d7d5 b1c3 b8d7 c4d5 e6d5 c1f4
D35	Queen's Gambit Declined: Harrwitz Attack	گامبی وزیرِ ردشده	d2d4 d7d5 c2c4 e7e6 b1c3 g8f6 c1f4
D35	Queen's Gambit Declined: Normal Defense	گامبی وزیرِ ردشده	d2d4 d7d5 c2c4 e7e6 b1c3 g8f6
D36	Queen's Gambit Declined: Exchange Variation, Reshevsky Variation	گامبی وزیرِ ردشده	d2d4 g8f6 c2c4 e7e6 b1c3 d7d5 c4d5 e6d5 c1g5 c7c6 d1c2
D36	Queen's Gambit Declined: Exchange Variation, Reshevsky Variation	گامبی وزیرِ ردشده	d2d4 g8f6 c2c4 e7e6 b1c3 d7d5 c4d5 e6d5 c1g5 c7c6 d1c2 f8e7 e2e3 b8d7 f1d3
D36	Queen's Gambit Declined: Exchange Variation, Reshevsky Variation	گامبی وزیرِ ردشده	d2d4 g8f6 c2c4 e7e6 b1c3 d7d5 c4d5 e6d5 c1g5 c7c6 d1c2 f8e7 e2e3 e8g8 f1d3
D36	Queen's Gambit Declined: Exchange Variation, Reshevsky Variation	گامبی وزیرِ ردشده	d2d4 g8f6 c2c4 e7e6 b1c3 d7d5 c4d5 e6d5 c1g5 c7c6 d1c2 f8e7 e2e3 e8g8 f1d3 h7h6 g5h4
D37	Queen's Gambit Declined: Barmen Variation	گامبی وزیرِ ردشده	d2d4 g8f6 c2c4 e7e6 g1f3 d7d5 b1c3 b8d7
D37	Queen's Gambit Declined: Harrwitz Attack	گامبی وزیرِ ردشده	d2d4 g8f6 c2c4 e7e6 g1f3 d7d5 b1c3 f8e7 c1f4
D37	Queen's Gambit Declined: Harrwitz Attack	گامبی وزیرِ ردشده	d2d4 g8f6 c2c4 e7e6 g1f3 d7d5 b1c3 f8e7 c1f4 e8g8 e2e3 c7c5 d4c5 e7c5 d1c2 b8c6 a1d1 d8a5 a2a3
D37	Queen's Gambit Declined: Harrwitz Attack	گامبی وزیرِ ردشده	d2d4 g8f6 c2c4 e7e6 g1f3 d7d5 b1c3 f8e7 c1f4 e8g8 e2e3 c7c5 d4c5 e7c5 d1c2 b8c6 a2a3 d8a5 e1c1
D37	Queen's Gambit Declined: Harrwitz Attack, Fianchetto Defense	گامبی وزیرِ ردشده	d2d4 d7d5 c2c4 e7e6 b1c3 f8e7 g1f3 g8f6 c1f4 e8g8 e2e3 b7b6
D37	Queen's Gambit Declined: Harrwitz Attack, Main Line	گامبی وزیرِ ردشده	d2d4 g8f6 c2c4 e7e6 g1f3 d7d5 b1c3 f8e7 c1f4 e8g8 e2e3 c7c5 d4c5 e7c5
D37	Queen's Gambit Declined: Harrwitz Attack, Orthodox Defense	گامبی وزیرِ ردشده	d2d4 d7d5 c2c4 e7e6 b1c3 g8f6 g1f3 f8e7 c1f4 e8g8 e2e3 c7c6
D37	Queen's Gambit Declined: Harrwitz Attack, Two Knights Defense	گامبی وزیرِ ردشده	d2d4 g8f6 c2c4 e7e6 g1f3 d7d5 b1c3 f8e7 c1f4 e8g8 e2e3 b8d7
D37	Queen's Gambit Declined: Harrwitz Attack, Two Knights Defense, Blockade Line	گامبی وزیرِ ردشده	d2d4 g8f6 c2c4 e7e6 b1c3 d7d5 g1f3 f8e7 c1f4 e8g8 e2e3 b8d7 c4c5
D37	Queen's Gambit Declined: Knight Defense, Alekhine Gambit	گامبی وزیرِ ردشده	d2d4 g8f6 c2c4 e7e6 g1f3 d7d5 b1c3 b8d7 c1g5 h7h6 g5h4 d5c4
D37	Queen's Gambit Declined: Miles Variation	گامبی وزیرِ ردشده	d2d4 g8f6 c2c4 e7e6 g1f3 d7d5 b1c3 f8e7 c1g5 e8g8 d1c2
D37	Queen's Gambit Declined: Three Knights Variation	گامبی وزیرِ ردشده	d2d4 g8f6 c2c4 e7e6 g1f3 d7d5 b1c3
D37	Queen's Gambit Declined: Three Knights Variation	گامبی وزیرِ ردشده	d2d4 d7d5 c2c4 e7e6 b1c3 g8f6 g1f3 f8e7 e2e3 e8g8
D37	Queen's Gambit Declined: Three Knights, Vienna Variation	گامبی وزیرِ ردشده	d2d4 g8f6 c2c4 e7e6 g1f3 d7d5 b1c3 d5c4
D37	Queen's Gambit Declined: Vienna Variation, Quiet Variation	گامبی وزیرِ ردشده	d2d4 g8f6 c2c4 e7e6 g1f3 d7d5 b1c3 d5c4 e2e3
D38	Queen's Gambit Declined: Ragozin Defense	گامبی وزیرِ ردشده	d2d4 g8f6 c2c4 e7e6 g1f3 d7d5 b1c3 f8b4
D38	Queen's Gambit Declined: Ragozin Defense, Alekhine Variation	گامبی وزیرِ ردشده	d2d4 g8f6 c2c4 e7e6 g1f3 d7d5 b1c3 f8b4 d1a4
D38	Queen's Gambit Declined: Westphalian Variation	گامبی وزیرِ ردشده	d2d4 g8f6 c2c4 e7e6 g1f3 d7d5 b1c3 f8b4 c1g5 b8d7 e2e3 c7c5
D39	Queen's Gambit Declined: Ragozin Defense, Vienna Variation	گامبی وزیرِ ردشده	d2d4 g8f6 c2c4 e7e6 g1f3 d7d5 b1c3 f8b4 c1g5 d5c4
D40	Queen's Gambit Declined: Semi-Tarrasch Defense	گامبی وزیرِ ردشده	d2d4 g8f6 c2c4 e7e6 g1f3 d7d5 b1c3 c7c5
D40	Queen's Gambit Declined: Semi-Tarrasch Defense	گامبی وزیرِ ردشده	d2d4 d7d5 c2c4 e7e6 b1c3 g8f6 g1f3 c7c5 e2e3 b8c6 a2a3 c5d4 e3d4 f8d6
D40	Queen's Gambit Declined: Semi-Tarrasch Defense, Levenfish Variation	گامبی وزیرِ ردشده	d2d4 d7d5 c2c4 e7e6 b1c3 g8f6 g1f3 c7c5 e2e3 b8c6 f1d3 f8d6 e1g1 e8g8 d1e2 d8e7 d4c5 d6c5 e3e4
D40	Queen's Gambit Declined: Semi-Tarrasch Defense, Pillsbury Variation	گامبی وزیرِ ردشده	d2d4 d7d5 c2c4 e7e6 b1c3 g8f6 g1f3 c7c5 c1g5
D40	Queen's Gambit Declined: Semi-Tarrasch Defense, Symmetrical Variation	گامبی وزیرِ ردشده	d2d4 d7d5 c2c4 e7e6 b1c3 g8f6 g1f3 c7c5 e2e3 b8c6 f1d3 f8d6 e1g1 e8g8
D40	Queen's Gambit Declined: Semi-Tarrasch Defense, with e3	گامبی وزیرِ ردشده	d2d4 d7d5 c2c4 c7c5 g1f3 g8f6 b1c3 e7e6 e2e3 b8c6 f1d3
D41	Queen's Gambit Declined: Semi-Tarrasch Defense	گامبی وزیرِ ردشده	c2c4 c7c5 g1f3 g8f6 b1c3 b8c6 g2g3 d7d5 d2d4 e7e6
D41	Queen's Gambit Declined: Semi-Tarrasch Defense	گامبی وزیرِ ردشده	d2d4 g8f6 c2c4 e7e6 g1f3 d7d5 b1c3 c7c5 c4d5
D41	Queen's Gambit Declined: Semi-Tarrasch Defense	گامبی وزیرِ ردشده	d2d4 g8f6 c2c4 e7e6 g1f3 d7d5 b1c3 c7c5 c4d5 f6d5 g2g3
D41	Queen's Gambit Declined: Semi-Tarrasch Defense	گامبی وزیرِ ردشده	d2d4 g8f6 c2c4 e7e6 g1f3 d7d5 b1c3 c7c5 c4d5 f6d5 g2g3 b8c6 f1g2
D41	Queen's Gambit Declined: Semi-Tarrasch Defense, Endgame Variation	گامبی وزیرِ ردشده	d2d4 g8f6 c2c4 e7e6 g1f3 d7d5 b1c3 c7c5 c4d5 c5d4 d1d4 e6d5 e2e4 d5e4 d4d8
D41	Queen's Gambit Declined: Semi-Tarrasch Defense, Exchange Variation	گامبی وزیرِ ردشده	d2d4 g8f6 c2c4 e7e6 g1f3 d7d5 b1c3 c7c5 c4d5 f6d5 e2e4
D41	Queen's Gambit Declined: Semi-Tarrasch Defense, Exchange Variation	گامبی وزیرِ ردشده	d2d4 g8f6 c2c4 e7e6 g1f3 d7d5 b1c3 c7c5 c4d5 f6d5 e2e4 d5c3 b2c3
D41	Queen's Gambit Declined: Semi-Tarrasch Defense, Kmoch Variation	گامبی وزیرِ ردشده	d2d4 d7d5 c2c4 e7e6 b1c3 g8f6 g1f3 c7c5 c4d5 f6d5 e2e4 d5c3 b2c3 c5d4 c3d4 f8b4 c1d2 b4d2 d1d2 e8g8 f1b5
D41	Queen's Gambit Declined: Semi-Tarrasch Defense, Pillsbury Variation	گامبی وزیرِ ردشده	d2d4 g8f6 c2c4 e7e6 g1f3 d7d5 b1c3 c7c5 c4d5 f6d5 e2e3
D41	Queen's Gambit Declined: Semi-Tarrasch Defense, San Sebastian Variation	گامبی وزیرِ ردشده	d2d4 d7d5 c2c4 e7e6 b1c3 g8f6 c4d5 f6d5 e2e4 d5c3 b2c3 c7c5 g1f3 c5d4 c3d4 f8b4 c1d2 d8a5
D42	Queen's Gambit Declined: Semi-Tarrasch Defense, Main Line	گامبی وزیرِ ردشده	d2d4 g8f6 c2c4 e7e6 g1f3 d7d5 b1c3 c7c5 c4d5 f6d5 e2e3 b8c6 f1d3
D43	Semi-Slav Defense	دفاع نیمه‌اسلاو	d2d4 d7d5 c2c4 c7c6 g1f3 g8f6 b1c3 e7e6
D43	Semi-Slav Defense: Anti-Moscow Gambit	دفاع نیمه‌اسلاو	d2d4 d7d5 c2c4 c7c6 g1f3 g8f6 b1c3 e7e6 c1g5 h7h6 g5h4
D43	Semi-Slav Defense: Hastings Variation	دفاع نیمه‌اسلاو	d2d4 d7d5 c2c4 c7c6 g1f3 g8f6 b1c3 e7e6 c1g5 h7h6 g5f6 d8f6 d1b3
D43	Semi-Slav Defense: Moscow Variation	دفاع نیمه‌اسلاو	d2d4 d7d5 c2c4 c7c6 g1f3 g8f6 b1c3 e7e6 c1g5 h7h6 g5f6 d8f6
D44	Semi-Slav Defense Accepted	دفاع نیمه‌اسلاوِ پذیرفته	d2d4 d7d5 c2c4 c7c6 g1f3 g8f6 b1c3 e7e6 c1g5 d5c4
D44	Semi-Slav Defense: Botvinnik Variation	دفاع نیمه‌اسلاو	d2d4 d7d5 c2c4 c7c6 g1f3 g8f6 b1c3 e7e6 c1g5 d5c4 e2e4
D44	Semi-Slav Defense: Botvinnik Variation	دفاع نیمه‌اسلاو	d2d4 d7d5 c2c4 c7c6 g1f3 g8f6 b1c3 e7e6 c1g5 d5c4 e2e4 b7b5 e4e5 h7h6 g5h4 g7g5 f3g5
D44	Semi-Slav Defense: Botvinnik Variation, Alatortsev System	دفاع نیمه‌اسلاو	d2d4 g8f6 c2c4 e7e6 g1f3 d7d5 b1c3 c7c6 c1g5 d5c4 e2e4 b7b5 e4e5 h7h6 g5h4 g7g5 f3g5 f6d5
D44	Semi-Slav Defense: Botvinnik Variation, Ekstrom Variation	دفاع نیمه‌اسلاو	d2d4 d7d5 c2c4 c7c6 g1f3 g8f6 b1c3 e7e6 c1g5 d5c4 e2e4 b7b5 e4e5 h7h6 g5h4 g7g5 e5f6 g5h4 f3e5
D44	Semi-Slav Defense: Botvinnik Variation, Lilienthal Variation	دفاع نیمه‌اسلاو	d2d4 d7d5 c2c4 c7c6 g1f3 g8f6 b1c3 e7e6 c1g5 d5c4 e2e4 b7b5 e4e5 h7h6 g5h4 g7g5 f3g5 h6g5 h4g5 b8d7 g2g3
D44	Semi-Slav Defense: Botvinnik Variation, Szabo Variation	دفاع نیمه‌اسلاو	d2d4 g8f6 c2c4 e7e6 g1f3 d7d5 b1c3 c7c6 c1g5 d5c4 e2e4 b7b5 e4e5 h7h6 g5h4 g7g5 f3g5 h6g5 h4g5 b8d7 d1f3
D45	Semi-Slav Defense: Accelerated Meran Variation	دفاع نیمه‌اسلاو	d2d4 d7d5 c2c4 c7c6 b1c3 g8f6 e2e3 e7e6 g1f3 a7a6
D45	Semi-Slav Defense: Main Line	دفاع نیمه‌اسلاو	d2d4 d7d5 c2c4 c7c6 b1c3 g8f6 e2e3 e7e6 g1f3
D45	Semi-Slav Defense: Normal Variation	دفاع نیمه‌اسلاو	d2d4 d7d5 c2c4 c7c6 b1c3 g8f6 e2e3 e7e6 g1f3 b8d7
D45	Semi-Slav Defense: Normal Variation	دفاع نیمه‌اسلاو	g1f3 d7d5 e2e3 g8f6 c2c4 c7c6 b1c3 e7e6 b2b3 f8d6 c1b2 e8g8 d2d4 b8d7
D45	Semi-Slav Defense: Normal Variation	دفاع نیمه‌اسلاو	d2d4 d7d5 c2c4 e7e6 b1c3 c7c6 g1f3 g8f6 e2e3 b8d7 b2b3 f8d6 c1b2 e8g8 f1e2
D45	Semi-Slav Defense: Rubinstein System	دفاع نیمه‌اسلاو	d2d4 d7d5 c2c4 e7e6 b1c3 c7c6 g1f3 g8f6 e2e3 b8d7 f3e5
D45	Semi-Slav Defense: Stoltz Variation	دفاع نیمه‌اسلاو	d2d4 d7d5 c2c4 c7c6 b1c3 g8f6 e2e3 e7e6 g1f3 b8d7 d1c2
D45	Semi-Slav Defense: Stoltz Variation	دفاع نیمه‌اسلاو	d2d4 d7d5 c2c4 c7c6 b1c3 g8f6 e2e3 e7e6 g1f3 b8d7 d1c2 b7b6 b2b3
D45	Semi-Slav Defense: Stoltz Variation	دفاع نیمه‌اسلاو	d2d4 d7d5 c2c4 c7c6 b1c3 g8f6 e2e3 e7e6 g1f3 b8d7 d1c2 b7b6 b2b3 c8b7
D45	Semi-Slav Defense: Stoltz Variation	دفاع نیمه‌اسلاو	d2d4 d7d5 g1f3 g8f6 c2c4 c7c6 e2e3 e7e6 b1c3 b8d7 d1c2 f8d6 b2b3
D45	Semi-Slav Defense: Stoltz Variation	دفاع نیمه‌اسلاو	d2d4 d7d5 g1f3 g8f6 c2c4 c7c6 e2e3 e7e6 b1c3 b8d7 d1c2 f8d6 b2b3 e8g8 c1b2
D45	Semi-Slav Defense: Stoltz Variation, Center Variation	دفاع نیمه‌اسلاو	d2d4 d7d5 c2c4 c7c6 g1f3 g8f6 b1c3 e7e6 e2e3 b8d7 d1c2 f8d6 e3e4
D45	Semi-Slav Defense: Stoltz Variation, Center Variation, Mikhalchishin Line	دفاع نیمه‌اسلاو	d2d4 d7d5 c2c4 c7c6 g1f3 g8f6 b1c3 e7e6 e2e3 b8d7 d1c2 f8d6 e3e4 d5e4 c3e4 f6e4 c2e4 e6e5 d4e5
D45	Semi-Slav Defense: Stoltz Variation, Shabalov Attack	دفاع نیمه‌اسلاو	d2d4 d7d5 c2c4 c7c6 g1f3 g8f6 b1c3 e7e6 e2e3 b8d7 d1c2 f8d6 g2g4
D45	Semi-Slav Defense: Stonewall Defense	دفاع نیمه‌اسلاو	d2d4 d7d5 g1f3 g8f6 c2c4 c7c6 b1c3 e7e6 e2e3 f6e4 f1d3 f7f5
D46	Semi-Slav Defense: Bogoljubow Variation	دفاع نیمه‌اسلاو	d2d4 d7d5 c2c4 c7c6 b1c3 g8f6 e2e3 e7e6 g1f3 b8d7 f1d3 f8e7
D46	Semi-Slav Defense: Chigorin Defense	دفاع نیمه‌اسلاو	d2d4 d7d5 c2c4 c7c6 b1c3 g8f6 e2e3 e7e6 g1f3 b8d7 f1d3 f8d6
D46	Semi-Slav Defense: Chigorin Defense	دفاع نیمه‌اسلاو	d2d4 d7d5 c2c4 c7c6 b1c3 g8f6 e2e3 e7e6 g1f3 b8d7 f1d3 f8d6 d1c2
D46	Semi-Slav Defense: Chigorin Defense	دفاع نیمه‌اسلاو	d2d4 d7d5 c2c4 c7c6 b1c3 g8f6 e2e3 e7e6 g1f3 b8d7 b2b3 f8d6 c1b2 e8g8 f1d3
D46	Semi-Slav Defense: Chigorin Defense	دفاع نیمه‌اسلاو	d2d4 d7d5 c2c4 c7c6 b1c3 g8f6 e2e3 e7e6 g1f3 b8d7 d1c2 b7b6 b2b3 c8b7 f1d3
D46	Semi-Slav Defense: Chigorin Defense	دفاع نیمه‌اسلاو	d2d4 d7d5 c2c4 c7c6 b1c3 g8f6 e2e3 e7e6 g1f3 b8d7 d1c2 f8d6 b2b3 e8g8 c1b2 f8e8 f1d3
D46	Semi-Slav Defense: Chigorin Defense	دفاع نیمه‌اسلاو	d2d4 d7d5 c2c4 c7c6 b1c3 g8f6 e2e3 e7e6 g1f3 b8d7 d1c2 f8d6 b2b3 e8g8 c1b2 d8e7 f1d3
D46	Semi-Slav Defense: Chigorin Defense	دفاع نیمه‌اسلاو	d2d4 d7d5 c2c4 c7c6 g1f3 e7e6 e2e3 g8f6 b1c3 f8d6 f1d3 d5c4 d3c4 b7b5 c4d3 b8d7 e1g1 e8g8 d1c2
D46	Semi-Slav Defense: Chigorin Defense	دفاع نیمه‌اسلاو	d2d4 d7d5 c2c4 c7c6 b1c3 g8f6 e2e3 e7e6 g1f3 b8d7 f1d3 d5c4 d3c4 b7b5 c4d3 f8d6 e1g1 c8b7 a2a3 e8g8 d1c2
D46	Semi-Slav Defense: Main Line	دفاع نیمه‌اسلاو	d2d4 d7d5 c2c4 c7c6 b1c3 g8f6 e2e3 e7e6 g1f3 b8d7 f1d3
D46	Semi-Slav Defense: Main Line	دفاع نیمه‌اسلاو	d2d4 d7d5 c2c4 c7c6 b1c3 g8f6 e2e3 e7e6 g1f3 b8d7 d1c2 b7b6 b2b3 c8b7 f1d3 f8e7 e1g1 e8g8 c1b2
D46	Semi-Slav Defense: Romih Variation	دفاع نیمه‌اسلاو	d2d4 d7d5 c2c4 c7c6 b1c3 g8f6 e2e3 e7e6 g1f3 b8d7 f1d3 f8b4
D47	Semi-Slav Defense: Meran Variation	دفاع نیمه‌اسلاو	d2d4 d7d5 c2c4 c7c6 b1c3 g8f6 e2e3 e7e6 g1f3 b8d7 f1d3 d5c4 d3c4 b7b5
D47	Semi-Slav Defense: Meran Variation, Lundin Variation	دفاع نیمه‌اسلاو	d2d4 d7d5 c2c4 c7c6 g1f3 g8f6 b1c3 e7e6 e2e3 b8d7 f1d3 d5c4 d3c4 b7b5 c4d3 b5b4
D47	Semi-Slav Defense: Meran Variation, Wade Variation	دفاع نیمه‌اسلاو	d2d4 d7d5 c2c4 c7c6 b1c3 g8f6 e2e3 e7e6 g1f3 b8d7 f1d3 d5c4 d3c4 b7b5 c4d3 c8b7
D47	Semi-Slav Defense: Meran Variation, Wade Variation, Kaidanov Gambit	دفاع نیمه‌اسلاو	d2d4 d7d5 c2c4 c7c6 b1c3 g8f6 e2e3 e7e6 g1f3 b8d7 f1d3 d5c4 d3c4 b7b5 c4d3 c8b7 e3e4 b5b4 c3a4 c6c5 e4e5 f6d5 e1g1 c5d4 f3d4
D47	Semi-Slav Defense: Meran Variation, Wade Variation, Larsen Variation	دفاع نیمه‌اسلاو	d2d4 d7d5 c2c4 c7c6 b1c3 g8f6 e2e3 e7e6 g1f3 b8d7 f1d3 d5c4 d3c4 b7b5 c4d3 c8b7 e3e4 b5b4 c3a4 c6c5 e4e5 f6d5
D47	Semi-Slav Defense: Semi-Meran Variation	دفاع نیمه‌اسلاو	d2d4 d7d5 c2c4 c7c6 b1c3 g8f6 e2e3 e7e6 g1f3 b8d7 f1d3 d5c4 d3c4
D48	Semi-Slav Defense: Meran Variation	دفاع نیمه‌اسلاو	d2d4 d7d5 c2c4 c7c6 b1c3 g8f6 e2e3 e7e6 g1f3 b8d7 f1d3 d5c4 d3c4 b7b5 c4d3 a7a6
D48	Semi-Slav Defense: Meran Variation	دفاع نیمه‌اسلاو	d2d4 d7d5 c2c4 c7c6 b1c3 g8f6 e2e3 e7e6 g1f3 b8d7 f1d3 d5c4 d3c4 b7b5 c4d3 a7a6 e3e4 c6c5
D48	Semi-Slav Defense: Meran Variation, Old Variation	دفاع نیمه‌اسلاو	d2d4 d7d5 c2c4 c7c6 b1c3 g8f6 e2e3 e7e6 g1f3 b8d7 f1d3 d5c4 d3c4 b7b5 c4d3 a7a6 e3e4 c6c5 e4e5
D48	Semi-Slav Defense: Meran Variation, Pirc Variation	دفاع نیمه‌اسلاو	d2d4 d7d5 c2c4 e7e6 b1c3 c7c6 e2e3 g8f6 g1f3 b8d7 f1d3 d5c4 d3c4 b7b5 c4d3 a7a6 e3e4 b5b4
D48	Semi-Slav Defense: Meran Variation, Reynolds' Variation	دفاع نیمه‌اسلاو	d2d4 d7d5 c2c4 c7c6 g1f3 g8f6 b1c3 e7e6 e2e3 b8d7 f1d3 d5c4 d3c4 b7b5 c4d3 a7a6 e3e4 c6c5 d4d5
D49	Semi-Slav Defense: Meran Variation, Blumenfeld Variation	دفاع نیمه‌اسلاو	d2d4 d7d5 c2c4 c7c6 b1c3 g8f6 e2e3 e7e6 g1f3 b8d7 f1d3 d5c4 d3c4 b7b5 c4d3 a7a6 e3e4 c6c5 e4e5 c5d4 c3b5
D49	Semi-Slav Defense: Meran Variation, Rabinovich Variation	دفاع نیمه‌اسلاو	d2d4 d7d5 c2c4 c7c6 b1c3 g8f6 e2e3 e7e6 g1f3 b8d7 f1d3 d5c4 d3c4 b7b5 c4d3 a7a6 e3e4 c6c5 e4e5 c5d4 c3b5 f6g4
D49	Semi-Slav Defense: Meran Variation, Rellstab Attack	دفاع نیمه‌اسلاو	d2d4 d7d5 c2c4 c7c6 b1c3 g8f6 g1f3 e7e6 e2e3 b8d7 f1d3 d5c4 d3c4 b7b5 c4d3 a7a6 e3e4 c6c5 e4e5 c5d4 c3b5 d7e5 f3e5 a6b5 e1g1 d8d5 d1e2 c8a6 c1g5
D49	Semi-Slav Defense: Meran Variation, Sozin Variation	دفاع نیمه‌اسلاو	d2d4 d7d5 c2c4 c7c6 g1f3 g8f6 b1c3 e7e6 e2e3 b8d7 f1d3 d5c4 d3c4 b7b5 c4d3 a7a6 e3e4 c6c5 e4e5 c5d4 c3b5 d7e5
D49	Semi-Slav Defense: Meran Variation, Sozin Variation	دفاع نیمه‌اسلاو	d2d4 d7d5 g1f3 g8f6 c2c4 c7c6 b1c3 e7e6 e2e3 b8d7 f1d3 d5c4 d3c4 b7b5 c4d3 a7a6 e3e4 c6c5 e4e5 c5d4 c3b5 d7e5 f3e5 a6b5 e1g1
D49	Semi-Slav Defense: Meran Variation, Stahlberg Variation	دفاع نیمه‌اسلاو	d2d4 d7d5 c2c4 c7c6 b1c3 g8f6 e2e3 e7e6 g1f3 b8d7 f1d3 d5c4 d3c4 b7b5 c4d3 a7a6 e3e4 c6c5 e4e5 c5d4 c3b5 d7e5 f3e5 a6b5 d1f3
D50	Queen's Gambit Declined: Been-Koomen Variation	گامبی وزیرِ ردشده	d2d4 d7d5 c2c4 e7e6 b1c3 g8f6 c1g5 c7c5
D50	Queen's Gambit Declined: Modern Variation	گامبی وزیرِ ردشده	d2d4 d7d5 c2c4 e7e6 b1c3 g8f6 c1g5
D50	Queen's Gambit Declined: Pseudo-Tarrasch Variation	گامبی وزیرِ ردشده	d2d4 d7d5 c2c4 e7e6 b1c3 g8f6 c1g5 c7c5 c4d5
D50	Queen's Gambit Declined: Pseudo-Tarrasch Variation, Canal Variation	گامبی وزیرِ ردشده	d2d4 d7d5 c2c4 e7e6 b1c3 g8f6 c1g5 c7c5 c4d5 d8b6
D50	Queen's Gambit Declined: Pseudo-Tarrasch Variation, Primitive Pillsbury Variation	گامبی وزیرِ ردشده	d2d4 d7d5 c2c4 e7e6 b1c3 g8f6 c1g5 c7c5 g1f3 c5d4 d1d4
D50	Queen's Gambit Declined: Semi-Tarrasch Defense, Krause Variation	گامبی وزیرِ ردشده	d2d4 d7d5 c2c4 e7e6 b1c3 g8f6 c1g5 c7c5 g1f3 c5d4 f3d4 e6e5 d4b5 a7a6 d1a4
D51	Queen's Gambit Declined: Alekhine Variation	گامبی وزیرِ ردشده	d2d4 d7d5 c2c4 e7e6 b1c3 g8f6 c1g5 b8d7 g1f3 c7c6 e2e4
D51	Queen's Gambit Declined: Capablanca Variation, Anti-Cambridge Springs Variation	گامبی وزیرِ ردشده	d2d4 d7d5 c2c4 e7e6 b1c3 g8f6 c1g5 b8d7 e2e3 c7c6 a2a3
D51	Queen's Gambit Declined: Manhattan Variation	گامبی وزیرِ ردشده	d2d4 d7d5 c2c4 e7e6 b1c3 g8f6 c1g5 b8d7 e2e3 f8b4
D51	Queen's Gambit Declined: Modern Variation, Knight Defense	گامبی وزیرِ ردشده	d2d4 d7d5 c2c4 e7e6 b1c3 g8f6 c1g5 b8d7
D51	Queen's Gambit Declined: Modern Variation, Knight Defense	گامبی وزیرِ ردشده	d2d4 d7d5 c2c4 e7e6 b1c3 g8f6 c1g5 b8d7 e2e3
D51	Queen's Gambit Declined: Modern Variation, Knight Defense	گامبی وزیرِ ردشده	d2d4 d7d5 c2c4 e7e6 b1c3 g8f6 c1g5 b8d7 e2e3 c7c6
D51	Queen's Gambit Declined: Rochlin Variation	گامبی وزیرِ ردشده	d2d4 d7d5 c2c4 e7e6 b1c3 g8f6 c1g5 b8d7 g1f3 c7c6 a1c1 d8a5 g5d2
D52	Queen's Gambit Declined	گامبی وزیرِ ردشده	d2d4 d7d5 c2c4 c7c6 g1f3 g8f6 b1c3 e7e6 c1g5 b8d7 e2e3
D52	Queen's Gambit Declined: Cambridge Springs Defense	گامبی وزیرِ ردشده	d2d4 d7d5 c2c4 c7c6 g1f3 g8f6 b1c3 e7e6 c1g5 b8d7 e2e3 d8a5
D52	Queen's Gambit Declined: Cambridge Springs Defense	گامبی وزیرِ ردشده	d2d4 d7d5 c2c4 c7c6 g1f3 g8f6 b1c3 e7e6 c1g5 b8d7 e2e3 d8a5 c4d5
D52	Queen's Gambit Declined: Cambridge Springs Defense, Argentine Variation	گامبی وزیرِ ردشده	d2d4 d7d5 c2c4 e7e6 b1c3 g8f6 c1g5 b8d7 e2e3 c7c6 g1f3 d8a5 f3d2 f8b4 d1c2 e8g8 g5h4
D52	Queen's Gambit Declined: Cambridge Springs Defense, Bogoljubow Variation	گامبی وزیرِ ردشده	d2d4 d7d5 c2c4 c7c6 g1f3 g8f6 b1c3 e7e6 c1g5 b8d7 e2e3 d8a5 f3d2 f8b4 d1c2
D52	Queen's Gambit Declined: Cambridge Springs Defense, Capablanca Variation	گامبی وزیرِ ردشده	d2d4 d7d5 c2c4 e7e6 b1c3 g8f6 c1g5 b8d7 e2e3 c7c6 g1f3 d8a5 g5f6
D52	Queen's Gambit Declined: Cambridge Springs Defense, Rubinstein Variation	گامبی وزیرِ ردشده	d2d4 d7d5 c2c4 c7c6 g1f3 g8f6 b1c3 e7e6 c1g5 b8d7 e2e3 d8a5 f3d2 d5c4
D52	Queen's Gambit Declined: Cambridge Springs Defense, Yugoslav Variation	گامبی وزیرِ ردشده	d2d4 d7d5 c2c4 c7c6 g1f3 g8f6 b1c3 e7e6 c1g5 b8d7 e2e3 d8a5 c4d5 f6d5
D53	Queen's Gambit Declined	گامبی وزیرِ ردشده	d2d4 d7d5 c2c4 e7e6 b1c3 g8f6 c1g5 f8e7
D53	Queen's Gambit Declined	گامبی وزیرِ ردشده	d2d4 d7d5 c2c4 e7e6 b1c3 g8f6 c1g5 f8e7 g1f3
D53	Queen's Gambit Declined	گامبی وزیرِ ردشده	d2d4 d7d5 c2c4 e7e6 b1c3 g8f6 c1g5 f8e7 g1f3 c7c6 e2e3 d5c4 f1c4
D53	Queen's Gambit Declined	گامبی وزیرِ ردشده	d2d4 d7d5 c2c4 e7e6 g1f3 g8f6 b1c3 d5c4 c1g5 f8e7
D53	Queen's Gambit Declined	گامبی وزیرِ ردشده	d2d4 d7d5 c2c4 e7e6 g1f3 g8f6 b1c3 d5c4 c1g5 f8e7 e2e4
D53	Queen's Gambit Declined	گامبی وزیرِ ردشده	d2d4 d7d5 c2c4 e7e6 g1f3 g8f6 b1c3 b8c6 c1g5 f8e7 e2e3 e8g8
D53	Queen's Gambit Declined: Lasker Defense	گامبی وزیرِ ردشده	d2d4 g8f6 c2c4 e7e6 b1c3 d7d5 c1g5 f8e7 e2e3 f6e4
D53	Queen's Gambit Declined: Modern Variation, Heral Variation	گامبی وزیرِ ردشده	d2d4 d7d5 c2c4 e7e6 b1c3 g8f6 c1g5 f8e7 g5f6
D53	Queen's Gambit Declined: Uhlmann Variation	گامبی وزیرِ ردشده	d2d4 d7d5 c2c4 e7e6 b1c3 f8e7 g1f3 g8f6 c1g5 h7h6 g5h4 e8g8 a1c1 d5c4
D54	Queen's Gambit Declined: Neo-Orthodox Variation	گامبی وزیرِ ردشده	d2d4 g8f6 c2c4 e7e6 b1c3 d7d5 c1g5 f8e7 e2e3 e8g8 a1c1
D55	Queen's Gambit Declined: Anti-Tartakower Variation	گامبی وزیرِ ردشده	d2d4 g8f6 c2c4 e7e6 g1f3 d7d5 b1c3 f8e7 c1g5 e8g8 e2e3 h7h6 g5f6
D55	Queen's Gambit Declined: Anti-Tartakower Variation, Petrosian Variation	گامبی وزیرِ ردشده	d2d4 g8f6 c2c4 e7e6 g1f3 d7d5 b1c3 f8e7 c1g5 h7h6 g5f6 e7f6 e2e3 e8g8 a1c1 c7c6 f1d3 b8d7 e1g1 d5c4 d3c4
D55	Queen's Gambit Declined: Modern Variation, Normal Line	گامبی وزیرِ ردشده	d2d4 g8f6 c2c4 e7e6 g1f3 d7d5 b1c3 f8e7 c1g5 e8g8 e2e3
D55	Queen's Gambit Declined: Neo-Orthodox Variation	گامبی وزیرِ ردشده	d2d4 g8f6 c2c4 e7e6 g1f3 d7d5 b1c3 f8e7 c1g5 e8g8 e2e3 h7h6
D55	Queen's Gambit Declined: Neo-Orthodox Variation, Main Line	گامبی وزیرِ ردشده	d2d4 g8f6 c2c4 e7e6 g1f3 d7d5 b1c3 f8e7 c1g5 h7h6 g5h4 e8g8 e2e3
D55	Queen's Gambit Declined: Pillsbury Attack	گامبی وزیرِ ردشده	d2d4 g8f6 c2c4 e7e6 g1f3 b7b6 b1c3 d7d5 c4d5 e6d5 c1g5 f8e7 e2e3 e8g8 f1d3 c8b7 f3e5
D56	Queen's Gambit Declined	گامبی وزیرِ ردشده	d2d4 d7d5 c2c4 e7e6 g1f3 g8f6 b1c3 b8c6 c1g5 f8e7 e2e3 e8g8 a1c1 h7h6 g5h4
D56	Queen's Gambit Declined: Lasker Defense	گامبی وزیرِ ردشده	d2d4 d7d5 c2c4 e7e6 b1c3 f8e7 g1f3 g8f6 c1g5 h7h6 g5h4 e8g8 e2e3 f6e4
D56	Queen's Gambit Declined: Lasker Defense	گامبی وزیرِ ردشده	d2d4 d7d5 c2c4 e7e6 g1f3 g8f6 b1c3 b8c6 c1g5 f8e7 e2e3 e8g8 a1c1 h7h6 g5h4 f6e4
D56	Queen's Gambit Declined: Lasker Defense, Russian Variation	گامبی وزیرِ ردشده	d2d4 d7d5 c2c4 e7e6 b1c3 g8f6 c1g5 f8e7 e2e3 e8g8 g1f3 h7h6 g5h4 f6e4 h4e7 d8e7 d1c2 e4f6 f1d3 d5c4 d3c4 c7c5 e1g1 b8c6 f1d1 c8d7
D56	Queen's Gambit Declined: Lasker Defense, Teichmann Variation	گامبی وزیرِ ردشده	d2d4 g8f6 c2c4 e7e6 g1f3 d7d5 b1c3 f8e7 c1g5 h7h6 g5h4 e8g8 e2e3 f6e4 h4e7 d8e7 d1c2
D57	Queen's Gambit Declined: Lasker Defense, Bernstein Variation	گامبی وزیرِ ردشده	d2d4 g8f6 c2c4 e7e6 b1c3 d7d5 c1g5 f8e7 e2e3 h7h6 g5h4 e8g8 g1f3 f6e4 h4e7 d8e7 c4d5 e4c3 b2c3 e6d5 d1b3 e7d6
D57	Queen's Gambit Declined: Lasker Defense, Bernstein Variation, Mar del Plata Gambit	گامبی وزیرِ ردشده	d2d4 d7d5 c2c4 e7e6 b1c3 g8f6 c1g5 f8e7 e2e3 e8g8 g1f3 h7h6 g5h4 f6e4 h4e7 d8e7 c4d5 e4c3 b2c3 e6d5 d1b3 f8d8 c3c4 c8e6
D57	Queen's Gambit Declined: Lasker Defense, Main Line	گامبی وزیرِ ردشده	d2d4 d7d5 c2c4 e7e6 b1c3 f8e7 g1f3 g8f6 c1g5 h7h6 g5h4 e8g8 e2e3 f6e4 h4e7 d8e7 c4d5 e4c3 b2c3
D58	Queen's Gambit Declined: Tartakower Defense	گامبی وزیرِ ردشده	d2d4 g8f6 c2c4 e7e6 g1f3 d7d5 b1c3 f8e7 c1g5 h7h6 g5h4 e8g8 e2e3 b7b6
D58	Queen's Gambit Declined: Tartakower Defense, Exchange Variation	گامبی وزیرِ ردشده	d2d4 d7d5 c2c4 e7e6 b1c3 f8e7 g1f3 g8f6 c1g5 h7h6 g5h4 e8g8 e2e3 b7b6 c4d5 e6d5
D59	Queen's Gambit Declined: Tartakower Defense	گامبی وزیرِ ردشده	d2d4 d7d5 c2c4 e7e6 b1c3 f8e7 g1f3 g8f6 c1g5 h7h6 g5h4 e8g8 e2e3 b7b6 c4d5 f6d5 h4e7 d8e7 c3d5 e6d5 a1c1 c8e6
D59	Queen's Gambit Declined: Tartakower Defense, Makogonov Exchange Variation	گامبی وزیرِ ردشده	d2d4 d7d5 c2c4 e7e6 b1c3 f8e7 g1f3 g8f6 c1g5 h7h6 g5h4 e8g8 e2e3 b7b6 c4d5 f6d5
D60	Queen's Gambit Declined: Orthodox Defense	گامبی وزیرِ ردشده	d2d4 g8f6 c2c4 e7e6 g1f3 d7d5 b1c3 f8e7 c1g5 e8g8 e2e3 b8d7
D60	Queen's Gambit Declined: Orthodox Defense, Botvinnik Variation	گامبی وزیرِ ردشده	d2d4 g8f6 c2c4 e7e6 g1f3 d7d5 b1c3 f8e7 c1g5 e8g8 e2e3 b8d7 f1d3
D60	Queen's Gambit Declined: Orthodox Defense, Botvinnik Variation	گامبی وزیرِ ردشده	d2d4 g8f6 c2c4 e7e6 g1f3 d7d5 b1c3 f8e7 c1g5 e8g8 e2e3 b8d7 f1d3 c7c6
D60	Queen's Gambit Declined: Orthodox Defense, Rauzer Variation	گامبی وزیرِ ردشده	d2d4 d7d5 g1f3 g8f6 c2c4 e7e6 b1c3 f8e7 c1g5 e8g8 e2e3 b8d7 d1b3
D61	Queen's Gambit Declined: Orthodox Defense, Rubinstein Variation	گامبی وزیرِ ردشده	d2d4 d7d5 c2c4 e7e6 b1c3 g8f6 c1g5 f8e7 e2e3 e8g8 g1f3 b8d7 d1c2
D61	Queen's Gambit Declined: Orthodox Defense, Rubinstein Variation	گامبی وزیرِ ردشده	d2d4 d7d5 c2c4 e7e6 b1c3 g8f6 c1g5 f8e7 e2e3 e8g8 g1f3 b8d7 d1c2 c7c5
D61	Queen's Gambit Declined: Orthodox Defense, Rubinstein Variation	گامبی وزیرِ ردشده	d2d4 d7d5 c2c4 e7e6 b1c3 g8f6 c1g5 f8e7 e2e3 e8g8 g1f3 b8d7 d1c2 c7c6
D61	Queen's Gambit Declined: Orthodox Defense, Rubinstein Variation	گامبی وزیرِ ردشده	d2d4 d7d5 c2c4 e7e6 b1c3 g8f6 c1g5 f8e7 e2e3 e8g8 g1f3 b8d7 d1c2 c7c6 a2a3
D61	Queen's Gambit Declined: Orthodox Defense, Rubinstein Variation	گامبی وزیرِ ردشده	d2d4 d7d5 c2c4 e7e6 b1c3 g8f6 c1g5 f8e7 e2e3 e8g8 g1f3 b8d7 d1c2 a7a6 c4d5 e6d5 f1d3 f8e8
D61	Queen's Gambit Declined: Orthodox Defense, Rubinstein Variation	گامبی وزیرِ ردشده	d2d4 d7d5 c2c4 e7e6 b1c3 g8f6 c1g5 f8e7 e2e3 e8g8 g1f3 b8d7 d1c2 c7c6 a1d1 a7a6
D62	Queen's Gambit Declined: Orthodox Defense, Rubinstein Variation, Flohr Line	گامبی وزیرِ ردشده	d2d4 g8f6 c2c4 e7e6 g1f3 d7d5 b1c3 f8e7 c1g5 e8g8 e2e3 b8d7 d1c2 c7c5 c4d5
D63	Queen's Gambit Declined: Orthodox Defense, Capablanca Variation	گامبی وزیرِ ردشده	g1f3 d7d5 d2d4 g8f6 c2c4 e7e6 b1c3 f8e7 c1g5 e8g8 e2e3 b8d7 a1c1 b7b6 c4d5 e6d5 f1b5
D63	Queen's Gambit Declined: Orthodox Defense, Henneberger Variation	گامبی وزیرِ ردشده	d2d4 g8f6 c2c4 e7e6 g1f3 d7d5 b1c3 f8e7 c1g5 e8g8 e2e3 b8d7 a1c1 a7a6
D63	Queen's Gambit Declined: Orthodox Defense, Henneberger Variation	گامبی وزیرِ ردشده	d2d4 g8f6 c2c4 e7e6 g1f3 d7d5 b1c3 f8e7 c1g5 e8g8 e2e3 b8d7 a1c1 a7a6 c4c5
D63	Queen's Gambit Declined: Orthodox Defense, Henneberger Variation	گامبی وزیرِ ردشده	d2d4 g8f6 c2c4 e7e6 g1f3 d7d5 b1c3 f8e7 c1g5 e8g8 e2e3 b8d7 a1c1 a7a6 c4c5 c7c6
D63	Queen's Gambit Declined: Orthodox Defense, Henneberger Variation	گامبی وزیرِ ردشده	d2d4 g8f6 c2c4 e7e6 g1f3 d7d5 b1c3 f8e7 c1g5 e8g8 e2e3 b8d7 a1c1 a7a6 c4c5 c7c6 f1d3
D63	Queen's Gambit Declined: Orthodox Defense, Main Line	گامبی وزیرِ ردشده	d2d4 g8f6 c2c4 e7e6 g1f3 d7d5 b1c3 f8e7 c1g5 e8g8 e2e3 b8d7 a1c1
D63	Queen's Gambit Declined: Orthodox Defense, Main Line	گامبی وزیرِ ردشده	d2d4 g8f6 c2c4 e7e6 g1f3 d7d5 b1c3 f8e7 c1g5 e8g8 e2e3 b8d7 a1c1 c7c6
D63	Queen's Gambit Declined: Orthodox Defense, Main Line	گامبی وزیرِ ردشده	d2d4 d7d5 c2c4 e7e6 b1c3 g8f6 c1g5 f8e7 e2e3 b8d7 g1f3 e8g8 a1c1 h7h6 g5h4 c7c5
D63	Queen's Gambit Declined: Orthodox Defense, Pillsbury Variation	گامبی وزیرِ ردشده	d2d4 g8f6 c2c4 e7e6 b1c3 d7d5 c1g5 f8e7 e2e3 e8g8 g1f3 b8d7 a1c1 b7b6 c4d5 e6d5 f1d3
D63	Queen's Gambit Declined: Orthodox Defense, Swiss, Carlsbad Variation	گامبی وزیرِ ردشده	d2d4 g8f6 c2c4 e7e6 g1f3 d7d5 b1c3 f8e7 c1g5 e8g8 e2e3 b8d7 a1c1 a7a6 c4d5
D64	Queen's Gambit Declined: Orthodox Defense, Rubinstein Attack	گامبی وزیرِ ردشده	d2d4 g8f6 c2c4 e7e6 b1c3 d7d5 g1f3 f8e7 c1g5 e8g8 e2e3 b8d7 a1c1 c7c6 a2a3 a7a6 d1c2
D64	Queen's Gambit Declined: Orthodox Defense, Rubinstein Attack	گامبی وزیرِ ردشده	d2d4 g8f6 c2c4 e7e6 g1f3 d7d5 b1c3 f8e7 c1g5 e8g8 e2e3 b8d7 a1c1 c7c6 d1c2
D64	Queen's Gambit Declined: Orthodox Defense, Rubinstein Attack	گامبی وزیرِ ردشده	d2d4 g8f6 c2c4 e7e6 g1f3 d7d5 b1c3 f8e7 c1g5 e8g8 e2e3 b8d7 a1c1 c7c6 d1c2 a7a6
D64	Queen's Gambit Declined: Orthodox Defense, Rubinstein Attack	گامبی وزیرِ ردشده	g1f3 d7d5 d2d4 g8f6 c2c4 e7e6 b1c3 f8e7 c1g5 e8g8 e2e3 b8d7 a1c1 c7c6 d1c2 f6e4
D65	Queen's Gambit Declined: Orthodox Defense, Rubinstein Attack	گامبی وزیرِ ردشده	d2d4 d7d5 g1f3 g8f6 c2c4 e7e6 b1c3 f8e7 c1g5 e8g8 e2e3 b8d7 a1c1 c7c6 d1c2 a7a6 c4d5
D65	Queen's Gambit Declined: Orthodox Defense, Rubinstein Attack	گامبی وزیرِ ردشده	d2d4 d7d5 g1f3 g8f6 c2c4 e7e6 b1c3 f8e7 c1g5 e8g8 e2e3 b8d7 a1c1 c7c6 d1c2 a7a6 c4d5 e6d5 f1d3
D66	Queen's Gambit Declined: Orthodox Defense, Bd3 Line	گامبی وزیرِ ردشده	d2d4 d7d5 c2c4 e7e6 b1c3 g8f6 c1g5 f8e7 e2e3 e8g8 g1f3 b8d7 a1c1 c7c6 f1d3
D66	Queen's Gambit Declined: Orthodox Defense, Bd3 Line	گامبی وزیرِ ردشده	d2d4 d7d5 c2c4 e7e6 b1c3 g8f6 c1g5 f8e7 e2e3 e8g8 g1f3 b8d7 a1c1 c7c6 f1d3 h7h6 g5h4
D66	Queen's Gambit Declined: Orthodox Defense, Fianchetto Variation	گامبی وزیرِ ردشده	d2d4 d7d5 c2c4 e7e6 b1c3 g8f6 c1g5 c7c6 g1f3 f8e7 e2e3 b8d7 a1c1 e8g8 f1d3 d5c4 d3c4 b7b5
D67	Queen's Gambit Declined: Orthodox Defense, Alekhine Variation	گامبی وزیرِ ردشده	d2d4 d7d5 c2c4 e7e6 b1c3 g8f6 c1g5 f8e7 e2e3 e8g8 g1f3 b8d7 a1c1 c7c6 f1d3 d5c4 d3c4 f6d5 g5e7 d8e7 c3e4
D67	Queen's Gambit Declined: Orthodox Defense, Bd3 Line	گامبی وزیرِ ردشده	d2d4 d7d5 c2c4 e7e6 b1c3 g8f6 c1g5 f8e7 e2e3 e8g8 g1f3 b8d7 a1c1 c7c6 f1d3 d5c4 d3c4 f6d5 g5e7 d8e7
D67	Queen's Gambit Declined: Orthodox Defense, Capablanca System	گامبی وزیرِ ردشده	d2d4 d7d5 c2c4 e7e6 b1c3 g8f6 c1g5 f8e7 e2e3 e8g8 g1f3 b8d7 a1c1 c7c6 f1d3 d5c4 d3c4 f6d5
D67	Queen's Gambit Declined: Orthodox Defense, Janowski Variation	گامبی وزیرِ ردشده	d2d4 d7d5 g1f3 g8f6 c2c4 e7e6 b1c3 f8e7 c1g5 e8g8 e2e3 b8d7 a1c1 c7c6 f1d3 d5c4 d3c4 f6d5 h2h4
D67	Queen's Gambit Declined: Orthodox Defense, Main Line	گامبی وزیرِ ردشده	d2d4 d7d5 c2c4 e7e6 b1c3 g8f6 c1g5 f8e7 e2e3 e8g8 g1f3 b8d7 a1c1 c7c6 f1d3 d5c4 d3c4 f6d5 g5e7 d8e7 e1g1
D68	Queen's Gambit Declined: Orthodox Defense, Classical Variation	گامبی وزیرِ ردشده	d2d4 d7d5 c2c4 e7e6 b1c3 g8f6 c1g5 f8e7 e2e3 e8g8 g1f3 b8d7 a1c1 c7c6 f1d3 d5c4 d3c4 f6d5 g5e7 d8e7 e1g1 d5c3 c1c3 e6e5
D68	Queen's Gambit Declined: Orthodox Defense, Classical Variation	گامبی وزیرِ ردشده	d2d4 d7d5 c2c4 e7e6 g1f3 g8f6 b1c3 f8e7 c1g5 e8g8 e2e3 b8d7 a1c1 c7c6 f1d3 d5c4 d3c4 f6d5 g5e7 d8e7 e1g1 d5c3 c1c3 e6e5 d1b1
D68	Queen's Gambit Declined: Orthodox Defense, Classical Variation	گامبی وزیرِ ردشده	d2d4 g8f6 c2c4 e7e6 g1f3 d7d5 b1c3 f8e7 c1g5 e8g8 e2e3 b8d7 a1c1 c7c6 f1d3 d5c4 d3c4 f6d5 g5e7 d8e7 e1g1 d5c3 c1c3 e6e5 d1c2
D69	Queen's Gambit Declined: Orthodox Defense, Classical Variation	گامبی وزیرِ ردشده	d2d4 d7d5 c2c4 e7e6 b1c3 g8f6 c1g5 f8e7 e2e3 e8g8 g1f3 b8d7 a1c1 c7c6 f1d3 d5c4 d3c4 f6d5 g5e7 d8e7 e1g1 d5c3 c1c3 e6e5 d4e5 d7e5 f3e5 e7e5
D70	Neo-Grünfeld Defense: Goglidze Attack	دفاع نئوگرونفلد	d2d4 g8f6 c2c4 g7g6 f2f3 d7d5
D70	Neo-Grünfeld Defense: with Nf3	دفاع نئوگرونفلد	d2d4 g8f6 c2c4 g7g6 g1f3 d7d5
D70	Neo-Grünfeld Defense: with g3	دفاع نئوگرونفلد	d2d4 g8f6 c2c4 g7g6 g2g3 d7d5
D71	Neo-Grünfeld Defense: Exchange Variation	دفاع نئوگرونفلد	d2d4 g8f6 c2c4 g7g6 g2g3 f8g7 f1g2 d7d5 c4d5 f6d5
D71	Neo-Grünfeld Defense: Exchange Variation	دفاع نئوگرونفلد	c2c4 g8f6 g2g3 g7g6 f1g2 f8g7 d2d4 d7d5 c4d5 f6d5 g1f3
D72	Neo-Grünfeld Defense: with g3	دفاع نئوگرونفلد	d2d4 g8f6 c2c4 g7g6 g2g3 d7d5 f1g2 f8g7 c4d5 f6d5 e2e4 d5b6 g1e2
D73	Neo-Grünfeld Defense: with g3	دفاع نئوگرونفلد	d2d4 g8f6 c2c4 g7g6 g2g3 d7d5 f1g2 f8g7 g1f3
D74	Neo-Grünfeld Defense: Delayed Exchange Variation	دفاع نئوگرونفلد	d2d4 g8f6 c2c4 g7g6 g1f3 f8g7 g2g3 e8g8 f1g2 d7d5 c4d5 f6d5 e1g1
D75	Neo-Grünfeld Defense: Delayed Exchange Variation	دفاع نئوگرونفلد	d2d4 g8f6 c2c4 g7g6 b1c3 f8g7 g1f3 e8g8 g2g3 d7d5 c4d5 f6d5 f1g2 c7c5 e1g1
D75	Neo-Grünfeld Defense: Delayed Exchange Variation	دفاع نئوگرونفلد	d2d4 g8f6 g1f3 g7g6 c2c4 f8g7 g2g3 e8g8 f1g2 d7d5 c4d5 f6d5 e1g1 c7c5 d4c5
D76	Neo-Grünfeld Defense: Delayed Exchange Variation	دفاع نئوگرونفلد	d2d4 g8f6 c2c4 g7g6 g1f3 f8g7 g2g3 e8g8 f1g2 d7d5 c4d5 f6d5 e1g1 d5b6
D77	Neo-Grünfeld Defense: Classical Variation	دفاع نئوگرونفلد	d2d4 g8f6 g1f3 g7g6 g2g3 f8g7 f1g2 e8g8 e1g1 d7d5 c2c4
D77	Neo-Grünfeld Defense: Classical Variation, Modern Defense	دفاع نئوگرونفلد	d2d4 g8f6 g1f3 g7g6 g2g3 f8g7 f1g2 e8g8 e1g1 d7d5 c2c4 d5c4
D77	Neo-Grünfeld Defense: Classical Variation, Polgar Variation	دفاع نئوگرونفلد	d2d4 g8f6 g1f3 g7g6 g2g3 f8g7 f1g2 e8g8 e1g1 d7d5 c2c4 b8c6
D78	Neo-Grünfeld Defense: Classical Variation, Original Defense	دفاع نئوگرونفلد	d2d4 g8f6 c2c4 g7g6 g1f3 f8g7 g2g3 e8g8 f1g2 c7c6 e1g1 d7d5
D79	Neo-Grünfeld Defense: Ultra-Delayed Exchange Variation	دفاع نئوگرونفلد	d2d4 g8f6 c2c4 g7g6 g1f3 f8g7 g2g3 e8g8 f1g2 c7c6 e1g1 d7d5 c4d5 c6d5
D80	Grünfeld Defense	دفاع گرونفلد	d2d4 g8f6 c2c4 g7g6 b1c3 d7d5
D80	Grünfeld Defense: Gibbon Gambit	دفاع گرونفلد	d2d4 g8f6 c2c4 g7g6 b1c3 d7d5 g2g4
D80	Grünfeld Defense: Lundin Variation	دفاع گرونفلد	d2d4 g8f6 c2c4 g7g6 b1c3 d7d5 c1g5 f6e4 c3e4 d5e4 d1d2 c7c5
D80	Grünfeld Defense: Lutikov Variation	دفاع گرونفلد	d2d4 g8f6 c2c4 g7g6 b1c3 d7d5 f2f3
D80	Grünfeld Defense: Lutikov Variation, Murrey Attack	دفاع گرونفلد	d2d4 g8f6 c2c4 g7g6 b1c3 d7d5 f2f3 c7c5 c4d5 f6d5 c3a4
D80	Grünfeld Defense: Stockholm Variation	دفاع گرونفلد	d2d4 g8f6 c2c4 g7g6 b1c3 d7d5 c1g5
D80	Grünfeld Defense: Zaitsev Gambit	دفاع گرونفلد	d2d4 g8f6 c2c4 g7g6 b1c3 d7d5 h2h4
D81	Grünfeld Defense: Russian Variation, Accelerated Variation	دفاع گرونفلد	d2d4 g8f6 c2c4 g7g6 b1c3 d7d5 d1b3
D82	Grünfeld Defense: Brinckmann Attack	دفاع گرونفلد	d2d4 g8f6 c2c4 g7g6 b1c3 d7d5 c1f4
D83	Grünfeld Defense: Brinckmann Attack, Grünfeld Gambit	دفاع گرونفلد	d2d4 g8f6 c2c4 g7g6 b1c3 d7d5 c1f4 f8g7 e2e3 e8g8
D83	Grünfeld Defense: Brinckmann Attack, Grünfeld Gambit, Botvinnik Variation	دفاع گرونفلد	d2d4 g8f6 c2c4 g7g6 b1c3 d7d5 c1f4 f8g7 e2e3 e8g8 a1c1 c7c5 d4c5 c8e6
D83	Grünfeld Defense: Brinckmann Attack, Grünfeld Gambit, Capablanca Variation	دفاع گرونفلد	d2d4 g8f6 c2c4 g7g6 b1c3 d7d5 c1f4 f8g7 e2e3 e8g8 a1c1
D83	Grünfeld Defense: Brinckmann Attack, Reshevsky Gambit	دفاع گرونفلد	d2d4 g8f6 c2c4 g7g6 b1c3 d7d5 c1f4 f8g7 a1c1 e8g8 e2e3 c7c5 d4c5 d8a5
D84	Grünfeld Defense: Brinckmann Attack, Grünfeld Gambit Accepted	دفاع گرونفلد	d2d4 g8f6 c2c4 g7g6 b1c3 d7d5 c1f4 f8g7 e2e3 e8g8 c4d5 f6d5 c3d5 d8d5 f4c7
D85	Grünfeld Defense: Exchange Variation	دفاع گرونفلد	d2d4 g8f6 c2c4 g7g6 b1c3 d7d5 c4d5 f6d5
D85	Grünfeld Defense: Exchange Variation, Modern Exchange Variation	دفاع گرونفلد	d2d4 g8f6 c2c4 g7g6 b1c3 d7d5 c4d5 f6d5 e2e4 d5c3 b2c3 f8g7 g1f3
D85	Grünfeld Defense: Exchange Variation, Modern Exchange Variation	دفاع گرونفلد	d2d4 g8f6 c2c4 g7g6 b1c3 d7d5 c4d5 f6d5 e2e4 d5c3 b2c3 f8g7 g1f3 c7c5
D85	Grünfeld Defense: Exchange Variation, Modern Exchange Variation	دفاع گرونفلد	d2d4 g8f6 g1f3 g7g6 c2c4 f8g7 b1c3 d7d5 c4d5 f6d5 e2e4 d5c3 b2c3 c7c5 a1b1
D85	Grünfeld Defense: Exchange Variation, Modern Exchange Variation, Kramnik's Line	دفاع گرونفلد	d2d4 g8f6 g1f3 g7g6 c2c4 f8g7 b1c3 d7d5 c4d5 f6d5 e2e4 d5c3 b2c3 c7c5 h2h3
D85	Grünfeld Defense: Exchange Variation, Modern Exchange Variation, Pawn Grab Line	دفاع گرونفلد	d2d4 g8f6 c2c4 g7g6 b1c3 d7d5 c4d5 f6d5 e2e4 d5c3 b2c3 f8g7 g1f3 c7c5 a1b1 e8g8 f1e2 b8c6 d4d5 g7c3
D85	Grünfeld Defense: Exchange Variation, Nadanian Attack	دفاع گرونفلد	d2d4 g8f6 c2c4 g7g6 b1c3 d7d5 c4d5 f6d5 c3a4
D86	Grünfeld Defense: Exchange Variation, Classical Variation	دفاع گرونفلد	d2d4 g8f6 c2c4 g7g6 b1c3 d7d5 c4d5 f6d5 e2e4 d5c3 b2c3 f8g7 f1c4
D86	Grünfeld Defense: Exchange Variation, Larsen Variation	دفاع گرونفلد	d2d4 g8f6 c2c4 g7g6 b1c3 d7d5 c4d5 f6d5 e2e4 d5c3 b2c3 f8g7 f1c4 e8g8 g1e2 d8d7
D86	Grünfeld Defense: Exchange Variation, Larsen Variation	دفاع گرونفلد	d2d4 g8f6 c2c4 g7g6 b1c3 d7d5 c4d5 f6d5 e2e4 d5c3 b2c3 f8g7 f1c4 e8g8 g1e2 d8d7 e1g1 b7b6
D86	Grünfeld Defense: Exchange Variation, Simagin's Improved Variation	دفاع گرونفلد	d2d4 g8f6 c2c4 g7g6 b1c3 d7d5 c4d5 f6d5 e2e4 d5c3 b2c3 f8g7 f1c4 e8g8 g1e2 b8c6
D86	Grünfeld Defense: Exchange Variation, Simagin's Lesser Variation	دفاع گرونفلد	d2d4 g8f6 c2c4 g7g6 b1c3 d7d5 c4d5 f6d5 e2e4 d5c3 b2c3 f8g7 f1c4 e8g8 g1e2 b7b6
D87	Grünfeld Defense: Exchange Variation, Seville Variation	دفاع گرونفلد	d2d4 g8f6 c2c4 g7g6 b1c3 d7d5 c4d5 f6d5 e2e4 d5c3 b2c3 f8g7 f1c4 c7c5 g1e2 b8c6 c1e3 e8g8 e1g1 c8g4 f2f3 c6a5 c4f7
D87	Grünfeld Defense: Exchange Variation, Spassky Variation	دفاع گرونفلد	d2d4 g8f6 c2c4 g7g6 b1c3 d7d5 c4d5 f6d5 e2e4 d5c3 b2c3 f8g7 f1c4 c7c5 g1e2 e8g8
D88	Grünfeld Defense: Exchange Variation, Spassky Variation	دفاع گرونفلد	d2d4 g8f6 c2c4 g7g6 b1c3 d7d5 c4d5 f6d5 e2e4 d5c3 b2c3 f8g7 f1c4 c7c5 g1e2 b8c6 c1e3 e8g8 e1g1 c5d4 c3d4
D89	Grünfeld Defense: Exchange Variation, Sokolsky Variation	دفاع گرونفلد	d2d4 g8f6 c2c4 g7g6 b1c3 d7d5 c4d5 f6d5 e2e4 d5c3 b2c3 f8g7 f1c4 c7c5 g1e2 e8g8 e1g1 b8c6 c1e3 c8g4 f2f3 c6a5 c4d3 c5d4 c3d4 g4e6 d4d5
D89	Grünfeld Defense: Exchange Variation, Spassky Variation	دفاع گرونفلد	d2d4 g8f6 c2c4 g7g6 b1c3 d7d5 c4d5 f6d5 e2e4 d5c3 b2c3 f8g7 f1c4 c7c5 g1e2 b8c6 c1e3 e8g8 e1g1 c8g4 f2f3 c6a5 c4d3 c5d4 c3d4 g4e6
D90	Grünfeld Defense: Flohr Variation	دفاع گرونفلد	d2d4 g8f6 c2c4 g7g6 b1c3 d7d5 g1f3 f8g7 d1a4
D90	Grünfeld Defense: Three Knights Variation	دفاع گرونفلد	d2d4 g8f6 c2c4 g7g6 b1c3 d7d5 g1f3
D90	Grünfeld Defense: Three Knights Variation	دفاع گرونفلد	d2d4 g8f6 c2c4 g7g6 b1c3 d7d5 g1f3 f8g7
D91	Grünfeld Defense: Three Knights Variation, Petrosian System	دفاع گرونفلد	d2d4 g8f6 c2c4 g7g6 b1c3 d7d5 g1f3 f8g7 c1g5
D92	Grünfeld Defense: Three Knights Variation, Hungarian Attack	دفاع گرونفلد	d2d4 g8f6 c2c4 g7g6 b1c3 d7d5 g1f3 f8g7 c1f4
D93	Grünfeld Defense: Three Knights Variation, Hungarian Variation	دفاع گرونفلد	d2d4 g8f6 c2c4 g7g6 b1c3 d7d5 g1f3 f8g7 c1f4 e8g8 e2e3
D94	Grünfeld Defense: Flohr Defense	دفاع گرونفلد	d2d4 d7d5 c2c4 c7c6 b1c3 g8f6 e2e3 g7g6 g1f3 f8g7 f1d3 e8g8 e1g1 c8f5
D94	Grünfeld Defense: Makogonov Variation	دفاع گرونفلد	d2d4 g8f6 c2c4 g7g6 b1c3 d7d5 g1f3 f8g7 e2e3 e8g8 b2b4
D94	Grünfeld Defense: Opocensky Variation	دفاع گرونفلد	d2d4 g8f6 c2c4 g7g6 b1c3 d7d5 g1f3 f8g7 e2e3 e8g8 c1d2
D94	Grünfeld Defense: Smyslov Defense	دفاع گرونفلد	d2d4 d7d5 c2c4 c7c6 b1c3 g8f6 e2e3 g7g6 g1f3 f8g7 f1d3 e8g8 e1g1 c8g4
D94	Grünfeld Defense: Three Knights Variation, Burille Variation	دفاع گرونفلد	d2d4 g8f6 c2c4 g7g6 b1c3 d7d5 g1f3 f8g7 e2e3
D94	Grünfeld Defense: Three Knights Variation, Paris Variation	دفاع گرونفلد	d2d4 g8f6 c2c4 g7g6 b1c3 d7d5 g1f3 f8g7 e2e3 e8g8 f1d3
D95	Grünfeld Defense: Botvinnik Variation	دفاع گرونفلد	d2d4 g8f6 c2c4 g7g6 b1c3 d7d5 g1f3 f8g7 e2e3 e8g8 d1b3 e7e6
D95	Grünfeld Defense: Pachman Variation	دفاع گرونفلد	d2d4 g8f6 c2c4 g7g6 b1c3 d7d5 e2e3 f8g7 d1b3 d5c4 f1c4 e8g8 g1f3 b8d7 f3g5
D95	Grünfeld Defense: Three Knights Variation, Vienna Variation	دفاع گرونفلد	d2d4 g8f6 c2c4 g7g6 b1c3 d7d5 g1f3 f8g7 e2e3 e8g8 d1b3
D96	Grünfeld Defense: Russian Variation	دفاع گرونفلد	d2d4 g8f6 c2c4 g7g6 b1c3 d7d5 g1f3 f8g7 d1b3
D97	Grünfeld Defense: Russian Variation	دفاع گرونفلد	d2d4 g8f6 c2c4 g7g6 b1c3 d7d5 g1f3 f8g7 d1b3 d5c4 b3c4 e8g8 e2e4
D97	Grünfeld Defense: Russian Variation, Byrne Variation	دفاع گرونفلد	d2d4 g8f6 c2c4 g7g6 b1c3 d7d5 g1f3 f8g7 d1b3 d5c4 b3c4 e8g8 e2e4 b8c6
D97	Grünfeld Defense: Russian Variation, Hungarian Variation	دفاع گرونفلد	d2d4 g8f6 c2c4 g7g6 b1c3 d7d5 g1f3 f8g7 d1b3 d5c4 b3c4 e8g8 e2e4 a7a6
D97	Grünfeld Defense: Russian Variation, Levenfish Variation	دفاع گرونفلد	d2d4 g8f6 c2c4 g7g6 b1c3 d7d5 g1f3 f8g7 d1b3 d5c4 b3c4 e8g8 e2e4 b7b6
D97	Grünfeld Defense: Russian Variation, Prins Variation	دفاع گرونفلد	d2d4 g8f6 c2c4 g7g6 b1c3 d7d5 g1f3 f8g7 d1b3 d5c4 b3c4 e8g8 e2e4 b8a6
D97	Grünfeld Defense: Russian Variation, Szabo Variation	دفاع گرونفلد	d2d4 g8f6 c2c4 g7g6 b1c3 d7d5 g1f3 f8g7 d1b3 d5c4 b3c4 e8g8 e2e4 c7c6
D98	Grünfeld Defense: Russian Variation, Keres Variation	دفاع گرونفلد	d2d4 g8f6 c2c4 g7g6 b1c3 d7d5 g1f3 f8g7 d1b3 d5c4 b3c4 e8g8 e2e4 c8g4 c1e3 f6d7 f1e2 d7b6 c4d3 b8c6 e1c1
D98	Grünfeld Defense: Russian Variation, Smyslov Variation	دفاع گرونفلد	d2d4 g8f6 c2c4 g7g6 b1c3 d7d5 g1f3 f8g7 d1b3 d5c4 b3c4 e8g8 e2e4 c8g4
D99	Grünfeld Defense: Russian Variation, Smyslov Variation	دفاع گرونفلد	d2d4 g8f6 c2c4 g7g6 b1c3 d7d5 g1f3 f8g7 d1b3 d5c4 b3c4 e8g8 e2e4 c8g4 c1e3 f6d7 c4b3
D99	Grünfeld Defense: Russian Variation, Yugoslav Variation	دفاع گرونفلد	d2d4 g8f6 c2c4 g7g6 b1c3 d7d5 g1f3 f8g7 d1b3 d5c4 b3c4 e8g8 e2e4 c8g4 c1e3 f6d7 c4b3 c7c5
E00	Catalan Opening	گشایش کاتالان	d2d4 g8f6 c2c4 e7e6 g2g3
E00	Catalan Opening	گشایش کاتالان	d2d4 g8f6 c2c4 e7e6 g2g3 d7d5
E00	Catalan Opening: Hungarian Gambit	گشایش کاتالان	d2d4 g8f6 c2c4 e7e6 g2g3 e6e5
E00	Indian Defense	دفاع هندی	d2d4 g8f6 c2c4 e7e6 d1b3
E00	Indian Defense: Devin Gambit	دفاع هندی	d2d4 g8f6 c2c4 e7e6 g2g4
E00	Indian Defense: Seirawan Attack	دفاع هندی	d2d4 g8f6 c2c4 e7e6 c1g5
E01	Catalan Opening: Open Defense	گشایش کاتالان	d2d4 g8f6 c2c4 e7e6 g2g3 d7d5 f1g2
E01	Catalan Opening: Tarrasch Defense	گشایش کاتالان	d2d4 g8f6 c2c4 e7e6 g2g3 d7d5 f1g2 c7c5 g1f3 b8c6
E02	Catalan Opening: Open Defense	گشایش کاتالان	d2d4 g8f6 c2c4 e7e6 g2g3 d7d5 f1g2 d5c4
E03	Catalan Opening: Open Defense	گشایش کاتالان	d2d4 g8f6 c2c4 e7e6 g2g3 d7d5 f1g2 d5c4 d1a4 b8d7 a4c4
E03	Catalan Opening: Open Defense, Alekhine Variation	گشایش کاتالان	d2d4 g8f6 c2c4 e7e6 g2g3 d7d5 f1g2 d5c4 d1a4 b8d7 a4c4 a7a6 c4c2
E04	Catalan Opening: Open Defense	گشایش کاتالان	d2d4 g8f6 c2c4 e7e6 g2g3 d7d5 f1g2 d5c4 g1f3
E04	Catalan Opening: Open Defense	گشایش کاتالان	d2d4 g8f6 c2c4 e7e6 g1f3 d7d5 g2g3 c7c6 f1g2 d5c4
E04	Catalan Opening: Open Defense, Modern Sharp Variation	گشایش کاتالان	d2d4 g8f6 c2c4 e7e6 g2g3 d7d5 f1g2 d5c4 g1f3 b8c6 d1a4 f8b4
E05	Catalan Opening: Open Defense, Classical Line	گشایش کاتالان	d2d4 g8f6 c2c4 e7e6 g2g3 d7d5 f1g2 d5c4 g1f3 f8e7
E05	Catalan Opening: Open Defense, Classical Line	گشایش کاتالان	d2d4 g8f6 c2c4 e7e6 g1f3 d7d5 g2g3 f8e7 f1g2 e8g8 e1g1 d5c4
E06	Catalan Opening: Closed	گشایش کاتالان	d2d4 g8f6 c2c4 e7e6 g2g3 d7d5 f1g2 f8e7 g1f3
E06	Catalan Opening: Closed	گشایش کاتالان	c2c4 e7e6 g1f3 d7d5 g2g3 g8f6 f1g2 f8e7 d2d4 e8g8 e1g1 c7c6
E06	Catalan Opening: Closed	گشایش کاتالان	d2d4 g8f6 c2c4 e7e6 g1f3 d7d5 g2g3 f8b4 c1d2 b4e7 f1g2 e8g8 e1g1 c7c6 d2f4 b7b6
E06	Catalan Opening: Closed	گشایش کاتالان	d2d4 g8f6 c2c4 e7e6 g2g3 d7d5 f1g2 f8e7 g1f3 e8g8 e1g1 c7c6 d1c2 b7b6 b1d2 c8b7 e2e4 b8a6
E07	Catalan Opening: Closed	گشایش کاتالان	d2d4 g8f6 c2c4 e7e6 g2g3 d7d5 f1g2 f8e7 g1f3 e8g8 e1g1 b8d7
E07	Catalan Opening: Closed, Botvinnik Variation	گشایش کاتالان	d2d4 g8f6 c2c4 e7e6 g2g3 d7d5 f1g2 f8e7 g1f3 e8g8 e1g1 b8d7 b1c3 c7c6 d1d3
E08	Catalan Opening: Closed	گشایش کاتالان	d2d4 g8f6 c2c4 e7e6 g2g3 d7d5 f1g2 f8e7 g1f3 e8g8 e1g1 b8d7 d1c2
E08	Catalan Opening: Closed	گشایش کاتالان	d2d4 g8f6 c2c4 e7e6 g2g3 d7d5 f1g2 f8e7 g1f3 e8g8 e1g1 b8d7 d1c2 c7c6 b2b3
E08	Catalan Opening: Closed	گشایش کاتالان	d2d4 g8f6 c2c4 e7e6 g2g3 d7d5 f1g2 f8e7 g1f3 e8g8 e1g1 b8d7 d1c2 c7c6 b2b3 b7b6
E08	Catalan Opening: Closed	گشایش کاتالان	d2d4 g8f6 c2c4 e7e6 g2g3 d7d5 f1g2 f8e7 g1f3 e8g8 e1g1 c7c6 d1c2 b7b6 f1d1 b8d7 c1f4
E08	Catalan Opening: Closed	گشایش کاتالان	d2d4 g8f6 c2c4 e7e6 g2g3 d7d5 f1g2 f8e7 g1f3 e8g8 e1g1 b8d7 d1c2 c7c6 c1f4 b7b6 b1d2 c8b7 e2e4
E08	Catalan Opening: Closed, Spassky Gambit	گشایش کاتالان	d2d4 g8f6 c2c4 e7e6 g2g3 f8e7 f1g2 d7d5 g1f3 e8g8 e1g1 b8d7 d1c2 c7c6 b2b3 b7b6 f1d1 c8b7 b1c3 b6b5
E08	Catalan Opening: Closed, Zagoryansky Variation	گشایش کاتالان	d2d4 e7e6 c2c4 g8f6 g1f3 d7d5 g2g3 f8e7 f1g2 e8g8 e1g1 b8d7 d1c2 c7c6 f1d1 b7b6 a2a4
E09	Catalan Opening: Closed Variation, Rabinovich Variation	گشایش کاتالان	d2d4 d7d5 c2c4 c7c6 g1f3 g8f6 d1c2 e7e6 b1d2 f8e7 g2g3 b8d7 f1g2 e8g8 e1g1 b7b5
E09	Catalan Opening: Closed Variation, Traditional Variation	گشایش کاتالان	d2d4 g8f6 c2c4 e7e6 g1f3 d7d5 g2g3 f8e7 f1g2 e8g8 e1g1 b8d7 d1c2 c7c6 b1d2 b7b6
E09	Catalan Opening: Closed, Main Line	گشایش کاتالان	d2d4 g8f6 c2c4 e7e6 g1f3 d7d5 g2g3 f8e7 f1g2 e8g8 e1g1 b8d7 d1c2 c7c6 b1d2
E09	Catalan Opening: Closed, Main Line	گشایش کاتالان	d2d4 g8f6 c2c4 e7e6 g1f3 d7d5 g2g3 f8e7 f1g2 e8g8 e1g1 c7c6 d1c2 b7b6 b1d2 c8b7 e2e4 b8d7
E09	Catalan Opening: Closed, Main Line	گشایش کاتالان	d2d4 g8f6 c2c4 e7e6 g1f3 d7d5 g2g3 f8e7 f1g2 e8g8 e1g1 b8d7 d1c2 c7c6 c1f4 b7b6 b1d2 c8b7 e2e4 d5e4 d2e4 f6e4 c2e4
E09	Catalan Opening: Closed, Sokolsky Variation	گشایش کاتالان	d2d4 g8f6 c2c4 e7e6 g2g3 d7d5 f1g2 f8e7 g1f3 e8g8 e1g1 b8d7 d1c2 c7c6 b1d2 b7b6 b2b3 a7a5 c1b2 c8a6
E10	Blumenfeld Countergambit	ضدگامبی بلومنفلد	d2d4 g8f6 c2c4 e7e6 g1f3 c7c5 d4d5 b7b5
E10	Blumenfeld Countergambit Accepted	ضدگامبی بلومنفلدِ پذیرفته	d2d4 g8f6 c2c4 e7e6 g1f3 c7c5 d4d5 b7b5 d5e6 f7e6 c4b5 d7d5
E10	Blumenfeld Countergambit: Duz-Khotimirsky Variation	ضدگامبی بلومنفلد	d2d4 g8f6 c2c4 e7e6 g1f3 c7c5 d4d5 b7b5 c1g5
E10	Blumenfeld Countergambit: Spielmann Variation	ضدگامبی بلومنفلد	d2d4 g8f6 c2c4 e7e6 g1f3 c7c5 d4d5 b7b5 c1g5 e6d5 c4d5 h7h6
E10	Indian Defense: Anti-Nimzo-Indian	دفاع هندی	d2d4 g8f6 c2c4 e7e6 g1f3
E10	Indian Defense: Dzindzi-Indian Defense	دفاع هندی	d2d4 g8f6 c2c4 e7e6 g1f3 a7a6
E10	Indian Defense: Döry Indian	دفاع هندی	d2d4 g8f6 c2c4 e7e6 g1f3 f6e4
E11	Bogo-Indian Defense	دفاع بوگو-هندی	d2d4 g8f6 c2c4 e7e6 g1f3 f8b4
E11	Bogo-Indian Defense: Exchange Variation	دفاع بوگو-هندی	d2d4 g8f6 c2c4 e7e6 g1f3 f8b4 c1d2 b4d2
E11	Bogo-Indian Defense: Grünfeld Variation	دفاع بوگو-هندی	d2d4 g8f6 c2c4 e7e6 g1f3 f8b4 b1d2
E11	Bogo-Indian Defense: Haiti Variation	دفاع بوگو-هندی	d2d4 g8f6 c2c4 e7e6 g1f3 f8b4 c1d2 b8c6
E11	Bogo-Indian Defense: Monticelli Trap	دفاع بوگو-هندی	d2d4 g8f6 c2c4 e7e6 g1f3 b7b6 g2g3 c8b7 f1g2 f8b4 c1d2 b4d2 d1d2 e8g8 b1c3 f6e4 d2c2 e4c3 f3g5
E11	Bogo-Indian Defense: New England Variation	دفاع بوگو-هندی	d2d4 g8f6 c2c4 e7e6 g1f3 f8b4 f3d2
E11	Bogo-Indian Defense: Nimzowitsch Variation	دفاع بوگو-هندی	d2d4 g8f6 c2c4 e7e6 g1f3 f8b4 c1d2 d8e7
E11	Bogo-Indian Defense: Retreat Variation	دفاع بوگو-هندی	d2d4 g8f6 c2c4 e7e6 g1f3 f8b4 c1d2 b4e7
E11	Bogo-Indian Defense: Retreat Variation	دفاع بوگو-هندی	d2d4 g8f6 c2c4 e7e6 g2g3 f8b4 c1d2 b4e7 f1g2 d7d5 g1f3
E11	Bogo-Indian Defense: Retreat Variation	دفاع بوگو-هندی	d2d4 g8f6 c2c4 e7e6 g2g3 f8b4 c1d2 b4e7 f1g2 d7d5 g1f3 e8g8
E11	Bogo-Indian Defense: Retreat Variation	دفاع بوگو-هندی	d2d4 g8f6 c2c4 e7e6 g2g3 f8b4 c1d2 b4e7 f1g2 d7d5 g1f3 e8g8 e1g1
E11	Bogo-Indian Defense: Retreat Variation	دفاع بوگو-هندی	d2d4 g8f6 c2c4 e7e6 g2g3 f8b4 c1d2 b4e7 f1g2 d7d5 g1f3 e8g8 d1c2 c7c6 e1g1
E11	Bogo-Indian Defense: Retreat Variation	دفاع بوگو-هندی	d2d4 g8f6 c2c4 e7e6 g2g3 f8b4 c1d2 b4e7 f1g2 d7d5 g1f3 b8d7 e1g1 e8g8 d1c2 c7c6
E11	Bogo-Indian Defense: Retreat Variation	دفاع بوگو-هندی	d2d4 g8f6 c2c4 e7e6 g2g3 f8b4 c1d2 b4e7 f1g2 d7d5 g1f3 b8d7 e1g1 e8g8 d1c2 c7c6 b2b3
E11	Bogo-Indian Defense: Retreat Variation	دفاع بوگو-هندی	d2d4 g8f6 c2c4 e7e6 g2g3 f8b4 c1d2 b4e7 f1g2 d7d5 g1f3 b8d7 e1g1 e8g8 d1c2 c7c6 f1c1
E11	Bogo-Indian Defense: Retreat Variation	دفاع بوگو-هندی	d2d4 g8f6 c2c4 e7e6 g2g3 f8b4 c1d2 b4e7 f1g2 d7d5 g1f3 b8d7 e1g1 e8g8 d1c2 c7c6 f1d1
E11	Bogo-Indian Defense: Retreat Variation	دفاع بوگو-هندی	d2d4 g8f6 c2c4 e7e6 g2g3 f8b4 c1d2 b4e7 f1g2 d7d5 g1f3 b8d7 e1g1 e8g8 d1c2 c7c6 f1d1 h7h6
E11	Bogo-Indian Defense: Retreat Variation	دفاع بوگو-هندی	d2d4 g8f6 c2c4 e7e6 g1f3 d7d5 g2g3 f8b4 c1d2 b4e7 f1g2 e8g8 e1g1 c7c6 d1c2 b8d7 d2f4 b7b6 b1d2
E11	Bogo-Indian Defense: Retreat Variation	دفاع بوگو-هندی	d2d4 g8f6 c2c4 e7e6 g1f3 d7d5 g2g3 f8b4 c1d2 b4e7 f1g2 e8g8 e1g1 c7c6 d1c2 b8d7 d2f4 b7b6 b1d2 c8a6
E11	Bogo-Indian Defense: Vitolins Variation	دفاع بوگو-هندی	d2d4 g8f6 c2c4 e7e6 g1f3 f8b4 c1d2 c7c5
E11	Bogo-Indian Defense: Wade-Smyslov Variation	دفاع بوگو-هندی	d2d4 g8f6 c2c4 e7e6 g1f3 f8b4 c1d2 a7a5
E12	Queen's Indian Defense	دفاع هندی وزیر	d2d4 g8f6 c2c4 e7e6 g1f3 b7b6
E12	Queen's Indian Defense: Kasparov Variation	دفاع هندی وزیر	d2d4 g8f6 c2c4 e7e6 g1f3 b7b6 b1c3
E12	Queen's Indian Defense: Kasparov Variation, Botvinnik Attack	دفاع هندی وزیر	d2d4 g8f6 c2c4 e7e6 g1f3 b7b6 b1c3 c8b7 c1g5 h7h6 g5h4 g7g5 h4g3 f6h5
E12	Queen's Indian Defense: Kasparov-Petrosian Variation	دفاع هندی وزیر	d2d4 g8f6 c2c4 e7e6 g1f3 b7b6 a2a3 c8b7 b1c3
E12	Queen's Indian Defense: Kasparov-Petrosian Variation, Andersson Variation	دفاع هندی وزیر	d2d4 g8f6 c2c4 e7e6 g1f3 b7b6 a2a3 c8b7 b1c3 f6e4
E12	Queen's Indian Defense: Kasparov-Petrosian Variation, Classical Variation	دفاع هندی وزیر	d2d4 g8f6 c2c4 e7e6 g1f3 b7b6 a2a3 c8b7 b1c3 d7d5 c4d5 e6d5
E12	Queen's Indian Defense: Kasparov-Petrosian Variation, Hedgehog Variation	دفاع هندی وزیر	d2d4 g8f6 c2c4 e7e6 g1f3 b7b6 a2a3 c8b7 b1c3 g7g6
E12	Queen's Indian Defense: Kasparov-Petrosian Variation, Kasparov Attack	دفاع هندی وزیر	d2d4 g8f6 c2c4 e7e6 g1f3 b7b6 a2a3 c8b7 b1c3 d7d5 c4d5 f6d5 d1c2
E12	Queen's Indian Defense: Kasparov-Petrosian Variation, Main Line	دفاع هندی وزیر	d2d4 g8f6 c2c4 e7e6 g1f3 b7b6 a2a3 c8b7 b1c3 d7d5
E12	Queen's Indian Defense: Kasparov-Petrosian Variation, Marco Defense	دفاع هندی وزیر	d2d4 g8f6 c2c4 e7e6 g1f3 b7b6 a2a3 c8b7 b1c3 f8e7
E12	Queen's Indian Defense: Kasparov-Petrosian Variation, Modern Variation	دفاع هندی وزیر	d2d4 g8f6 c2c4 e7e6 g1f3 b7b6 a2a3 c8b7 b1c3 d7d5 c4d5 f6d5
E12	Queen's Indian Defense: Kasparov-Petrosian Variation, Petrosian Attack	دفاع هندی وزیر	d2d4 g8f6 c2c4 e7e6 g1f3 b7b6 a2a3 c8b7 b1c3 d7d5 c4d5 f6d5 e2e3
E12	Queen's Indian Defense: Kasparov-Petrosian Variation, Polovodin Gambit	دفاع هندی وزیر	d2d4 g8f6 c2c4 e7e6 g1f3 b7b6 b1c3 c8b7 a2a3 d7d5 c4d5 f6d5 e2e4
E12	Queen's Indian Defense: Kasparov-Petrosian Variation, Rashkovsky Attack	دفاع هندی وزیر	d2d4 g8f6 c2c4 e7e6 g1f3 b7b6 a2a3 c8b7 b1c3 d7d5 c4d5 f6d5 d1a4
E12	Queen's Indian Defense: Kasparov-Petrosian Variation, Romanishin Attack	دفاع هندی وزیر	d2d4 g8f6 c2c4 e7e6 g1f3 b7b6 a2a3 c8b7 b1c3 d7d5 c4d5 f6d5 c1d2
E12	Queen's Indian Defense: Miles Variation	دفاع هندی وزیر	d2d4 g8f6 c2c4 e7e6 g1f3 b7b6 c1f4
E12	Queen's Indian Defense: Petrosian Variation	دفاع هندی وزیر	d2d4 g8f6 c2c4 e7e6 g1f3 b7b6 a2a3
E12	Queen's Indian Defense: Petrosian Variation, Farago Defense	دفاع هندی وزیر	d2d4 g8f6 c2c4 e7e6 g1f3 b7b6 a2a3 c8a6 d1c2 a6b7
E13	Queen's Indian Defense: Kasparov Variation	دفاع هندی وزیر	d2d4 g8f6 c2c4 e7e6 g1f3 b7b6 b1c3 f8b4 c1g5 h7h6 g5h4 c8b7
E14	Queen's Indian Defense, with e3	دفاع هندی وزیر، با e3	d2d4 g8f6 g1f3 e7e6 e2e3 b7b6 f1d3 c8b7 e1g1 c7c5 c2c4
E14	Queen's Indian Defense, with e3	دفاع هندی وزیر، با e3	d2d4 g8f6 g1f3 e7e6 e2e3 b7b6 f1d3 c8b7 e1g1 c7c5 c2c4 f8e7
E14	Queen's Indian Defense, with e3	دفاع هندی وزیر، با e3	d2d4 g8f6 g1f3 e7e6 e2e3 b7b6 f1d3 c8b7 e1g1 c7c5 c2c4 g7g6
E14	Queen's Indian Defense, with e3	دفاع هندی وزیر، با e3	d2d4 g8f6 g1f3 e7e6 e2e3 b7b6 f1d3 c8b7 e1g1 f8e7 c2c4 e8g8 b1c3
E14	Queen's Indian Defense, with e3	دفاع هندی وزیر، با e3	d2d4 g8f6 g1f3 e7e6 e2e3 b7b6 f1d3 c8b7 b1d2 c7c5 b2b3 f8e7 c1b2 d7d6 e1g1 e8g8 c2c4
E14	Queen's Indian Defense, with e3	دفاع هندی وزیر، با e3	d2d4 g8f6 c2c4 e7e6 g1f3 d7d5 e2e3 b7b6 b1c3 c8b7
E14	Queen's Indian Defense, with e3	دفاع هندی وزیر، با e3	d2d4 g8f6 c2c4 e7e6 g1f3 d7d5 e2e3 b7b6 b1c3 f8d6 f1d3
E14	Queen's Indian Defense, with e3	دفاع هندی وزیر، با e3	d2d4 g8f6 c2c4 e7e6 g1f3 d7d5 e2e3 b7b6 b1c3 f8d6 f1d3 e8g8 e1g1 c8b7
E14	Queen's Indian Defense, with e3	دفاع هندی وزیر، با e3	d2d4 g8f6 c2c4 e7e6 g1f3 d7d5 e2e3 f8e7 b1c3 e8g8 b2b3 b7b6
E14	Queen's Indian Defense, with e3	دفاع هندی وزیر، با e3	d2d4 g8f6 c2c4 e7e6 g1f3 d7d5 e2e3 f8e7 b2b3 e8g8 f1d3 b7b6
E14	Queen's Indian Defense, with e3	دفاع هندی وزیر، با e3	d2d4 g8f6 c2c4 e7e6 g1f3 d7d5 e2e3 f8e7 b2b3 e8g8 c1b2 b7b6 b1d2 c8b7 f1d3
E14	Queen's Indian Defense, with e3	دفاع هندی وزیر، با e3	d2d4 g8f6 c2c4 e7e6 g1f3 f8b4 b1d2 b7b6 a2a3 b4d2 d1d2 c8b7 e2e3
E14	Queen's Indian Defense, with e3	دفاع هندی وزیر، با e3	g1f3 d7d5 e2e3 g8f6 c2c4 e7e6 b1c3 f8e7 d2d4 e8g8 b2b3 b7b6 c4d5 e6d5 c1b2 c8b7 f1d3
E14	Queen's Indian Defense, with e3	دفاع هندی وزیر، با e3	d2d4 g8f6 g1f3 d7d5 c2c4 e7e6 e2e3 b7b6 b2b3 c8b7 f1d3 b8d7 e1g1 f8d6 c1b2 e8g8 b1d2
E14	Queen's Indian Defense, with e3, Bb4+ Line	دفاع هندی وزیر، با e3، خط Bb4+	d2d4 g8f6 c2c4 e7e6 g1f3 f8b4 b1d2 b7b6 e2e3 c8b7
E14	Queen's Indian Defense: Averbakh Variation	دفاع هندی وزیر	d2d4 g8f6 c2c4 e7e6 g1f3 b7b6 e2e3 c8b7 f1d3 c7c5 e1g1 f8e7 b2b3 e8g8 c1b2 c5d4 f3d4
E14	Queen's Indian Defense: Spassky System	دفاع هندی وزیر	d2d4 g8f6 c2c4 e7e6 g1f3 b7b6 e2e3
E14	Queen's Indian Defense: Spassky System	دفاع هندی وزیر	d2d4 g8f6 c2c4 e7e6 g1f3 b7b6 e2e3 c8b7
E14	Queen's Indian Defense: Spassky System	دفاع هندی وزیر	d2d4 g8f6 c2c4 e7e6 g1f3 b7b6 e2e3 c8b7 f1d3
E14	Queen's Indian Defense: Spassky System	دفاع هندی وزیر	d2d4 g8f6 c2c4 e7e6 g1f3 b7b6 e2e3 c8b7 f1d3 d7d5
E14	Queen's Indian Defense: Spassky System3	دفاع هندی وزیر	d2d4 g8f6 c2c4 e7e6 g1f3 b7b6 e2e3 c8b7 f1d3 c7c5
E14	Queen's Indian Defense: Spassky System3	دفاع هندی وزیر	d2d4 g8f6 c2c4 e7e6 g1f3 b7b6 e2e3 c8b7 f1d3 c7c5 b1c3 c5d4 e3d4 f8e7 e1g1 d7d5 c4d5 f6d5
E15	Queen's Indian Defense: Buerger Variation	دفاع هندی وزیر	d2d4 g8f6 c2c4 e7e6 g1f3 b7b6 g2g3 c8b7 f1g2 c7c5 d4d5 e6d5 f3g5
E15	Queen's Indian Defense: Fianchetto Variation	دفاع هندی وزیر	d2d4 g8f6 c2c4 e7e6 g1f3 b7b6 g2g3
E15	Queen's Indian Defense: Fianchetto Variation, Check Variation	دفاع هندی وزیر	d2d4 g8f6 c2c4 e7e6 g1f3 b7b6 g2g3 c8a6 b2b3 f8b4
E15	Queen's Indian Defense: Fianchetto Variation, Check Variation, Intermezzo Line	دفاع هندی وزیر	d2d4 g8f6 c2c4 e7e6 g1f3 b7b6 g2g3 c8a6 b2b3 f8b4 c1d2 b4e7
E15	Queen's Indian Defense: Fianchetto Variation, Check Variation, Modern Line	دفاع هندی وزیر	d2d4 g8f6 c2c4 e7e6 g1f3 b7b6 g2g3 c8a6 b2b3 f8b4 c1d2 d8e7
E15	Queen's Indian Defense: Fianchetto Variation, Nimzowitsch Variation	دفاع هندی وزیر	d2d4 g8f6 c2c4 e7e6 g1f3 b7b6 g2g3 c8a6
E15	Queen's Indian Defense: Fianchetto Variation, Nimzowitsch Variation, Nimzowitsch Attack	دفاع هندی وزیر	d2d4 g8f6 c2c4 e7e6 g1f3 b7b6 g2g3 c8a6 d1a4
E15	Queen's Indian Defense: Fianchetto Variation, Nimzowitsch Variation, Quiet Line	دفاع هندی وزیر	d2d4 g8f6 c2c4 e7e6 g1f3 b7b6 g2g3 c8a6 b2b3
E15	Queen's Indian Defense: Fianchetto Variation, Nimzowitsch Variation, Timman's Line	دفاع هندی وزیر	d2d4 g8f6 c2c4 e7e6 g1f3 b7b6 g2g3 c8a6 d1b3
E15	Queen's Indian Defense: Fianchetto Variation, Rubinstein Variation	دفاع هندی وزیر	d2d4 g8f6 c2c4 e7e6 g1f3 b7b6 g2g3 c8b7 f1g2 c7c5 d4d5 e6d5 f3h4
E15	Queen's Indian Defense: Fianchetto Variation, Sämisch Variation	دفاع هندی وزیر	d2d4 g8f6 c2c4 e7e6 g1f3 b7b6 g2g3 c8b7 f1g2 c7c5
E15	Queen's Indian Defense: Fianchetto Variation, Traditional Line	دفاع هندی وزیر	d2d4 g8f6 c2c4 e7e6 g1f3 b7b6 g2g3 c8b7
E16	Queen's Indian Defense: Capablanca Variation	دفاع هندی وزیر	d2d4 g8f6 c2c4 e7e6 g1f3 b7b6 g2g3 c8b7 f1g2 f8b4
E16	Queen's Indian Defense: Capablanca Variation	دفاع هندی وزیر	d2d4 g8f6 c2c4 e7e6 g1f3 b7b6 g2g3 c8b7 f1g2 f8b4 b1d2 e8g8 e1g1
E16	Queen's Indian Defense: Capablanca Variation	دفاع هندی وزیر	d2d4 g8f6 c2c4 e7e6 g1f3 b7b6 g2g3 c8b7 f1g2 f8b4 b1d2 e8g8 e1g1 d7d5
E16	Queen's Indian Defense: Capablanca Variation	دفاع هندی وزیر	d2d4 g8f6 c2c4 e7e6 g1f3 b7b6 g2g3 c8b7 f1g2 f8b4 b1d2 e8g8 e1g1 a7a5
E16	Queen's Indian Defense: Riumin Variation	دفاع هندی وزیر	d2d4 g8f6 c2c4 e7e6 g1f3 b7b6 g2g3 c8b7 f1g2 f8b4 c1d2 b4e7
E16	Queen's Indian Defense: Riumin Variation	دفاع هندی وزیر	d2d4 g8f6 c2c4 e7e6 g1f3 b7b6 g2g3 c8b7 f1g2 f8b4 c1d2 b4e7 e1g1 e8g8 b1c3
E16	Queen's Indian Defense: Riumin Variation	دفاع هندی وزیر	d2d4 g8f6 c2c4 e7e6 g1f3 b7b6 g2g3 c8b7 f1g2 f8b4 c1d2 b4e7 e1g1 e8g8 b1c3 d7d5
E16	Queen's Indian Defense: Yates Variation	دفاع هندی وزیر	d2d4 g8f6 c2c4 e7e6 g1f3 f8b4 c1d2 a7a5 g2g3 b7b6 f1g2 c8b7
E17	Queen's Indian Defense: Anti-Queen's Indian System	دفاع هندی وزیر	d2d4 g8f6 c2c4 e7e6 g1f3 b7b6 g2g3 c8b7 f1g2 f8e7 b1c3
E17	Queen's Indian Defense: Classical Variation	دفاع هندی وزیر	d2d4 g8f6 c2c4 e7e6 g1f3 b7b6 g2g3 c8b7 f1g2 f8e7 e1g1
E17	Queen's Indian Defense: Classical Variation, Polugaevsky Gambit	دفاع هندی وزیر	d2d4 g8f6 c2c4 e7e6 g1f3 b7b6 g2g3 c8b7 f1g2 f8e7 e1g1 e8g8 d4d5 e6d5 f3h4
E17	Queen's Indian Defense: Classical Variation, Taimanov Gambit	دفاع هندی وزیر	d2d4 g8f6 c2c4 e7e6 g1f3 b7b6 g2g3 c8b7 f1g2 f8e7 e1g1 e8g8 d4d5 e6d5 f3d4
E17	Queen's Indian Defense: Euwe Variation	دفاع هندی وزیر	d2d4 g8f6 c2c4 e7e6 g1f3 b7b6 g2g3 c8b7 f1g2 f8e7 e1g1 e8g8 b2b3
E17	Queen's Indian Defense: Fianchetto Variation, Kramnik Variation	دفاع هندی وزیر	d2d4 g8f6 c2c4 e7e6 g1f3 b7b6 g2g3 c8b7 f1g2 f8e7 e1g1 e8g8 f1e1
E17	Queen's Indian Defense: Opocensky Variation	دفاع هندی وزیر	d2d4 g8f6 c2c4 e7e6 g1f3 b7b6 g2g3 c8b7 f1g2 f8e7 b1c3 f6e4 c1d2
E17	Queen's Indian Defense: Traditional Variation	دفاع هندی وزیر	d2d4 g8f6 c2c4 e7e6 g1f3 b7b6 g2g3 c8b7 f1g2 f8e7
E18	Queen's Indian Defense: Classical Variation, Tiviakov Defense	دفاع هندی وزیر	d2d4 g8f6 c2c4 e7e6 g1f3 b7b6 g2g3 c8b7 f1g2 f8e7 e1g1 e8g8 b1c3 b8a6
E18	Queen's Indian Defense: Classical Variation, Traditional Variation	دفاع هندی وزیر	d2d4 g8f6 c2c4 e7e6 g1f3 b7b6 g2g3 c8b7 f1g2 f8e7 e1g1 e8g8 b1c3
E18	Queen's Indian Defense: Classical Variation, Traditional Variation, Nimzowitsch Line	دفاع هندی وزیر	d2d4 g8f6 c2c4 e7e6 g1f3 b7b6 g2g3 c8b7 f1g2 f8e7 e1g1 e8g8 b1c3 d7d5
E19	Queen's Indian Defense: Classical Variation, Traditional Variation, Main Line	دفاع هندی وزیر	d2d4 g8f6 c2c4 e7e6 g1f3 b7b6 g2g3 c8b7 f1g2 f8e7 e1g1 e8g8 b1c3 f6e4 d1c2 e4c3 c2c3
E20	Nimzo-Indian Defense	دفاع نیمزو-هندی	d2d4 g8f6 c2c4 e7e6 b1c3 f8b4
E20	Nimzo-Indian Defense: Dilworth Gambit	دفاع نیمزو-هندی	d2d4 g8f6 c2c4 e7e6 b1c3 f8b4 e2e4
E20	Nimzo-Indian Defense: Kmoch Variation	دفاع نیمزو-هندی	d2d4 g8f6 c2c4 e7e6 b1c3 f8b4 f2f3
E20	Nimzo-Indian Defense: Mikenas Attack	دفاع نیمزو-هندی	d2d4 g8f6 c2c4 e7e6 b1c3 f8b4 d1d3
E20	Nimzo-Indian Defense: Romanishin Variation	دفاع نیمزو-هندی	d2d4 g8f6 c2c4 e7e6 b1c3 f8b4 g2g3
E20	Nimzo-Indian Defense: Romanishin Variation	دفاع نیمزو-هندی	d2d4 g8f6 c2c4 e7e6 b1c3 f8b4 g1f3 c7c5 g2g3 e8g8 f1g2
E20	Nimzo-Indian Defense: Romanishin Variation, English Hybrid	دفاع نیمزو-هندی	d2d4 g8f6 c2c4 e7e6 b1c3 f8b4 g1f3 c7c5 g2g3 c5d4 f3d4 e8g8 f1g2 d7d5 c4d5 f6d5
E21	Nimzo-Indian Defense: Three Knights Variation	دفاع نیمزو-هندی	d2d4 g8f6 c2c4 e7e6 b1c3 f8b4 g1f3
E21	Nimzo-Indian Defense: Three Knights Variation, Euwe Variation	دفاع نیمزو-هندی	d2d4 g8f6 c2c4 e7e6 b1c3 f8b4 g1f3 c7c5 d4d5 f6e4
E21	Nimzo-Indian Defense: Three Knights Variation, Korchnoi Variation	دفاع نیمزو-هندی	d2d4 g8f6 c2c4 e7e6 b1c3 f8b4 g1f3 c7c5 d4d5
E21	Nimzo-Indian Defense: Three Knights Variation, Shocron Gambit	دفاع نیمزو-هندی	d2d4 g8f6 c2c4 e7e6 g1f3 f8b4 b1c3 c7c5 d4d5 b7b5
E22	Nimzo-Indian Defense: Spielmann Variation	دفاع نیمزو-هندی	d2d4 g8f6 c2c4 e7e6 b1c3 f8b4 d1b3
E23	Nimzo-Indian Defense: Spielmann Variation, Carlsbad Variation	دفاع نیمزو-هندی	d2d4 g8f6 c2c4 e7e6 b1c3 f8b4 d1b3 c7c5 d4c5 b8c6 g1f3 f6e4 c1d2 e4d2
E23	Nimzo-Indian Defense: Spielmann Variation, Romanovsky Gambit	دفاع نیمزو-هندی	d2d4 g8f6 c2c4 e7e6 b1c3 f8b4 d1b3 c7c5 d4c5 b8c6
E23	Nimzo-Indian Defense: Spielmann Variation, Stahlberg Variation	دفاع نیمزو-هندی	d2d4 g8f6 c2c4 e7e6 b1c3 f8b4 d1b3 c7c5 d4c5 b8c6 g1f3 f6e4 c1d2 e4c5
E23	Nimzo-Indian Defense: Spielmann Variation, Stahlberg Variation	دفاع نیمزو-هندی	d2d4 g8f6 c2c4 e7e6 b1c3 f8b4 d1b3 c7c5 d4c5 b8c6 g1f3 f6e4 c1d2 e4c5 b3c2 f7f5 g2g3
E24	Nimzo-Indian Defense: Sämisch Variation	دفاع نیمزو-هندی	d2d4 g8f6 c2c4 e7e6 b1c3 f8b4 a2a3
E24	Nimzo-Indian Defense: Sämisch Variation, Botvinnik Variation	دفاع نیمزو-هندی	d2d4 g8f6 c2c4 e7e6 b1c3 f8b4 f2f3 d7d5 a2a3 b4c3 b2c3 c7c5 e2e3 e8g8 c4d5 f6d5
E25	Nimzo-Indian Defense: Sämisch Variation	دفاع نیمزو-هندی	d2d4 g8f6 c2c4 e7e6 b1c3 f8b4 f2f3 d7d5 a2a3 b4c3 b2c3 c7c5 c4d5
E25	Nimzo-Indian Defense: Sämisch Variation, Keres Variation	دفاع نیمزو-هندی	d2d4 g8f6 c2c4 e7e6 b1c3 f8b4 f2f3 d7d5 a2a3 b4c3 b2c3 c7c5 c4d5 f6d5 d4c5
E25	Nimzo-Indian Defense: Sämisch Variation, Romanovsky Variation	دفاع نیمزو-هندی	d2d4 g8f6 c2c4 e7e6 b1c3 f8b4 f2f3 d7d5 a2a3 b4c3 b2c3 c7c5 c4d5 f6d5 d4c5 f7f5
E26	Nimzo-Indian Defense: Sämisch Variation	دفاع نیمزو-هندی	d2d4 g8f6 c2c4 e7e6 b1c3 f8b4 a2a3 b4c3 b2c3 c7c5 e2e3
E26	Nimzo-Indian Defense: Sämisch Variation, O'Kelly Variation	دفاع نیمزو-هندی	d2d4 g8f6 c2c4 e7e6 b1c3 f8b4 a2a3 b4c3 b2c3 c7c5 e2e3 b7b6
E27	Nimzo-Indian Defense: Sämisch Variation	دفاع نیمزو-هندی	d2d4 g8f6 c2c4 e7e6 b1c3 f8b4 a2a3 b4c3 b2c3 e8g8
E28	Nimzo-Indian Defense: Sämisch Variation	دفاع نیمزو-هندی	d2d4 g8f6 c2c4 e7e6 b1c3 f8b4 e2e3 e8g8 a2a3 b4c3 b2c3
E29	Nimzo-Indian Defense: Sämisch Variation	دفاع نیمزو-هندی	d2d4 g8f6 c2c4 e7e6 b1c3 f8b4 e2e3 c7c5 f1d3 b8c6 a2a3 b4c3 b2c3 e8g8
E29	Nimzo-Indian Defense: Sämisch Variation, Capablanca Variation	دفاع نیمزو-هندی	d2d4 g8f6 c2c4 e7e6 b1c3 f8b4 e2e3 c7c5 f1d3 b8c6 a2a3 b4c3 b2c3 e8g8 g1e2 b7b6 e3e4 f6e8
E30	Nimzo-Indian Defense: Leningrad Variation	دفاع نیمزو-هندی	d2d4 g8f6 c2c4 e7e6 b1c3 f8b4 c1g5
E30	Nimzo-Indian Defense: Leningrad Variation, Averbakh Gambit	دفاع نیمزو-هندی	d2d4 g8f6 c2c4 e7e6 b1c3 f8b4 c1g5 h7h6 g5h4 c7c5 d4d5 b7b5
E31	Nimzo-Indian Defense: Leningrad Variation, Benoni Defense	دفاع نیمزو-هندی	d2d4 g8f6 c2c4 e7e6 b1c3 f8b4 c1g5 h7h6 g5h4 c7c5 d4d5 d7d6
E32	Nimzo-Indian Defense: Classical Variation	دفاع نیمزو-هندی	d2d4 g8f6 c2c4 e7e6 b1c3 f8b4 d1c2
E32	Nimzo-Indian Defense: Classical Variation, Keres Defense	دفاع نیمزو-هندی	d2d4 g8f6 c2c4 e7e6 b1c3 f8b4 d1c2 e8g8 a2a3 b4c3 c2c3 b7b6
E32	Nimzo-Indian Defense: Classical Variation, Vitolins-Adorjan Gambit	دفاع نیمزو-هندی	d2d4 g8f6 c2c4 e7e6 b1c3 f8b4 d1c2 e8g8 a2a3 b4c3 c2c3 b7b5
E33	Nimzo-Indian Defense: Classical Variation, Milner-Barry Variation	دفاع نیمزو-هندی	d2d4 g8f6 c2c4 e7e6 b1c3 f8b4 d1c2 b8c6 g1f3 d7d6
E33	Nimzo-Indian Defense: Classical Variation, Zurich Variation	دفاع نیمزو-هندی	d2d4 g8f6 c2c4 e7e6 b1c3 f8b4 d1c2 b8c6
E34	Nimzo-Indian Defense: Classical Variation, Belyavsky Gambit	دفاع نیمزو-هندی	d2d4 g8f6 c2c4 e7e6 b1c3 f8b4 d1c2 d7d5 c4d5 d8d5 g1f3 d5f5 c2d1 e6e5
E34	Nimzo-Indian Defense: Classical Variation, Noa Variation	دفاع نیمزو-هندی	d2d4 g8f6 c2c4 e7e6 b1c3 f8b4 d1c2 d7d5
E35	Nimzo-Indian Defense: Classical Variation, Noa Variation	دفاع نیمزو-هندی	d2d4 g8f6 c2c4 e7e6 b1c3 f8b4 d1c2 d7d5 c4d5 e6d5
E36	Nimzo-Indian Defense: Classical Variation, Noa Variation	دفاع نیمزو-هندی	d2d4 g8f6 c2c4 e7e6 b1c3 f8b4 d1c2 d7d5 a2a3
E36	Nimzo-Indian Defense: Classical Variation, Noa Variation, Botvinnik Variation	دفاع نیمزو-هندی	d2d4 g8f6 c2c4 e7e6 b1c3 f8b4 d1c2 d7d5 a2a3 b4c3 c2c3 b8c6
E36	Nimzo-Indian Defense: Classical Variation, Noa Variation, Main Line	دفاع نیمزو-هندی	d2d4 g8f6 c2c4 e7e6 b1c3 f8b4 d1c2 d7d5 a2a3 b4c3 c2c3 f6e4
E36	Nimzo-Indian Defense: Classical Variation, Romanishin Gambit	دفاع نیمزو-هندی	d2d4 g8f6 c2c4 e7e6 b1c3 f8b4 d1c2 d7d5 a2a3 b4c3 c2c3 c7c5
E37	Nimzo-Indian Defense: Classical Variation, Modern Variation	دفاع نیمزو-هندی	d2d4 g8f6 c2c4 e7e6 b1c3 f8b4 d1c2 d7d5 a2a3 b4c3 c2c3 f6e4 c3c2 c7c5
E37	Nimzo-Indian Defense: Classical Variation, Noa Variation	دفاع نیمزو-هندی	d2d4 g8f6 c2c4 e7e6 b1c3 f8b4 d1c2 d7d5 a2a3 b4c3 c2c3 f6e4 c3c2
E37	Nimzo-Indian Defense: Classical Variation, Noa Variation, San Remo Variation	دفاع نیمزو-هندی	d2d4 g8f6 c2c4 e7e6 b1c3 f8b4 d1c2 d7d5 a2a3 b4c3 c2c3 f6e4 c3c2 b8c6 e2e3 e6e5
E38	Nimzo-Indian Defense: Classical Variation, Berlin Variation	دفاع نیمزو-هندی	d2d4 g8f6 c2c4 e7e6 b1c3 f8b4 d1c2 c7c5
E38	Nimzo-Indian Defense: Classical Variation, Berlin Variation	دفاع نیمزو-هندی	d2d4 g8f6 c2c4 e7e6 b1c3 f8b4 d1c2 e8g8 e2e3 d7d5 g1f3 c7c5
E38	Nimzo-Indian Defense: Classical Variation, Berlin Variation, Steiner Variation	دفاع نیمزو-هندی	d2d4 g8f6 c2c4 e7e6 b1c3 f8b4 d1c2 c7c5 d4c5 b4c3
E39	Nimzo-Indian Defense: Classical Variation, Berlin Variation, Macieja System	دفاع نیمزو-هندی	d2d4 g8f6 c2c4 e7e6 b1c3 f8b4 d1c2 c7c5 d4c5 e8g8 a2a3 b4c5 g1f3 b7b6
E39	Nimzo-Indian Defense: Classical Variation, Berlin Variation, Pirc Variation	دفاع نیمزو-هندی	d2d4 g8f6 c2c4 e7e6 b1c3 f8b4 d1c2 c7c5 d4c5 e8g8
E40	Nimzo-Indian Defense: Rubinstein System	دفاع نیمزو-هندی	d2d4 g8f6 c2c4 e7e6 b1c3 f8b4 e2e3
E40	Nimzo-Indian Defense: Rubinstein System, Taimanov Variation	دفاع نیمزو-هندی	d2d4 g8f6 c2c4 e7e6 b1c3 f8b4 e2e3 b8c6
E41	Nimzo-Indian Defense: Rubinstein System	دفاع نیمزو-هندی	d2d4 g8f6 c2c4 e7e6 b1c3 f8b4 e2e3 c7c5
E41	Nimzo-Indian Defense: Rubinstein System, Hübner Variation	دفاع نیمزو-هندی	d2d4 g8f6 c2c4 e7e6 b1c3 f8b4 e2e3 c7c5 f1d3 b8c6 g1f3 b4c3 b2c3 d7d6
E41	Nimzo-Indian Defense: Rubinstein System, Hübner Variation	دفاع نیمزو-هندی	d2d4 g8f6 c2c4 e7e6 b1c3 f8b4 e2e3 c7c5 f1d3 b8c6 g1f3 b4c3 b2c3 d7d6 e1g1 e8g8
E42	Nimzo-Indian Defense: Rubinstein System, Rubinstein Variation	دفاع نیمزو-هندی	d2d4 g8f6 c2c4 e7e6 b1c3 f8b4 e2e3 c7c5 g1e2
E42	Nimzo-Indian Defense: Rubinstein System, Rubinstein Variation, Main Line	دفاع نیمزو-هندی	d2d4 g8f6 c2c4 e7e6 b1c3 f8b4 e2e3 c7c5 g1e2 c5d4 e3d4 e8g8 a2a3
E42	Nimzo-Indian Defense: Rubinstein System, Rubinstein Variation, Sherbakov Attack	دفاع نیمزو-هندی	d2d4 g8f6 c2c4 e7e6 b1c3 f8b4 e2e3 c7c5 g1e2 c5d4 e3d4 e8g8 c4c5
E43	Nimzo-Indian Defense: St. Petersburg Variation	دفاع نیمزو-هندی	d2d4 g8f6 c2c4 e7e6 b1c3 f8b4 e2e3 b7b6
E43	Nimzo-Indian Defense: St. Petersburg Variation	دفاع نیمزو-هندی	d2d4 g8f6 c2c4 e7e6 b1c3 f8b4 e2e3 b7b6 f1d3 c8b7 g1f3
E43	Nimzo-Indian Defense: St. Petersburg Variation	دفاع نیمزو-هندی	d2d4 g8f6 c2c4 e7e6 b1c3 f8b4 e2e3 b7b6 f1d3 c8b7 g1f3 e8g8
E43	Nimzo-Indian Defense: St. Petersburg Variation	دفاع نیمزو-هندی	d2d4 g8f6 c2c4 e7e6 b1c3 f8b4 e2e3 b7b6 f1d3 c8b7 g1f3 e8g8 e1g1
E43	Nimzo-Indian Defense: St. Petersburg Variation	دفاع نیمزو-هندی	d2d4 g8f6 c2c4 e7e6 b1c3 f8b4 e2e3 b7b6 f1d3 c8b7 g1f3 e8g8 e1g1 c7c5
E43	Nimzo-Indian Defense: St. Petersburg Variation	دفاع نیمزو-هندی	d2d4 g8f6 c2c4 e7e6 b1c3 f8b4 e2e3 b7b6 f1d3 c8b7 g1f3 e8g8 e1g1 c7c5 c3a4 c5d4 a2a3 b4e7
E43	Nimzo-Indian Defense: St. Petersburg Variation	دفاع نیمزو-هندی	d2d4 g8f6 c2c4 e7e6 b1c3 f8b4 e2e3 f6e4 d1c2 f7f5 g1f3 b7b6 f1d3 c8b7
E43	Nimzo-Indian Defense: St. Petersburg Variation	دفاع نیمزو-هندی	d2d4 g8f6 c2c4 e7e6 b1c3 f8b4 e2e3 e8g8 f1d3 c7c5 g1f3 b7b6 e1g1 c8b7 c3a4 d8e7
E43	Nimzo-Indian Defense: St. Petersburg Variation	دفاع نیمزو-هندی	d2d4 g8f6 c2c4 e7e6 b1c3 f8b4 g1f3 b4c3 b2c3 b7b6 e2e3 c8b7 f1d3 e8g8 e1g1
E43	Nimzo-Indian Defense: St. Petersburg Variation	دفاع نیمزو-هندی	d2d4 g8f6 c2c4 e7e6 b1c3 f8b4 g1f3 b7b6 e2e3 f6e4 d1c2
E43	Nimzo-Indian Defense: St. Petersburg Variation	دفاع نیمزو-هندی	d2d4 g8f6 c2c4 e7e6 b1c3 f8b4 g1f3 b7b6 e2e3 f6e4 d1c2 c8b7 f1d3 b4c3 b2c3 f7f5 e1g1
E43	Nimzo-Indian Defense: St. Petersburg Variation, with Ne4	دفاع نیمزو-هندی	d2d4 g8f6 c2c4 e7e6 b1c3 f8b4 e2e3 b7b6 f1d3 c8b7 g1f3 f6e4
E44	Nimzo-Indian Defense: St. Petersburg Variation	دفاع نیمزو-هندی	d2d4 g8f6 c2c4 e7e6 b1c3 f8b4 e2e3 b7b6 g1e2
E44	Nimzo-Indian Defense: St. Petersburg Variation, American Variation	دفاع نیمزو-هندی	d2d4 g8f6 c2c4 e7e6 b1c3 f8b4 e2e3 b7b6 g1e2 f6e4
E44	Nimzo-Indian Defense: St. Petersburg Variation, Romanishin-Psakhis Variation	دفاع نیمزو-هندی	d2d4 g8f6 c2c4 e7e6 b1c3 f8b4 e2e3 b7b6 g1e2 c7c5 a2a3 b4a5
E45	Nimzo-Indian Defense: St. Petersburg Variation, Fischer Variation	دفاع نیمزو-هندی	d2d4 g8f6 c2c4 e7e6 b1c3 f8b4 e2e3 b7b6 g1e2 c8a6
E46	Nimzo-Indian Defense: Normal Variation	دفاع نیمزو-هندی	d2d4 g8f6 c2c4 e7e6 b1c3 f8b4 e2e3 e8g8
E46	Nimzo-Indian Defense: Reshevsky Variation	دفاع نیمزو-هندی	d2d4 g8f6 c2c4 e7e6 b1c3 f8b4 e2e3 e8g8 g1e2
E46	Nimzo-Indian Defense: Simagin Variation	دفاع نیمزو-هندی	d2d4 g8f6 c2c4 e7e6 b1c3 f8b4 e2e3 e8g8 g1e2 d7d5 a2a3 b4d6
E47	Nimzo-Indian Defense: Normal Variation	دفاع نیمزو-هندی	d2d4 g8f6 c2c4 e7e6 b1c3 f8b4 e2e3 e8g8 f1d3
E48	Nimzo-Indian Defense: Normal Variation, Classical Defense	دفاع نیمزو-هندی	d2d4 g8f6 c2c4 e7e6 b1c3 f8b4 e2e3 e8g8 f1d3 d7d5
E48	Nimzo-Indian Defense: Ragozin Defense	دفاع نیمزو-هندی	d2d4 g8f6 c2c4 e7e6 b1c3 f8b4 e2e3 e8g8 f1d3 d7d5 g1f3 b8c6 e1g1
E49	Nimzo-Indian Defense: Normal Variation, Botvinnik System	دفاع نیمزو-هندی	d2d4 g8f6 c2c4 e7e6 b1c3 f8b4 e2e3 e8g8 f1d3 d7d5 a2a3 b4c3 b2c3
E50	Nimzo-Indian Defense	دفاع نیمزو-هندی	d2d4 g8f6 c2c4 e7e6 b1c3 f8b4 e2e3 e8g8 g1f3
E51	Nimzo-Indian Defense: Normal Variation, Ragozin Variation	دفاع نیمزو-هندی	d2d4 g8f6 c2c4 e7e6 b1c3 f8b4 e2e3 e8g8 g1f3 d7d5
E51	Nimzo-Indian Defense: Normal Variation, Sämisch Deferred	دفاع نیمزو-هندی	d2d4 g8f6 c2c4 e7e6 b1c3 f8b4 e2e3 e8g8 g1f3 d7d5 a2a3
E51	Nimzo-Indian Defense: Ragozin Variation	دفاع نیمزو-هندی	d2d4 g8f6 c2c4 e7e6 b1c3 f8b4 e2e3 e8g8 f1d3 d7d5 g1f3 b8c6 e1g1 d5c4
E52	Nimzo-Indian Defense: Normal Variation, Schlechter Defense	دفاع نیمزو-هندی	d2d4 g8f6 c2c4 e7e6 b1c3 f8b4 e2e3 e8g8 f1d3 d7d5 g1f3 b7b6
E52	Nimzo-Indian Defense: Normal Variation, Schlechter Defense	دفاع نیمزو-هندی	d2d4 g8f6 c2c4 e7e6 b1c3 f8b4 e2e3 b7b6 f1d3 c8b7 g1f3 e8g8 e1g1 d7d5
E53	Nimzo-Indian Defense: Normal Variation, Gligoric System	دفاع نیمزو-هندی	d2d4 g8f6 c2c4 e7e6 b1c3 f8b4 e2e3 e8g8 f1d3 d7d5 g1f3 c7c5
E53	Nimzo-Indian Defense: Normal Variation, Gligoric System	دفاع نیمزو-هندی	d2d4 g8f6 c2c4 e7e6 b1c3 f8b4 e2e3 e8g8 f1d3 d7d5 g1f3 c7c5 e1g1 b8d7
E53	Nimzo-Indian Defense: Normal Variation, Gligoric System, Keres Variation	دفاع نیمزو-هندی	d2d4 g8f6 c2c4 e7e6 b1c3 f8b4 e2e3 e8g8 f1d3 d7d5 g1f3 c7c5 e1g1 b7b6
E54	Nimzo-Indian Defense: Normal Variation, Gligoric System, Exchange Variation	دفاع نیمزو-هندی	d2d4 g8f6 c2c4 e7e6 b1c3 f8b4 e2e3 e8g8 f1d3 d7d5 g1f3 c7c5 e1g1 d5c4 d3c4
E54	Nimzo-Indian Defense: Normal Variation, Gligoric System, Exchange Variation	دفاع نیمزو-هندی	d2d4 g8f6 c2c4 e7e6 b1c3 f8b4 e2e3 e8g8 f1d3 d7d5 g1f3 c7c5 e1g1 d5c4 d3c4 c5d4 e3d4
E54	Nimzo-Indian Defense: Normal Variation, Gligoric System, Smyslov Variation	دفاع نیمزو-هندی	d2d4 g8f6 c2c4 e7e6 b1c3 f8b4 e2e3 e8g8 f1d3 d7d5 g1f3 c7c5 e1g1 d5c4 d3c4 d8e7
E55	Nimzo-Indian Defense: Normal Variation, Gligoric System, Bronstein Variation	دفاع نیمزو-هندی	d2d4 g8f6 c2c4 e7e6 b1c3 f8b4 e2e3 e8g8 f1d3 d7d5 g1f3 c7c5 e1g1 d5c4 d3c4 b8d7
E56	Nimzo-Indian Defense: Normal Variation, Gligoric System, Bernstein Defense	دفاع نیمزو-هندی	d2d4 g8f6 c2c4 e7e6 b1c3 f8b4 e2e3 e8g8 f1d3 d7d5 g1f3 c7c5 e1g1 b8c6
E57	Nimzo-Indian Defense: Normal Variation, Gligoric System, Bernstein Defense	دفاع نیمزو-هندی	d2d4 g8f6 c2c4 e7e6 b1c3 f8b4 e2e3 e8g8 f1d3 d7d5 g1f3 c7c5 e1g1 b8c6 a2a3 d5c4 d3c4 c5d4
E58	Nimzo-Indian Defense: Normal Variation, Bernstein Defense, Exchange Line	دفاع نیمزو-هندی	d2d4 g8f6 c2c4 e7e6 b1c3 f8b4 e2e3 e8g8 f1d3 d7d5 g1f3 c7c5 e1g1 b8c6 a2a3 b4c3 b2c3
E59	Nimzo-Indian Defense: Normal Variation, Bernstein Defense	دفاع نیمزو-هندی	d2d4 g8f6 c2c4 e7e6 b1c3 f8b4 e2e3 e8g8 f1d3 d7d5 g1f3 c7c5 e1g1 b8c6 a2a3 b4c3 b2c3 d5c4 d3c4
E59	Nimzo-Indian Defense: Normal Variation, Bernstein Defense	دفاع نیمزو-هندی	d2d4 g8f6 c2c4 e7e6 b1c3 f8b4 e2e3 e8g8 f1d3 d7d5 a2a3 b4c3 b2c3 d5c4 d3c4 c7c5 g1f3 b8c6 e1g1 d8c7 d1c2
E60	Grünfeld Defense: Counterthrust Variation	دفاع گرونفلد	d2d4 g8f6 c2c4 g7g6 g2g3 f8g7 f1g2 d7d5
E60	Indian Defense: Anti-Grünfeld, Adorjan Gambit	دفاع هندی	d2d4 g8f6 c2c4 g7g6 d4d5 b7b5
E60	Indian Defense: Anti-Grünfeld, Advance Variation	دفاع هندی	d2d4 g8f6 c2c4 g7g6 d4d5
E60	Indian Defense: Anti-Grünfeld, Alekhine Variation	دفاع هندی	d2d4 g8f6 c2c4 g7g6 f2f3
E60	Indian Defense: Anti-Grünfeld, Alekhine Variation, Leko Gambit	دفاع هندی	d2d4 g8f6 c2c4 g7g6 f2f3 e7e5
E60	Indian Defense: Anti-Grünfeld, Basman-Williams Attack	دفاع هندی	d2d4 g8f6 c2c4 g7g6 h2h4
E60	Indian Defense: West Indian Defense	دفاع هندی	d2d4 g8f6 c2c4 g7g6
E60	King's Indian Defense: Fianchetto Variation	دفاع هندی شاه	d2d4 g8f6 c2c4 g7g6 g1f3 f8g7 g2g3
E60	King's Indian Defense: Fianchetto Variation, Immediate Fianchetto	دفاع هندی شاه	d2d4 g8f6 c2c4 g7g6 g2g3
E60	King's Indian Defense: Normal Variation, King's Knight Variation	دفاع هندی شاه	d2d4 g8f6 g1f3 g7g6 c2c4
E60	King's Indian Defense: Santasiere Variation	دفاع هندی شاه	d2d4 g8f6 c2c4 g7g6 g1f3 f8g7 b2b4
E60	King's Indian Defense: Semi-Classical Variation, Benoni Variation	دفاع هندی شاه	d2d4 g8f6 c2c4 g7g6 b1c3 f8g7 g1f3 e8g8 e2e3 d7d6 f1e2 c7c6
E60	King's Indian Defense: Semi-Classical Variation, Hollywood Variation	دفاع هندی شاه	d2d4 g8f6 g1f3 g7g6 c2c4 f8g7 b1c3 e8g8 e2e3 d7d6 f1e2 b8c6
E60	Queen's Pawn, Mengarini Attack	پیاده‌ی وزیر، حمله‌ی منگارینی	d2d4 g8f6 c2c4 g7g6 d1c2
E61	King's Indian Defense	دفاع هندی شاه	d2d4 g8f6 c2c4 g7g6 b1c3
E61	King's Indian Defense: Fianchetto Variation, Benjamin Defense	دفاع هندی شاه	d2d4 g8f6 c2c4 g7g6 b1c3 f8g7 g1f3 d7d6 g2g3 e8g8 f1g2 c7c6 e1g1 d8b6
E61	King's Indian Defense: Semi-Classical Variation	دفاع هندی شاه	d2d4 g8f6 c2c4 g7g6 b1c3 f8g7 g1f3 e8g8 e2e3 d7d6 f1e2
E61	King's Indian Defense: Semi-Classical Variation, Exchange Variation	دفاع هندی شاه	d2d4 g8f6 c2c4 g7g6 b1c3 f8g7 g1f3 e8g8 e2e3 d7d6 f1e2 b8d7 e1g1 e7e5 d4e5 d6e5
E61	King's Indian Defense: Semi-Classical Variation, Queenside Storm Line	دفاع هندی شاه	d2d4 g8f6 c2c4 g7g6 b1c3 f8g7 g1f3 e8g8 e2e3 d7d6 f1e2 b8d7 e1g1 e7e5 b2b4
E61	King's Indian Defense: Smyslov Variation	دفاع هندی شاه	d2d4 g8f6 c2c4 g7g6 b1c3 f8g7 g1f3 d7d6 c1g5
E62	King's Indian Defense: Fianchetto Variation, Carlsbad Variation	دفاع هندی شاه	d2d4 g8f6 c2c4 g7g6 g2g3 f8g7 f1g2 e8g8 b1c3 d7d6 g1f3 b8c6
E62	King's Indian Defense: Fianchetto Variation, Delayed Fianchetto	دفاع هندی شاه	d2d4 g8f6 c2c4 g7g6 b1c3 f8g7 g1f3 d7d6 g2g3
E62	King's Indian Defense: Fianchetto Variation, Kavalek Defense	دفاع هندی شاه	d2d4 g8f6 c2c4 g7g6 g1f3 f8g7 g2g3 e8g8 f1g2 d7d6 e1g1 c7c6 b1c3 d8a5
E62	King's Indian Defense: Fianchetto Variation, Larsen Defense	دفاع هندی شاه	d2d4 g8f6 c2c4 g7g6 b1c3 f8g7 g1f3 d7d6 g2g3 e8g8 f1g2 c7c6 e1g1 c8f5
E62	King's Indian Defense: Fianchetto Variation, Lesser Simagin (Spassky)	دفاع هندی شاه	d2d4 g8f6 c2c4 g7g6 g2g3 f8g7 f1g2 e8g8 b1c3 d7d6 g1f3 b8c6 e1g1 c8f5
E62	King's Indian Defense: Fianchetto Variation, Simagin Variation	دفاع هندی شاه	d2d4 g8f6 c2c4 g7g6 b1c3 f8g7 g1f3 d7d6 g2g3 e8g8 f1g2 b8c6 e1g1 c8g4
E62	King's Indian Defense: Fianchetto Variation, Uhlmann-Szabo System	دفاع هندی شاه	d2d4 g8f6 c2c4 g7g6 g1f3 f8g7 g2g3 e8g8 f1g2 d7d6 e1g1 b8c6 b1c3 e7e5
E63	King's Indian Defense: Fianchetto Variation, Panno Variation	دفاع هندی شاه	d2d4 g8f6 c2c4 g7g6 g1f3 f8g7 g2g3 e8g8 f1g2 d7d6 e1g1 b8c6 b1c3 a7a6
E63	King's Indian Defense: Fianchetto Variation, Panno Variation, Blockade Line	دفاع هندی شاه	d2d4 g8f6 c2c4 g7g6 g1f3 f8g7 g2g3 e8g8 f1g2 d7d6 e1g1 b8c6 b1c3 a7a6 d4d5 c6a5 f3d2 c7c5 d1c2 e7e5
E63	King's Indian Defense: Fianchetto Variation, Panno Variation, Donner Line	دفاع هندی شاه	d2d4 g8f6 c2c4 g7g6 g1f3 f8g7 g2g3 e8g8 f1g2 d7d6 e1g1 b8c6 b1c3 a7a6 d4d5 c6a5 f3d2 c7c5 d1c2 a8b8 b2b3 b7b5 c1b2 b5c4 b3c4 g7h6
E63	King's Indian Defense: Fianchetto Variation, Panno Variation, Korchnoi Line	دفاع هندی شاه	d2d4 g8f6 c2c4 g7g6 g1f3 f8g7 g2g3 e8g8 f1g2 d7d6 e1g1 b8c6 b1c3 a7a6 h2h3 a8b8 c1e3 b7b5 f3d2
E64	King's Indian Defense: Fianchetto Variation, Double Fianchetto Attack	دفاع هندی شاه	d2d4 g8f6 c2c4 g7g6 g1f3 f8g7 g2g3 d7d6 f1g2 e8g8 e1g1 b8d7 b1c3 e7e5 b2b3
E64	King's Indian Defense: Fianchetto Variation, Hungarian Variation	دفاع هندی شاه	d2d4 g8f6 c2c4 g7g6 g1f3 f8g7 g2g3 d7d6 f1g2 e8g8 e1g1 b8d7 b1c3 a7a6
E64	King's Indian Defense: Fianchetto Variation, Pterodactyl Variation	دفاع هندی شاه	d2d4 g8f6 c2c4 g7g6 g1f3 f8g7 g2g3 c7c5 f1g2 d8a5
E64	King's Indian Defense: Fianchetto Variation, Yugoslav System	دفاع هندی شاه	d2d4 g8f6 c2c4 g7g6 g1f3 f8g7 g2g3 d7d6 f1g2 e8g8 e1g1 c7c5
E64	King's Indian Defense: Fianchetto Variation, Yugoslav Variation, Rare Line	دفاع هندی شاه	d2d4 g8f6 c2c4 g7g6 g2g3 f8g7 f1g2 e8g8 b1c3 d7d6 g1f3 c7c5
E65	King's Indian Defense: Fianchetto Variation, Yugoslav Variation	دفاع هندی شاه	d2d4 g8f6 c2c4 g7g6 g1f3 f8g7 g2g3 e8g8 f1g2 d7d6 e1g1 c7c5 b1c3
E65	King's Indian Defense: Fianchetto Variation, Yugoslav Variation, Exchange Line	دفاع هندی شاه	d2d4 g8f6 c2c4 g7g6 g1f3 f8g7 g2g3 e8g8 f1g2 d7d6 e1g1 c7c5 b1c3 b8c6 d4c5 d6c5
E66	King's Indian Defense: Fianchetto Variation, Yugoslav Variation, Advance Line	دفاع هندی شاه	d2d4 g8f6 c2c4 g7g6 g1f3 f8g7 g2g3 e8g8 f1g2 d7d6 e1g1 c7c5 b1c3 b8c6 d4d5
E67	King's Indian Defense: Fianchetto Variation, Classical Fianchetto	دفاع هندی شاه	d2d4 g8f6 c2c4 g7g6 g1f3 f8g7 g2g3 e8g8 f1g2 d7d6 e1g1 b8d7 b1c3 e7e5
E67	King's Indian Defense: Fianchetto Variation, Debrecen Defense	دفاع هندی شاه	d2d4 g8f6 c2c4 g7g6 g2g3 f8g7 f1g2 e8g8 b1c3 d7d6 g1f3 b8d7
E68	King's Indian Defense: Fianchetto Variation, Classical Variation	دفاع هندی شاه	d2d4 g8f6 c2c4 g7g6 g1f3 f8g7 g2g3 e8g8 f1g2 d7d6 e1g1 b8d7 b1c3 e7e5 e2e4
E68	King's Indian Defense: Fianchetto Variation, Long Variation	دفاع هندی شاه	d2d4 g8f6 c2c4 g7g6 b1c3 f8g7 g1f3 d7d6 g2g3 e8g8 f1g2 b8d7 e1g1 e7e5 e2e4 f8e8 h2h3 e5d4 f3d4 d7c5 f1e1 a7a5
E69	King's Indian Defense: Fianchetto Variation, Classical Main Line	دفاع هندی شاه	d2d4 g8f6 c2c4 g7g6 g1f3 f8g7 g2g3 e8g8 f1g2 d7d6 e1g1 b8d7 b1c3 e7e5 e2e4 c7c6 h2h3
E70	King's Indian Defense: Accelerated Averbakh Variation	دفاع هندی شاه	d2d4 g8f6 c2c4 g7g6 b1c3 f8g7 e2e4 d7d6 c1g5
E70	King's Indian Defense: Kramer Variation	دفاع هندی شاه	d2d4 g8f6 c2c4 g7g6 b1c3 f8g7 e2e4 d7d6 g1e2
E70	King's Indian Defense: Normal Variation	دفاع هندی شاه	d2d4 g8f6 c2c4 g7g6 b1c3 f8g7 e2e4
E70	King's Indian Defense: Normal Variation	دفاع هندی شاه	d2d4 g8f6 c2c4 g7g6 b1c3 f8g7 e2e4 d7d6
E71	King's Indian Defense: Karpov System	دفاع هندی شاه	d2d4 g8f6 c2c4 g7g6 b1c3 f8g7 e2e4 d7d6 h2h3 e8g8 c1e3
E71	King's Indian Defense: Makogonov Variation	دفاع هندی شاه	d2d4 g8f6 c2c4 g7g6 b1c3 f8g7 e2e4 d7d6 h2h3
E72	King's Indian Defense: Normal Variation, Deferred Fianchetto	دفاع هندی شاه	d2d4 g8f6 c2c4 g7g6 b1c3 f8g7 e2e4 d7d6 g2g3
E72	King's Indian Defense: Pomar System	دفاع هندی شاه	d2d4 g8f6 c2c4 g7g6 b1c3 f8g7 e2e4 d7d6 g2g3 e8g8 f1g2 e7e5 g1e2
E73	King's Indian Defense: Averbakh Variation	دفاع هندی شاه	d2d4 g8f6 c2c4 g7g6 b1c3 f8g7 e2e4 d7d6 f1e2 e8g8 c1g5
E73	King's Indian Defense: Averbakh Variation, Flexible Defense	دفاع هندی شاه	d2d4 g8f6 c2c4 g7g6 b1c3 f8g7 e2e4 d7d6 f1e2 e8g8 c1g5 h7h6
E73	King's Indian Defense: Averbakh Variation, Geller Defense	دفاع هندی شاه	d2d4 g8f6 c2c4 g7g6 b1c3 f8g7 e2e4 d7d6 f1e2 e8g8 c1g5 b8d7
E73	King's Indian Defense: Averbakh Variation, Modern Defense	دفاع هندی شاه	d2d4 g8f6 c2c4 g7g6 b1c3 f8g7 e2e4 d7d6 f1e2 e8g8 c1g5 b8a6
E73	King's Indian Defense: Averbakh Variation, Modern Defense, Burgess Line	دفاع هندی شاه	d2d4 g8f6 c2c4 g7g6 b1c3 f8g7 e2e4 d7d6 f1e2 e8g8 c1g5 b8a6 d1d2 c7c6
E73	King's Indian Defense: Averbakh Variation, Nc6 Defense	دفاع هندی شاه	d2d4 g8f6 c2c4 g7g6 b1c3 f8g7 e2e4 d7d6 f1e2 e8g8 c1g5 b8c6
E73	King's Indian Defense: Averbakh Variation, Spanish Defense	دفاع هندی شاه	d2d4 g8f6 c2c4 g7g6 b1c3 f8g7 e2e4 d7d6 f1e2 e8g8 c1g5 a7a6
E73	King's Indian Defense: Normal Variation, Standard Development	دفاع هندی شاه	d2d4 g8f6 c2c4 g7g6 b1c3 f8g7 e2e4 d7d6 f1e2
E73	King's Indian Defense: Semi-Averbakh System	دفاع هندی شاه	d2d4 g8f6 c2c4 g7g6 b1c3 f8g7 e2e4 d7d6 f1e2 e8g8 c1e3
E74	King's Indian Defense: Averbakh Variation, Benoni Defense	دفاع هندی شاه	d2d4 g8f6 c2c4 g7g6 b1c3 f8g7 e2e4 d7d6 f1e2 e8g8 c1g5 c7c5
E74	King's Indian Defense: Averbakh Variation, Benoni Defense, Advance Variation	دفاع هندی شاه	d2d4 g8f6 c2c4 g7g6 b1c3 f8g7 e2e4 d7d6 f1e2 e8g8 c1g5 c7c5 d4d5
E74	King's Indian Defense: Averbakh Variation, Benoni Defense, Exchange Variation	دفاع هندی شاه	d2d4 g8f6 c2c4 g7g6 b1c3 f8g7 e2e4 d7d6 f1e2 e8g8 c1g5 c7c5 d4c5
E75	King's Indian Defense: Averbakh Variation, Main Line	دفاع هندی شاه	d2d4 g8f6 c2c4 g7g6 b1c3 f8g7 e2e4 d7d6 f1e2 e8g8 c1g5 c7c5 d4d5 e7e6
E76	King's Indian Defense: Four Pawns Attack	دفاع هندی شاه	d2d4 g8f6 c2c4 g7g6 b1c3 f8g7 e2e4 d7d6 f2f4
E76	King's Indian Defense: Four Pawns Attack, Dynamic Attack	دفاع هندی شاه	d2d4 g8f6 c2c4 g7g6 b1c3 f8g7 e2e4 d7d6 f2f4 e8g8 g1f3 c7c5 d4d5
E76	King's Indian Defense: Four Pawns Attack, Modern Defense	دفاع هندی شاه	d2d4 g8f6 c2c4 g7g6 b1c3 f8g7 e2e4 d7d6 f2f4 b8a6
E77	King's Indian Defense: Four Pawns Attack	دفاع هندی شاه	d2d4 g8f6 c2c4 g7g6 b1c3 f8g7 e2e4 d7d6 f1e2 e8g8 f2f4
E77	King's Indian Defense: Four Pawns Attack, Florentine Gambit	دفاع هندی شاه	d2d4 g8f6 c2c4 g7g6 b1c3 f8g7 e2e4 d7d6 f2f4 e8g8 g1f3 c7c5 d4d5 e7e6 f1e2 e6d5 e4e5
E77	King's Indian Defense: Four Pawns Attack, Normal Attack	دفاع هندی شاه	d2d4 g8f6 c2c4 g7g6 b1c3 f8g7 e2e4 d7d6 f2f4 e8g8 g1f3 c7c5 d4d5 e7e6 f1e2
E77	King's Indian Defense: Six Pawns Attack	دفاع هندی شاه	d2d4 g8f6 c2c4 g7g6 b1c3 f8g7 e2e4 d7d6 f2f4 e8g8 f1e2 c7c5 d4d5 e7e6 d5e6 f7e6 g2g4 b8c6 h2h4
E78	King's Indian Defense: Four Pawns Attack, Fluid Attack	دفاع هندی شاه	d2d4 g8f6 c2c4 g7g6 b1c3 f8g7 e2e4 d7d6 f2f4 e8g8 g1f3 c7c5 f1e2
E79	King's Indian Defense: Four Pawns Attack, Exchange Variation	دفاع هندی شاه	d2d4 g8f6 c2c4 g7g6 b1c3 f8g7 e2e4 d7d6 f2f4 e8g8 g1f3 c7c5 f1e2 c5d4 f3d4 b8c6 c1e3
E80	King's Indian Defense: Sämisch Variation	دفاع هندی شاه	d2d4 g8f6 c2c4 g7g6 b1c3 f8g7 e2e4 d7d6 f2f3
E81	King's Indian Defense: Steiner Attack	دفاع هندی شاه	d2d4 g8f6 c2c4 g7g6 b1c3 f8g7 e2e4 d7d6 f2f3 e8g8 c1g5
E81	King's Indian Defense: Steiner Attack	دفاع هندی شاه	d2d4 g8f6 c2c4 g7g6 b1c3 f8g7 e2e4 d7d6 f2f3 e8g8 c1g5 c7c5 d4d5 h7h6 g5f4
E81	King's Indian Defense: Steiner Attack	دفاع هندی شاه	d2d4 g8f6 c2c4 g7g6 b1c3 f8g7 e2e4 d7d6 f2f3 e8g8 c1g5 c7c5 d4d5 e7e6 d1d2 e6d5 c3d5
E81	King's Indian Defense: Steiner Attack	دفاع هندی شاه	d2d4 g8f6 c2c4 g7g6 b1c3 f8g7 e2e4 d7d6 f2f3 e8g8 c1g5 c7c5 d4d5 e7e6 d1d2 h7h6 g5h6
E81	King's Indian Defense: Sämisch Variation, Bobotsov-Korchnoi-Petrosian Variation	دفاع هندی شاه	d2d4 g8f6 c2c4 g7g6 b1c3 f8g7 e2e4 d7d6 f2f3 e8g8 g1e2
E81	King's Indian Defense: Sämisch Variation, Byrne Defense	دفاع هندی شاه	d2d4 g8f6 c2c4 g7g6 b1c3 f8g7 e2e4 d7d6 f2f3 e8g8 c1e3 c7c6 f1d3 a7a6
E81	King's Indian Defense: Sämisch Variation, Normal Defense	دفاع هندی شاه	d2d4 g8f6 c2c4 g7g6 b1c3 f8g7 e2e4 d7d6 f2f3 e8g8
E81	King's Indian Defense: Sämisch Variation, Sämisch Gambit	دفاع هندی شاه	d2d4 g8f6 c2c4 g7g6 b1c3 f8g7 e2e4 d7d6 f2f3 e8g8 c1e3 c7c5
E81	King's Indian Defense: Sämisch Variation, Sämisch Gambit Accepted	دفاع هندی شاه	d2d4 g8f6 c2c4 g7g6 b1c3 f8g7 e2e4 d7d6 f2f3 e8g8 c1e3 c7c5 d4c5 d6c5 d1d8 f8d8 e3c5
E82	King's Indian Defense: Sämisch Variation, Double Fianchetto	دفاع هندی شاه	d2d4 g8f6 c2c4 g7g6 b1c3 f8g7 e2e4 d7d6 f2f3 e8g8 c1e3 b7b6
E83	King's Indian Defense: Sämisch Variation, Panno Formation	دفاع هندی شاه	d2d4 g8f6 c2c4 g7g6 b1c3 f8g7 e2e4 d7d6 f2f3 e8g8 c1e3 b8c6 g1e2 a7a6
E83	King's Indian Defense: Sämisch Variation, Ruban Variation	دفاع هندی شاه	d2d4 g8f6 c2c4 g7g6 b1c3 f8g7 e2e4 d7d6 f2f3 e8g8 c1e3 b8c6 g1e2 a8b8
E83	King's Indian Defense: Sämisch Variation, Yates Defense	دفاع هندی شاه	d2d4 g8f6 c2c4 g7g6 b1c3 f8g7 e2e4 d7d6 f2f3 e8g8 c1e3 b8c6
E84	King's Indian Defense: Sämisch Variation, Panno Main Line	دفاع هندی شاه	d2d4 g8f6 c2c4 g7g6 b1c3 f8g7 e2e4 d7d6 f2f3 e8g8 c1e3 b8c6 g1e2 a7a6 d1d2 a8b8
E85	King's Indian Defense: Sämisch Variation, Orthodox Variation	دفاع هندی شاه	d2d4 g8f6 c2c4 g7g6 b1c3 f8g7 e2e4 d7d6 f2f3 e8g8 c1e3 e7e5
E86	King's Indian Defense: Sämisch Variation	دفاع هندی شاه	d2d4 g8f6 c2c4 g7g6 b1c3 f8g7 e2e4 d7d6 f2f3 e8g8 c1e3 e7e5 g1e2 c7c6
E87	King's Indian Defense: Sämisch Variation, Bronstein Defense	دفاع هندی شاه	d2d4 g8f6 c2c4 g7g6 b1c3 f8g7 e2e4 d7d6 f2f3 e8g8 c1e3 e7e5 d4d5 f6h5 d1d2 d8h4 g2g3 h5g3 d2f2 g3f1 f2h4 f1e3 e1e2
E87	King's Indian Defense: Sämisch Variation, Closed Variation	دفاع هندی شاه	d2d4 g8f6 c2c4 g7g6 b1c3 f8g7 e2e4 d7d6 f2f3 e8g8 c1e3 e7e5 d4d5
E87	King's Indian Defense: Sämisch Variation, Orthodox Variation, Bronstein Variation	دفاع هندی شاه	d2d4 g8f6 c2c4 g7g6 b1c3 f8g7 e2e4 d7d6 f2f3 e8g8 c1e3 e7e5 d4d5 f6h5 d1d2 d8h4 g2g3 h5g3 d2f2 g3f1 f2h4 f1e3 e1e2 e3c4
E88	King's Indian Defense: Sämisch Variation, Closed Variation	دفاع هندی شاه	d2d4 g8f6 c2c4 g7g6 b1c3 f8g7 e2e4 d7d6 f2f3 e8g8 c1e3 e7e5 d4d5 c7c6
E89	King's Indian Defense: Sämisch Variation, Closed Variation, Main Line	دفاع هندی شاه	d2d4 g8f6 c2c4 g7g6 b1c3 f8g7 e2e4 d7d6 f2f3 e8g8 c1e3 e7e5 g1e2 c7c6 d4d5 c6d5
E90	King's Indian Defense: Larsen Variation	دفاع هندی شاه	d2d4 g8f6 c2c4 g7g6 b1c3 f8g7 e2e4 d7d6 g1f3 e8g8 c1e3
E90	King's Indian Defense: Normal Variation, Rare Defenses	دفاع هندی شاه	d2d4 g8f6 c2c4 g7g6 b1c3 f8g7 e2e4 d7d6 g1f3
E90	King's Indian Defense: Zinnowitz Variation	دفاع هندی شاه	d2d4 g8f6 c2c4 g7g6 b1c3 f8g7 e2e4 d7d6 g1f3 e8g8 c1g5
E91	King's Indian Defense: Kazakh Variation	دفاع هندی شاه	d2d4 g8f6 c2c4 g7g6 b1c3 f8g7 e2e4 d7d6 g1f3 e8g8 f1e2 b8a6
E91	King's Indian Defense: Orthodox Variation	دفاع هندی شاه	d2d4 g8f6 c2c4 g7g6 b1c3 f8g7 e2e4 d7d6 g1f3 e8g8 f1e2
E92	King's Indian Defense: Exchange Variation	دفاع هندی شاه	d2d4 g8f6 c2c4 g7g6 b1c3 f8g7 e2e4 d7d6 g1f3 e8g8 f1e2 e7e5 d4e5
E92	King's Indian Defense: Orthodox Variation	دفاع هندی شاه	d2d4 g8f6 c2c4 g7g6 b1c3 f8g7 e2e4 d7d6 g1f3 e8g8 f1e2 e7e5
E92	King's Indian Defense: Orthodox Variation, Gligoric-Taimanov System	دفاع هندی شاه	d2d4 g8f6 c2c4 g7g6 b1c3 f8g7 e2e4 d7d6 g1f3 e8g8 f1e2 e7e5 c1e3
E92	King's Indian Defense: Petrosian Variation	دفاع هندی شاه	d2d4 g8f6 c2c4 g7g6 b1c3 f8g7 e2e4 d7d6 g1f3 e8g8 f1e2 e7e5 d4d5
E92	King's Indian Defense: Petrosian Variation, Stein Defense	دفاع هندی شاه	d2d4 g8f6 c2c4 g7g6 b1c3 f8g7 e2e4 d7d6 g1f3 e8g8 f1e2 e7e5 d4d5 a7a5
E93	King's Indian Defense: Petrosian Variation, Keres Defense	دفاع هندی شاه	d2d4 g8f6 c2c4 g7g6 b1c3 f8g7 e2e4 d7d6 g1f3 e8g8 f1e2 e7e5 d4d5 b8d7 c1g5 h7h6 g5h4 g6g5 h4g3 f6h5 h2h4
E93	King's Indian Defense: Petrosian Variation, Normal Defense	دفاع هندی شاه	d2d4 g8f6 c2c4 g7g6 b1c3 f8g7 e2e4 d7d6 g1f3 e8g8 f1e2 e7e5 d4d5 b8d7
E94	King's Indian Defense: Orthodox Variation	دفاع هندی شاه	d2d4 g8f6 c2c4 g7g6 b1c3 f8g7 e2e4 d7d6 g1f3 e8g8 f1e2 e7e5 e1g1
E94	King's Indian Defense: Orthodox Variation, Donner Defense	دفاع هندی شاه	d2d4 g8f6 c2c4 g7g6 b1c3 f8g7 e2e4 d7d6 g1f3 e8g8 f1e2 e7e5 e1g1 c7c6
E94	King's Indian Defense: Orthodox Variation, Glek Defense	دفاع هندی شاه	d2d4 g8f6 c2c4 g7g6 b1c3 f8g7 e2e4 d7d6 g1f3 e8g8 f1e2 e7e5 e1g1 b8a6
E94	King's Indian Defense: Orthodox Variation, Positional Defense	دفاع هندی شاه	d2d4 g8f6 c2c4 d7d6 b1c3 b8d7 e2e4 e7e5 g1f3 g7g6 f1e2 f8g7 e1g1 e8g8
E94	King's Indian Defense: Orthodox Variation, Positional Defense, Closed Line	دفاع هندی شاه	d2d4 g8f6 c2c4 g7g6 b1c3 f8g7 e2e4 d7d6 g1f3 e8g8 f1e2 b8d7 e1g1 e7e5 d4d5
E94	King's Indian Defense: Orthodox Variation, Ukrainian Defense	دفاع هندی شاه	d2d4 g8f6 c2c4 g7g6 b1c3 f8g7 e2e4 d7d6 g1f3 e8g8 f1e2 e7e5 e1g1 a7a5
E95	King's Indian Defense: Orthodox Variation	دفاع هندی شاه	d2d4 g8f6 c2c4 g7g6 b1c3 f8g7 e2e4 d7d6 g1f3 e8g8 f1e2 e7e5 e1g1 b8d7 f1e1
E96	King's Indian Defense: Orthodox Variation, Positional Defense, Main Line	دفاع هندی شاه	d2d4 g8f6 c2c4 g7g6 b1c3 f8g7 e2e4 d7d6 g1f3 e8g8 f1e2 e7e5 e1g1 b8d7 f1e1 c7c6 e2f1 a7a5
E97	King's Indian Defense: Orthodox Variation, Aronin-Taimanov Defense	دفاع هندی شاه	d2d4 g8f6 c2c4 g7g6 b1c3 f8g7 e2e4 d7d6 g1f3 e8g8 f1e2 e7e5 e1g1 b8c6
E97	King's Indian Defense: Orthodox Variation, Bayonet Attack	دفاع هندی شاه	d2d4 g8f6 c2c4 g7g6 b1c3 f8g7 e2e4 d7d6 g1f3 e8g8 f1e2 e7e5 e1g1 b8c6 d4d5 c6e7 b2b4
E97	King's Indian Defense: Orthodox Variation, Bayonet Attack, Sokolov's Line	دفاع هندی شاه	d2d4 g8f6 c2c4 g7g6 b1c3 f8g7 e2e4 d7d6 g1f3 e8g8 f1e2 e7e5 e1g1 b8c6 d4d5 c6e7 b2b4 f6h5 f1e1
E97	King's Indian Defense: Orthodox Variation, Bayonet Attack, Yepishin's Line	دفاع هندی شاه	d2d4 g8f6 c2c4 g7g6 b1c3 f8g7 e2e4 d7d6 g1f3 e8g8 f1e2 e7e5 e1g1 b8c6 d4d5 c6e7 b2b4 f6h5 d1c2
E97	King's Indian Defense: Orthodox Variation, Korchnoi Attack	دفاع هندی شاه	d2d4 g8f6 c2c4 g7g6 b1c3 f8g7 e2e4 d7d6 g1f3 e8g8 f1e2 e7e5 e1g1 b8c6 d4d5 c6e7 c1d2
E97	King's Indian Defense: Orthodox Variation, Modern System	دفاع هندی شاه	d2d4 g8f6 c2c4 g7g6 b1c3 f8g7 e2e4 d7d6 g1f3 e8g8 f1e2 e7e5 e1g1 b8c6 d4d5 c6e7 f3d2
E98	King's Indian Defense: Orthodox Variation, Classical System	دفاع هندی شاه	d2d4 g8f6 c2c4 g7g6 b1c3 f8g7 e2e4 d7d6 g1f3 e8g8 f1e2 e7e5 e1g1 b8c6 d4d5 c6e7 f3e1
E98	King's Indian Defense: Orthodox Variation, Classical System, Kozul Gambit	دفاع هندی شاه	d2d4 g8f6 c2c4 g7g6 b1c3 f8g7 e2e4 d7d6 g1f3 e8g8 f1e2 e7e5 e1g1 b8c6 d4d5 c6e7 f3e1 f6d7 c1e3 f7f5 f2f3 f5f4 e3f2 g6g5 a1c1 e7g6 c4c5
E98	King's Indian Defense: Orthodox Variation, Classical System, Neo-Classical Line	دفاع هندی شاه	d2d4 g8f6 c2c4 g7g6 b1c3 f8g7 e2e4 d7d6 g1f3 e8g8 f1e2 e7e5 e1g1 b8c6 d4d5 c6e7 f3e1 f6d7 c1e3
E99	King's Indian Defense: Orthodox Variation, Classical System, Benko Attack	دفاع هندی شاه	d2d4 g8f6 c2c4 g7g6 b1c3 f8g7 e2e4 d7d6 g1f3 e8g8 f1e2 e7e5 e1g1 b8c6 d4d5 c6e7 f3e1 f6d7 f2f3 f7f5 g2g4
E99	King's Indian Defense: Orthodox Variation, Classical System, Traditional Line	دفاع هندی شاه	d2d4 g8f6 c2c4 g7g6 b1c3 f8g7 e2e4 d7d6 g1f3 e8g8 f1e2 e7e5 e1g1 b8c6 d4d5 c6e7 f3e1 f6d7 f2f3 f7f5
