# Puzzles from the Lichess puzzle database (CC0), chosen by python/puzzles.py.
# id<TAB>fen<TAB>moves (UCI; the first is the opponent's)<TAB>rating<TAB>themes
X1Ye5	r3r2k/2p2pp1/2n5/p5P1/1bPq1p1P/1P2P2R/1PQ2P2/R2K2N1 w - - 0 21	e3d4 e8e1	530	mate mateIn1 middlegame
Y8I1T	3r4/5pkp/1p3bp1/4q3/8/1B3Q2/PP3PPP/3R2K1 w - - 5 28	d1d8 e5e1	548	endgame mate mateIn1
ZWmUO	r1bq1rk1/pp2bppp/2p1p3/3NQ3/2B5/1P6/PBPP1PPP/2KR3R b - - 0 12	c6d5 e5g7	566	kingsideAttack mate mateIn1 middlegame
uRVPg	r2q1rk1/ppp2ppp/1n6/3nP1P1/4Q3/2N5/PP4P1/R1B1K2R b KQ - 0 16	d5c3 e4h7	576	kingsideAttack mate mateIn1 middlegame
mX46Y	2kr3r/ppqnbpp1/4p3/1P1p2Np/N2P2n1/P6P/2PB1PP1/R2Q1RK1 w - - 2 16	g5f7 c7h2	581	mate mateIn1 middlegame
NrxLW	2r3rk/pb2q1bR/1p2p1p1/3pP1P1/3B2P1/2P5/PP2Q3/4RBK1 b - - 0 28	h8h7 e2h2 g7h6 h2h6	592	mate mateIn2 middlegame
gJca8	1n1qk2r/r1p1bppp/p3pn2/4N1B1/1p1PN3/5QP1/PPP2PKP/3R1R2 b k - 7 14	f6e4 f3f7	594	mate mateIn1 middlegame
uZq5K	r5r1/pp3p1k/2p2n1p/3p1P1q/3Pp3/1BP3RQ/P1P2PPP/4R1K1 w - - 8 25	e1e3 h5d1 e3e1 d1e1	600	kingsideAttack mate mateIn2 middlegame
WgrNH	5k2/R7/5K2/6Pp/7r/8/8/8 b - - 1 37	h4b4 a7a8 b4b8 a8b8	602	endgame mate mateIn2 rookEndgame
gaDUd	4k1r1/2qr1R2/p1Q1p3/1p6/1B4b1/P7/6P1/5RK1 b - - 0 38	c7c6 f7f8 g8f8 f1f8	605	mate mateIn2 middlegame
I3VBW	5rk1/5ppp/1Q6/4P3/5q2/8/PPPR3P/2Kb4 w - - 0 26	c1d1 f4f1	615	endgame mate mateIn1
HuHBE	r1N2k2/pp3pq1/2p5/4P3/1PP2P2/5K2/P4P2/3RR2r b - - 0 25	h1e1 d1d8	620	endgame mate mateIn1
AsqFo	3r2k1/1pQ2ppp/p3pb2/1q6/3B4/P1P4P/1P3PPK/8 b - - 3 27	f6d4 c7d8 b5e8 d8e8	621	endgame fork hangingPiece mate mateIn2
9oJC7	8/pp3p2/8/2pPkp2/2P1r3/5KP1/P1R4P/8 b - - 0 30	e4e1 c2e2 e1e2 f3e2	624	endgame rookEndgame
iGBE7	7k/2r3p1/7p/8/p5Q1/P6P/1b4P1/7K w - - 0 40	g4d1 c7c1 d1c1 b2c1	628	endgame pin
hD5x4	6rk/p5B1/6Q1/1p3r1p/2pP3P/6R1/P4qPK/8 b - - 0 32	g8g7 g6g7	631	endgame mate mateIn1
410ih	r4rk1/2R3Rp/p3p3/q3Pn2/1p4Q1/8/PP3PPP/5K2 b - - 0 23	f5g7 g4g7	634	endgame mate mateIn1
xOGzH	r4rk1/1b3pp1/1p1qpN2/6p1/3p4/2NQP3/PP3P1R/R3K3 b Q - 0 21	g7f6 d3h7	637	mate mateIn1 middlegame
9lpqz	2k5/1pp3R1/p5p1/2N3P1/1P3n2/r2p4/5K2/8 b - - 1 36	d3d2 g7g8	637	endgame mate mateIn1
OtZ7Q	2k2r2/pp3b2/2pr1p2/Pq2p2p/Nn2P2P/QB6/1PP5/1K1R1R2 w - - 0 31	d1d6 b5f1 d6d1 f1d1	638	hangingPiece mate mateIn2 middlegame
wE67H	6k1/5p2/p3p3/3pP3/8/4q2r/5bP1/3Q1R1K w - - 0 36	g2h3 e3h3	640	endgame mate mateIn1
W2Myv	8/5p2/5k2/3ppN2/4p1PK/2Rbr2P/8/8 b - - 1 39	d5d4 c3c6	643	endgame mate mateIn1
Nr5jn	2r2k2/6RR/3P4/2r5/1p6/4b3/PP2N1B1/1K6 w - - 1 36	d6d7 c5c1 e2c1 c8c1	644	mate mateIn2 middlegame sacrifice
8r40B	2rbr1k1/p1p2ppp/1pP1q3/3p2n1/N2P4/3B1PBb/PP4PK/2RQR3 b - - 1 20	e6h6 e1e8	645	hangingPiece kingsideAttack mate mateIn1 middlegame
yGv7n	r4rk1/4b1pp/2pqp3/p2n2B1/P2P2n1/1QN4P/1P2NP2/R4RK1 w - - 0 18	g5e7 d6h2	646	mate mateIn1 middlegame
MhxIY	1k6/pp3prp/3q2r1/Q2pR3/6P1/2P2P2/PP1N4/2K4R b - - 0 27	d6e5 a5d8	650	endgame mate mateIn1
PmhjM	1kb2R2/p3N3/1p6/2p1Pp1p/2P1q1p1/1P6/P5PP/3R2K1 w - - 10 38	d1d8 e4e1	650	endgame mate mateIn1
46rlA	5k2/p4pp1/1p1q3p/1Pn5/P1pb1P2/5QP1/2Pr3P/N3R2K b - - 2 31	d6d7 f3a8 d7c8 a8c8	654	mate mateIn2 middlegame
acSs0	7q/7P/3k2K1/p4pN1/8/4nP2/P7/8 b - - 5 48	e3d5 g5f7 d6e6 f7h8	654	endgame fork
wIsYY	1k4r1/p1p5/Pp1p1N2/1r5p/8/7P/5PP1/R5K1 b - - 1 28	g8f8 f6d7 b8c8 d7f8	655	endgame fork
my9Xk	r1b2rBk/ppp2pp1/2n5/6q1/1P4P1/P3P3/1BQPP3/R3K2R b KQ - 4 21	h8g8 c2h7	655	mate mateIn1 middlegame
vvzNI	r4rk1/1b3pbp/p3p1p1/1pPq4/5B2/3BP3/PP3PPP/R2Q1RK1 w - - 1 16	f4d6 d5g2	658	kingsideAttack mate mateIn1 middlegame
VADF5	1r1q1rk1/3nppbp/3p2p1/Q7/1P6/4P1P1/3BRPBP/R5K1 w - - 3 23	a1b1 d8a5 b4a5 b8b1	661	middlegame
GrmFG	3r1kr1/1b5p/3P2q1/pp3Q2/2pB4/2P5/P5PP/4RRK1 b - - 0 28	g6f5 f1f5	661	mate mateIn1 middlegame
1j4RC	4r1k1/pp3pp1/7p/8/6Q1/1P3P2/4q2P/6RK b - - 0 34	e2e6 g4g7	664	endgame mate mateIn1
gJQbO	r2q1rk1/2p1bppp/p7/1p2p3/4P1n1/2PP2Nb/PPB2P1P/R1BQ2RK w - - 1 17	f2f3 g4f2	664	mate mateIn1 middlegame
cXlzb	r3k1r1/pp2bp1p/2p1pp2/1P6/P4qb1/3P1BP1/2P2P1P/R2Q1RK1 w q - 1 17	g3f4 g4f3	665	discoveredAttack kingsideAttack mate mateIn1 middlegame
MX5cQ	r4rk1/pp3p1p/8/3pBp2/2P2P2/2P3q1/P2KB3/6RR b - - 1 21	g3g1 h1g1	665	endgame hangingPiece mate mateIn1
EvzPi	4r1k1/pbp5/3b1B2/6p1/1P2P3/P1Q2P1q/2P4P/R3R2K w - - 0 26	e1g1 h3h2	667	mate mateIn1 middlegame
34gd6	r4rk1/pppqb1p1/2bp1n1p/5pN1/3Q3P/1P2P3/PBP1NPP1/2KR3R b - - 0 13	f6g4 d4g7	668	kingsideAttack mate mateIn1 middlegame
f6z6h	r1b1k2r/pppp1ppp/2n2q2/2b1N3/4n3/6PP/PPPP1PB1/RNBQK2R w KQkq - 1 7	g2e4 f6f2	670	mate mateIn1 opening
k5Vtv	6Q1/4k2p/6p1/6P1/3P2p1/1KP5/5q2/8 w - - 0 57	g8h7 f2f7 h7f7 e7f7	671	endgame
obKyC	2r1kb1r/2q2pp1/p1p1p1p1/3p2B1/3P2n1/2NQ3P/PPP1RP2/R5K1 w k - 0 17	h3g4 c7h2 g1f1 h2h1	672	kingsideAttack mate mateIn2 middlegame
FVhhI	8/8/5k2/6pp/5p2/2K4P/p1Nr2P1/6R1 b - - 1 43	d2g2 g1g2 a2a1r c2a1	677	endgame hangingPiece
6w5zg	5k2/5r1r/3p4/3P1N2/1pn1pR1P/p3P2K/2R5/8 b - - 1 54	c4e3 c2c8	678	endgame mate mateIn1
hR0ib	3r4/8/1P6/4P3/3B1p2/2P2k1p/7K/8 w - - 1 41	h2h3 d8h8	678	endgame mate mateIn1
VnYkj	5rk1/1Qn2ppp/2n1p3/q7/3P4/5B2/3N1PPP/1R4K1 b - - 0 20	f8b8 b7b8 c6b8 b1b8 c7e8 b8e8	679	backRankMate mate mateIn3 middlegame
s3RiU	2r4k/pp4pp/3BQp2/4n2n/5q2/5P2/P1r1BP1P/3R2RK b - - 6 22	c2e2 e6c8	679	hangingPiece mate mateIn1 middlegame
EZrEP	6rk/4Qp1p/8/p1ppP3/8/5NK1/PPq3P1/5R1R w - - 3 27	g3h2 c2g2	680	endgame mate mateIn1
eaJPN	r3r1k1/3n2p1/p2qp2p/2p1p3/2Bp4/1P1P2QP/2P2PP1/R3R1K1 w - - 4 22	a1a6 a8a6 c4a6 d6a6	683	middlegame
1RyE7	r3k2r/1b3pp1/p2Pp3/1pb5/4qP2/P2P2Pp/1P1BN2P/2R2Q1K w kq - 0 23	d3e4 b7e4 f1f3 e4f3	684	kingsideAttack mate mateIn2 middlegame
c9MqU	5k2/p1p5/1b1p1r1P/1P1P4/2P3R1/3B1P2/6P1/7K w - - 1 45	h6h7 f6h6 g4h4 h6h4	684	endgame mate mateIn2
YJV4Q	r4rk1/1p3p2/p5p1/2pP3p/2P5/2Q2Nqb/PP1RB1P1/3R2K1 w - - 3 27	f3e5 g3g2	685	kingsideAttack mate mateIn1 middlegame
yd6eW	3r2k1/pb4p1/4pr1p/1B1qNp1n/3P3P/P7/3Q1PP1/2R1R1K1 w - - 7 26	b5c4 d5g2	686	kingsideAttack mate mateIn1 middlegame
h547U	r2qr1k1/ppp1pp1p/3p2pB/2nP4/4PP2/2Q5/PPP3PP/R4RK1 b - - 0 16	c5e4 c3g7	687	mate mateIn1 middlegame
3V8VC	4nk2/3b1r1p/2qb1p1P/1p1r1p1N/p4Pp1/P1P1R1P1/1PB1Q2K/2B1R3 b - - 12 40	c6c4 e3e8 d7e8 e2e8	689	mate mateIn2 middlegame
bcA9v	r1b2rk1/1pq1ppbp/p2p1np1/3N4/2PQ4/1P2PB2/PB3PPP/R3K2R b KQ - 3 12	f6d5 d4g7	689	kingsideAttack mate mateIn1 middlegame
O1D8i	5r1k/p3R2p/5P2/8/4KP2/7r/P7/6R1 b - - 3 40	f8f6 e7e8 f6f8 e8f8	689	endgame mate mateIn2 rookEndgame
8i7eu	3k1r2/pp2r3/7p/3P2p1/1PPb2Q1/P7/6PP/3R1q1K w - - 5 30	d1f1 f8f1	690	backRankMate endgame mate mateIn1
QQjTD	8/6nk/1p1R2p1/1P5p/2P1P2N/3P2Pn/r6P/4R1K1 w - - 3 43	g1f1 a2f2	692	endgame mate mateIn1
WvMdw	1Bk5/5n2/p2p1Pp1/1p1P2P1/1P3K2/8/8/8 w - - 27 66	b8d6 f7d6 f6f7 d6f7	692	endgame hangingPiece
bnCwB	r2q1rk1/pbp1b1pp/1p1pp3/3P4/1PP1p3/P1Q1PN2/1B3PPP/R4RK1 b - - 0 15	e4f3 c3g7	693	kingsideAttack mate mateIn1 middlegame
3lkPE	5rk1/r3bppp/p3p3/1pp3q1/3P4/4P2R/PPQ1P1B1/2R3K1 b - - 0 21	a7c7 c2h7	694	kingsideAttack mate mateIn1 middlegame
sCGW2	4r1k1/pp3ppp/2Pb1n2/8/8/P4B1P/1q3PP1/1NQ3K1 w - - 0 21	c1b2 e8e1	694	endgame mate mateIn1
gceM8	5rk1/1p4pp/8/5r2/1PPP4/P3R3/3p2PP/3R2K1 w - - 1 37	e3e2 f5f1 d1f1 f8f1 g1f1 d2d1q	697	advancedPawn attraction endgame promotion rookEndgame
jM8nL	8/5Qpk/1p6/1P1P1P2/1P5p/4p1qP/6P1/7K w - - 0 40	f7g6 g3g6 f5g6 h7g6	697	endgame
MiSZh	8/R5p1/p4k1p/qp1bp3/5b2/8/1Q1R2PP/7K w - - 0 38	d2f2 a5e1 f2f1 e1f1	697	endgame mate mateIn2
ezwac	5rk1/pQ4bp/4Nnp1/4n3/3q4/7P/P1R2PPK/8 b - - 0 28	d4b6 b7g7	698	mate mateIn1 middlegame
euC8B	8/3k1N2/8/3P2p1/2P2p2/4p2P/2r3P1/4K3 b - - 6 56	c2c4 f7e5 d7d6 e5c4	698	endgame fork
NgxN9	4rk2/1p3prp/p7/8/2P1q2Q/R7/5PPP/5RK1 w - - 4 27	h4h6 e4g2	700	endgame mate mateIn1
ihmRp	8/5rk1/1p5p/2pQ3P/P5P1/6K1/2P2r2/8 b - - 5 65	f2f3 d5f3 f7f3 g3f3	710	endgame
9IJ9d	b5k1/p4ppp/2p1p3/2Pn4/4P3/P5P1/2r2PBP/3R2K1 b - - 0 26	d5f6 d1d8 f6e8 d8e8	727	backRankMate endgame fork mate mateIn2
Cpa77	r3k2r/4bppp/p3bn2/1R6/QPPq4/8/P2N1PPP/R1B3K1 b kq - 0 16	d4a1 b5b8	730	doubleCheck mate mateIn1 middlegame
TiyRW	r2q1rk1/ppp2pp1/5b2/6P1/3pQ3/2P1P3/PP3P2/RN2K2R b KQ - 0 18	f6g5 e4h7	733	mate mateIn1 middlegame
jqG75	rn4k1/p4ppp/b7/3P4/4qBn1/7P/PP2QPP1/2R1KB1R b K - 1 20	a6e2 c1c8 e4e8 c8e8	734	backRankMate mate mateIn2 middlegame
6dY6Q	8/5k2/8/2p5/1p6/1P2bp1P/P1R5/1K6 w - - 0 45	h3h4 f3f2 c2f2 e3f2	736	advancedPawn endgame
We3sD	rnbq1k1r/pp2npp1/2p1p3/3pP1Qp/1b1P3P/2N5/PPPB1PP1/2KR1BNR b - - 1 9	e7f5 g5d8	736	hangingPiece mate mateIn1 middlegame
FJaKX	r5k1/p1p2ppp/2p2r2/5b2/8/2PPqQ2/PP4PP/R3NK1R w - - 8 18	f3e3 f5d3 f1g1 f6f1	737	doubleCheck mate mateIn2 middlegame
Gc8cQ	rnb1k1nr/pppp1ppp/5q2/2b1p3/4P3/6P1/PPPP1PBP/RNBQK1NR w KQkq - 3 4	d2d3 f6f2	742	mate mateIn1 opening
QkZ8x	r2q2k1/ppp2p2/3p2pp/6n1/3b1B2/2N3Pb/PP3PBK/R3Q3 w - - 0 18	g2h3 g5f3 h2g2 f3e1	746	fork middlegame
j8ACl	rnb3k1/p6p/2p1p2p/q2pP1r1/2pP2B1/2N1P3/PP4Q1/R3K3 b Q - 3 21	h6h5 g4e6 c8e6 g2g5	749	discoveredAttack kingsideAttack middlegame
CqtKi	rn1qkr2/pp2ppQp/2p5/3p2NR/3P4/8/PPb1PPP1/R3KB2 w Qq - 0 14	g5h7 d8a5 b2b4 a5b4	754	mate mateIn2 middlegame
Lrb3p	rnb1kb1r/ppp2ppp/4p3/3p4/4nP1q/1P1BP3/PBPP2PP/RN1QK1NR w KQkq - 3 6	e1e2 h4f2	754	mate mateIn1 opening
97cz2	2rk4/1b2bppp/p2p1n2/3Pp1B1/B3P3/P6Q/1P3PPP/6K1 w - - 8 24	g5f6 c8c1 a4d1 c1d1	754	backRankMate endgame mate mateIn2
yVAmh	2r5/p2n1kb1/1p5p/1N3pp1/2PP1p2/1N6/PP4PP/5RK1 b - - 2 28	c8c4 b5d6 f7e6 d6c4	756	endgame fork
5AS79	r1bqrn1k/pp2bQpB/2p2p2/3pN3/3P1P2/2P1B2P/PP4P1/R4RK1 b - - 0 16	f6e5 f7g8	759	mate mateIn1 middlegame
ufjVR	3r3r/p2k1ppp/b1p5/8/8/b4N2/P1PB1PPP/RK5R w - - 7 17	c2c3 a6d3	759	mate mateIn1 middlegame
7l9he	5rk1/6p1/p2q3p/3p4/P1p1p2Q/2P1P2P/1n4P1/1R3N1K w - - 0 31	b1b2 f8f1	759	endgame hangingPiece mate mateIn1
nArJP	2r2r2/4n2p/8/p3P3/1p5k/5B2/4NK2/2B2R2 b - - 11 38	e7g6 f1h1	760	mate mateIn1 middlegame
VcgEK	r4rk1/pp3ppp/5n2/4q3/3P2b1/P1NB4/1P1Q1PPP/R4RK1 b - - 0 15	e5d4 d3h7 g8h7 d2d4	764	discoveredAttack kingsideAttack middlegame
uj0aC	2rr1k2/5p2/p3p1p1/1p2P2p/5P2/P3BR1P/6P1/R6K w - - 0 30	a1c1 c8c1 e3c1 d8d1 h1h2 d1c1	765	endgame fork
nOvpo	rnbq1k1r/ppn2P2/3p2QP/2p1p3/2P5/1PP5/P4P2/4KBNR b K - 0 15	d8e7 g6g7	766	mate mateIn1 middlegame
d89GS	4N3/8/1p6/p2pPb2/2kP2pb/P1B5/1P6/5K2 b - - 1 42	b6b5 e8d6 c4d3 d6f5	771	endgame fork
m57Yc	8/3k4/3P2rp/2R1Pp2/2p2K2/6P1/1P6/8 w - - 2 38	c5c4 g6g4 f4f5 g4c4	772	endgame rookEndgame skewer
t7UaY	8/3Q1pk1/4p3/3p1p1p/P7/2n1P3/3R1PPP/1r1qK3 w - - 0 34	d2d1 b1d1	773	endgame mate mateIn1
L25SZ	qr1r1nk1/5pp1/1p2pb1p/1B6/2NP1B2/1Q4Pb/PP3P1P/2R1R1K1 w - - 7 25	f4b8 a8g2	774	mate mateIn1 middlegame
Pv8lV	r2q1r2/1pp1p2k/p1n1B1p1/3p2P1/5b2/2P1P3/PP1NKPP1/R6Q b - - 1 19	h7g7 h1h6	776	mate mateIn1 middlegame
125Zx	r2qr1k1/p4ppp/2Q5/8/6n1/2N5/PP3PPK/R1BR4 w - - 0 18	h2g1 d8d1 c3d1 e8e1	776	mate mateIn2 middlegame sacrifice
ntIYZ	3r2k1/5pp1/8/1p2R3/1PrpR2p/2PQ1PqP/6P1/6K1 b - - 0 32	c4c3 e5e8 d8e8 e4e8	777	endgame mate mateIn2
Aj1JS	3r3k/3r1pp1/pp3q1p/2pBb3/P1P5/3Q2PP/1P2RP2/4R1K1 b - - 3 32	e5d4 e2e8 d8e8 e1e8	778	kingsideAttack mate mateIn2 middlegame
o2ji2	7k/5R1p/p4Np1/1p2p3/1P3r2/r3b3/4K1PP/3R4 b - - 3 38	f4f6 d1d8	779	endgame mate mateIn1
zikLF	2kr4/2p1r3/bp1qPp1p/p2p1Pp1/2PP2P1/4BQ1P/P5K1/1RR5 b - - 0 26	d5c4 f3a8	781	mate mateIn1 middlegame
5yzQb	2r3k1/pb2bp1p/1p2q1pB/5R2/3Q4/3B4/1P4PP/5RK1 b - - 0 23	g6f5 d4g7	781	mate mateIn1 middlegame
HjH1W	r1bq1r1k/1p4p1/p1np2p1/3N1p2/2B5/1N5R/PPP2PPP/R5K1 b - - 1 18	h8g8 d5e7	781	doubleCheck mate mateIn1 middlegame
M4qYh	1r4k1/2Nn4/1pb3p1/pB2P3/P2p3r/2P1R3/1P3P2/4R1K1 w - - 0 37	c3d4 h4h1	781	mate mateIn1 middlegame
bs9nt	r4rk1/ppp2pp1/2P1p1b1/2b4p/4P2P/2P3n1/PP4BN/RNBR2K1 w - - 1 16	c1e3 c5e3	781	hangingPiece kingsideAttack mate mateIn1 middlegame
EOSaQ	8/5ppk/1p3q2/p1p5/8/P2r2PQ/1P2RPK1/8 b - - 6 38	h7g8 e2e8	782	endgame mate mateIn1
Cfiul	6k1/7p/2R3p1/2p3r1/2Kr4/P7/1PP4R/8 w - - 9 38	c4c3 g5g3	782	endgame mate mateIn1 rookEndgame
XtKsZ	1b2r1k1/pp4p1/2pqp2p/5p2/2Pr4/7P/PPB1QPP1/3RR1K1 w - - 4 23	d1d4 d6h2 g1f1 h2h1	782	kingsideAttack mate mateIn2 middlegame
TxWdN	6k1/pRp2ppp/6q1/8/2Pr1Pn1/2Qb2P1/P3r1BP/2K3R1 b - - 3 26	d4c4 b7b8 e2e8 b8e8	784	kingsideAttack mate mateIn2 middlegame
q4DuZ	r6r/p2k4/1pq1p1P1/3pPp2/P1nP1P1b/2B4P/1P2B3/1R1Q1KR1 w - - 1 29	b2b3 c4e3	785	mate mateIn1 middlegame
Rmw6e	r1b1k2r/pppp1ppp/4p3/2b5/4P1nq/1BNP1Q2/PPP2PPP/R1B2RK1 w kq - 1 9	g2g3 h4h2	786	kingsideAttack mate mateIn1 opening
BOyUH	r1b1r1k1/pp3ppp/1bn5/8/1P6/P2q1N2/1B1QBPPP/R3K2R b KQ - 3 17	b6f2 e1f2 d3d2 f3d2	787	hangingPiece middlegame
wcr9M	5rk1/2n2pp1/p2Rb2p/1q2P3/5P2/2N3Q1/2r3PP/2R4K w - - 0 27	c1c2 b5f1	787	mate mateIn1 middlegame
cZvhY	7k/p4R1p/5p2/3p1P2/1R6/4p3/P1r4r/6K1 b - - 1 26	h2d2 b4b8 c2c8 b8c8	787	endgame mate mateIn2 rookEndgame
bfzKw	r3k2r/pp1n1p1p/2p1pp2/5P2/3Pb1B1/2P3qP/PP4P1/R1BQ1R1K w kq - 1 18	c1f4 g3g2	788	kingsideAttack mate mateIn1 middlegame
FSGSp	5k1r/4qBp1/1p1nP2p/3p1N2/5Q2/8/2P1K1PP/8 b - - 2 30	d6f5 f4b8 e7d8 b8d8	789	endgame mate mateIn2
SRXWr	2r1rNk1/1pq2p1p/4pBp1/1p1p2Q1/P2n4/1P1BP3/5PPP/R4K1R w - - 0 22	g5h6 c7c1 a1c1 c8c1	789	mate mateIn2 middlegame sacrifice
2SXgS	Q5nk/pp4pp/3N4/4P3/5n2/8/P2q2bP/R5RK w - - 0 28	g1g2 d2g2	789	mate mateIn1 middlegame
kVF6T	r1b3k1/6pp/p1nq4/1pBNn3/1P6/8/P1P3PP/R2Q2K1 b - - 2 22	d6g6 d5e7 g8h8 e7g6	790	fork middlegame
ImnqY	r1b2rk1/pp4pp/4p3/1p5q/3Q1p2/8/PPPP1PPP/R1B1R1K1 w - - 0 17	e1e5 h5d1 e5e1 d1e1	790	kingsideAttack mate mateIn2 middlegame
4JhwU	6k1/2p1q3/1p1p2p1/pP1Pp1P1/1n2P3/1P2Q2B/1P1K4/8 b - - 0 27	e7f7 h3e6 g8g7 e6f7	792	endgame pin
L5OZh	r2r2k1/pp2qppp/2p1b3/2npP1N1/8/8/PPQB1PPP/R3R1K1 b - - 9 20	h7h6 c2h7 g8f8 h7h8	793	kingsideAttack mate mateIn2 middlegame
WpKdQ	1r3rk1/3R1ppp/p7/3B4/1P6/2n1P2P/5PP1/1R4K1 w - - 7 30	b1c1 c3e2 g1h2 e2c1	794	endgame fork
TNbx8	1r1q1b1r/p1p1k1p1/2B2BQ1/4n3/3pN3/7P/PPP5/R3K2R b KQ - 0 18	g7f6 g6f6	796	mate mateIn1 middlegame
vHYt4	r3r1k1/pp3ppp/8/3pq3/5b1B/2P4P/PPQ2PP1/R4RK1 w - - 0 19	f1e1 e5e1 a1e1 e8e1	796	kingsideAttack mate mateIn2 middlegame
SM1Bb	1k6/p4ppp/Q2Pp3/p2b2q1/8/3R4/1PP2P1P/2K5 w - - 3 28	c1b1 g5g1 d3d1 g1d1	796	endgame mate mateIn2
z9EPW	Q7/8/6pk/3K1p2/8/6P1/1p6/8 b - - 0 49	b2b1q a8h8 h6g5 h8h4	797	endgame mate mateIn2
y0aHl	r4rk1/1b2ppbp/p5p1/1p1qn3/8/P4N1P/1PPBB1P1/R2Q1RK1 w - - 0 16	f3e5 d5g2	798	kingsideAttack mate mateIn1 middlegame
oZZj9	rn5R/p2pkp2/1p2pp2/4N2p/4b3/P3P1P1/1P3P1P/3R2K1 w - - 1 19	e5d7 b8d7 h8a8 e4a8	798	endgame
Vzp6H	r1b2rk1/ppp2pp1/2nqp3/3n2NQ/3P4/8/PPP2PPP/R1B2RK1 b - - 3 13	f7f6 h5h7	799	mate mateIn1 opening
2xsfq	2kr3r/ppp2pp1/4p1qp/2Np2bN/3P4/1PP1PP2/P2nK1Q1/R6R w - - 0 22	e2d2 g5e3 d2e3 g6g2	800	discoveredAttack middlegame
IZYhG	2r5/5pkp/p4p2/8/1P6/P1p2P2/3r2PP/R2R2K1 w - - 0 29	d1d2 c3d2 a1d1 c8c1 g1f1 c1d1	803	advancedPawn endgame pin rookEndgame
5MBqG	4rk2/p2R3p/1pN2Bp1/5n2/8/2P2P2/Pn4PP/6K1 w - - 1 29	d7h7 e8e1 g1f2 b2d3	812	endgame mate mateIn2
SF56x	8/3b4/3p1k2/2pP3N/p1P1K3/2r5/6R1/8 b - - 0 55	f6f7 g2g7 f7f8 g7d7	812	endgame skewer
MSUNh	3r1rk1/pQ3pbp/6p1/4P3/8/1P3N2/P3NPPP/2q3K1 w - - 0 25	e2c1 d8d1 f3e1 d1e1	812	backRankMate endgame fork mate mateIn2
0zDgI	8/R5k1/6p1/2p5/2P2KP1/P1r5/2b2P2/8 b - - 2 40	g7h6 g4g5 h6h5 a7h7	813	endgame mate mateIn2
FSkN2	8/6R1/1r1p4/2nPkPp1/6P1/4PK2/8/8 b - - 2 54	c5e4 g7e7 e5d5 e7e4	814	endgame
CzR3N	1r4rk/1q2b1p1/p2pPpQN/8/PP6/4B3/6PP/1R4K1 b - - 0 25	g7h6 g6h6	815	mate mateIn1 middlegame
LhiT1	2k1r3/1pp2ppp/p7/8/3b4/1P3B2/PKPB3P/R7 w - - 2 19	d2c3 d4c3 b2c3 e8e3 c3d4 e3f3	818	attraction endgame fork
OEecq	2r3k1/pp1p1ppp/4p3/8/8/3PPQ2/PPq3PP/5RK1 b - - 1 21	c2b2 f3f7 g8h8 f7f8 c8f8 f1f8	819	backRankMate endgame mate mateIn3 sacrifice
pFRm1	r1bqkb1r/1p2p2p/p2ppn1p/8/3P3N/2N4P/PP2BPP1/R2QK2R b KQkq - 3 12	c8d7 e2h5 f6h5 d1h5	823	mate mateIn2 opening
q4lGy	R7/5pkp/1P1b2p1/4q3/8/4PB1P/5PP1/R5K1 w - - 3 30	a1b1 e5h2 g1f1 h2h1 f1e2 h1b1	827	endgame skewer
opv1w	8/1p1r3k/3r1qpp/Q2b1p2/3R4/1P2P1P1/P4P1P/3R2K1 b - - 1 33	d5c6 d4d6 f6d6 d1d6	827	middlegame
Wv9GL	2r2rk1/2q2p1p/2p3p1/p2p4/P7/2N4P/2P1BRPK/1R1Q1n2 w - - 1 26	h2g1 c7h2 g1f1 h2h1	829	kingsideAttack mate mateIn2 middlegame sacrifice
KwPNm	r2qr1k1/pp1n1pb1/2p1p1p1/3pP1N1/2PP1P2/BP5Q/P6P/R4RK1 b - - 2 18	d5c4 h3h7	831	mate mateIn1 middlegame
W76Rf	4k2r/4qp2/3p4/2pPpQ2/1p4Pp/1b1P1N2/1P4PP/rKR4R w k - 6 28	b1a1 e7a7 a1b1 a7a2	834	mate mateIn2 middlegame
tjPNy	r3k2r/pp1b1pp1/4pn1p/3p4/3q1P2/2NB4/PP1Q1PPP/R3R1K1 b kq - 3 14	e8g8 d3h7 f6h7 d2d4	835	discoveredAttack middlegame
VoXOe	r2k3r/ppp3pp/2q5/2b2p2/3p2Nn/3B3P/PPP2P1P/RNBQR2K w - - 2 16	h1g1 c6g2	840	mate mateIn1 middlegame
1VTar	3r1rk1/1p3p2/6R1/3pp1QP/1q6/8/8/6RK b - - 0 35	f7g6 g5g6 g8h8 g6h6	842	endgame mate mateIn2
j83Lz	3q1bnr/pQr2ppp/2N1pk2/8/6b1/4P3/PP1P1PPP/RNB1K2R w KQ - 7 13	c6d8 c7c1	842	hangingPiece mate mateIn1 middlegame
jaIyL	1br1k2r/1pqnn1pp/P3p3/3p1p2/3P4/P1NBP2P/3BQPP1/R1R3K1 w k - 1 18	a6b7 c7h2 g1f1 h2h1	843	kingsideAttack mate mateIn2 middlegame
TZvaZ	5k2/5p2/3N4/2p5/2P5/p5PP/1r6/2K5 b - - 2 47	a3a2 c1b2 a2a1q b2a1	844	endgame hangingPiece
Nv4Mo	r1bqkb1r/ppppnppp/8/1N1nP3/2B5/8/PPP2PPP/RNBQK2R b KQkq - 2 7	c7c6 b5d6	846	mate mateIn1 opening smotheredMate
JiDjD	2r5/4kppp/4p1n1/8/1N3P2/1p1R2P1/1P5P/6K1 b - - 0 28	c8b8 b4c6 e7f6 c6b8	849	endgame fork
QVzp6	r2r2k1/5p1p/1p2pp2/1N6/1P5P/P4qP1/2Q5/2RR2K1 w - - 0 30	c2f2 d8d1 c1d1 f3d1	853	middlegame
tUVEY	4k2r/ppp2ppp/2n1b3/2b5/6n1/1P6/PBP2PPP/RN2Q1K1 w k - 1 17	b1d2 c5f2 e1f2 g4f2	854	fork middlegame
ciG5B	2r2r1k/5p2/4qR2/7p/8/P6Q/1PP5/1K4R1 b - - 0 31	e6h3 f6h6	864	endgame mate mateIn1
kvgSf	r1bq1r1k/pp2b3/2p1pp1Q/3pn3/8/2PBP3/PP1N1PPP/R3K2R b KQ - 0 15	h8g8 h6h7	864	mate mateIn1 middlegame
aPy4J	r3k2r/4ppbp/6p1/1N1qn3/2p5/2Pb3P/1P1P1PP1/R1BQR1K1 b kq - 0 17	a8a1 b5c7 e8f8 c7d5	864	fork middlegame
Yjzmx	6k1/pp6/3Pp3/4b2p/5r2/5P2/P3nNPK/1R3R2 w - - 1 29	f2d3 f4h4	864	doubleCheck endgame mate mateIn1
odpx7	1r3r1k/p6p/5Pp1/8/2P1q3/2B2b2/PP3KPP/3R1B1R b - - 0 22	f3d1 f6f7 e4e5 c3e5	865	advancedPawn discoveredAttack mate mateIn2 middlegame
0MxPc	8/8/5kp1/r2p4/PN6/7P/4K1P1/8 b - - 0 46	f6e5 b4c6 e5e4 c6a5	866	endgame fork
mywxY	2r4k/pp2R2p/1qnp1rb1/5p2/2BP3Q/2P2N2/PP1N1PP1/2K5 b - - 0 20	c6e7 h4f6	868	hangingPiece kingsideAttack mate mateIn1 middlegame
JT8CO	7r/p2k1p2/bbpp4/5n2/5P1p/1N1N4/PPPB2PP/R3R2K w - - 6 21	a1d1 f5g3 h2g3 h4g3	869	discoveredAttack kingsideAttack mate mateIn2 middlegame sacrifice
i4CbM	1rbnkbnr/1p2pppp/p7/3NN3/2B5/8/PP3PPP/R1B1K2R b KQk - 0 10	f7f6 d5c7	870	mate mateIn1 opening
oR5e5	4r1k1/1b5p/1p1R2p1/p1n2r2/2P5/6B1/PPQ3BP/2R2q1K w - - 0 27	c1f1 f5f1	874	mate mateIn1 middlegame pin
ArImD	r5k1/pp6/1q4pB/3ppbPp/7P/1n3B2/PP1Q1P2/K2R3R w - - 3 24	a2b3 b6a6 d2a5 a6a5	875	mate mateIn2 middlegame
jMrV7	r4rk1/p1p2ppp/b1Q5/8/5P2/3P3n/PPP3PP/RNB2RqK w - - 6 17	f1g1 h3f2	876	mate mateIn1 middlegame smotheredMate
aamJS	8/1pr1rp2/6kp/1R1B4/4PK1P/8/8/8 b - - 0 43	g6h5 d5f7 h5h4 b5h5	876	doubleCheck endgame mate mateIn2
atQbi	6k1/p7/2p5/3p2p1/6Pb/P2QP3/2R2p2/1q1K4 w - - 1 42	c2c1 b1d3	878	endgame hangingPiece mate mateIn1
RCaLT	r4r1k/pp4pp/3p1qp1/2bB4/4P1P1/P6P/1PPB1P2/R2QK2R w KQ - 1 18	d2c3 f6f2	879	mate mateIn1 middlegame
MFVgP	7k/6p1/7p/p1b5/2P3qP/8/P4PB1/4Q1K1 b - - 3 36	g4h4 e1e8 h8h7 g2e4 h4e4 e8e4	883	endgame
f1Jfq	8/8/8/p6p/2N1Rpk1/3P4/6KP/r7 w - - 0 42	e4e2 f4f3 g2f2 f3e2	883	advancedPawn endgame fork
N0rpf	r5k1/4Bp1p/p5p1/Q1P1p3/4Pnq1/6P1/5PKP/1R3R2 w - - 3 33	g2h1 g4f3 h1g1 f4e2	883	mate mateIn2 middlegame
It0JZ	r2qkb1r/pp2npp1/2npb2p/2pN4/4P3/2P2N2/PPB2PPP/R1BQK2R b KQkq - 3 9	g7g5 d5f6	884	mate mateIn1 opening
f5O1P	7K/5k2/7p/8/7P/8/8/8 w - - 3 58	h4h5 f7f6 h8g8 f6g5 g8f7 g5h5 f7f6 h5g4	885	endgame pawnEndgame
jzwSj	2r2rk1/1b3pp1/p3pn1p/2bq4/P7/N2BB3/1P3PPP/R2Q1RK1 w - - 2 19	e3c5 d5g2	885	kingsideAttack mate mateIn1 middlegame
cPeeF	3r2k1/p5pp/1pN5/2p2r2/3PRp2/2P4P/qPQ2KP1/8 b - - 1 35	d8f8 c6e7 g8h8 e7f5	886	endgame fork
cC1AX	8/6p1/7p/8/8/4kPP1/7P/2K5 w - - 3 43	c1d1 e3f3 d1e1 f3g2	887	endgame pawnEndgame
0FAEh	8/1p2r2p/pk1R4/2p3P1/4p3/4Q3/Pq3PK1/8 b - - 1 41	b6c7 e3c5 c7b8 d6d8	887	endgame mate mateIn2
TECyD	r5k1/6pp/2qp1p2/n1p1p3/RpP5/1P1PB3/5PPP/Q5K1 b - - 5 27	g8f7 a4a5 a8a5 a1a5	887	endgame
g2BiN	1r2k1r1/5p1p/2bp1n2/2p1q3/2N5/2P4Q/Pb1BBPPP/4K2R b K - 10 24	e5e4 c4d6 e8e7 d6e4	890	fork middlegame
xNfdu	r2qkbnr/ppp1pppp/8/1P3b2/1n1B4/5N2/P1PPPPPP/RN1QKB1R w KQkq - 1 6	c2c3 b4c2 d1c2 f5c2	890	fork opening
p7X8Q	2Q5/pp2b1k1/1q3rp1/3Bp3/3p3P/6P1/P4P2/2R3K1 b - - 8 40	d4d3 c8g8 g7h6 g8h8	891	endgame mate mateIn2
1vosU	r1b1k2r/pp3ppp/3b4/3pN3/3P1P2/2nBBQ2/PP5q/2KR2R1 w kq - 0 17	b2c3 d6a3 c1b1 h2b2	892	mate mateIn2 middlegame
b8msd	8/1p1n1P2/4N3/k7/P6p/5K2/8/8 b - - 1 59	a5a4 e6c5 d7c5 f7f8q	894	advancedPawn deflection endgame promotion
KAsRb	8/1r3p1k/Q5pp/3pPp2/3q1P2/1p6/6PP/R6K w - - 0 34	a6b7 d4a1	895	backRankMate endgame hangingPiece mate mateIn1
KzpmU	1r1rk3/pN4Q1/8/4P3/8/8/P1p2PPP/2n1R1K1 w - - 0 30	e1c1 d8d1 c1d1 c2d1q	897	advancedPawn backRankMate endgame mate mateIn2 promotion
y0RTq	2r1r3/p4p1p/6pk/4Q3/5N1q/N1P2P2/PP4PP/R3R1K1 w - - 7 22	e5d4 e8e1 a1e1 h4e1	898	kingsideAttack mate mateIn2 middlegame
G0gCl	r2q1r1k/ppp3pp/1n2B3/2b5/6Q1/8/PPP2PPP/RNB1R1K1 w - - 1 14	b1c3 c5f2 g1h1 f2e1	898	fork opening
8rdzU	r3kb1r/pp1bpppp/2Np4/qB1N4/4n3/8/PPPB1PPP/R2QK2R b KQkq - 2 9	a5b5 d5c7	898	mate mateIn1 opening
9b3bM	q5k1/1bn2pp1/p2p1n1p/P2p1N2/3P4/3BPPQ1/6PP/6K1 b - - 1 31	a8d8 g3g7	899	kingsideAttack mate mateIn1 middlegame
B8XaJ	r1b2rk1/2p2ppp/p3pq2/8/3N3P/pP1B4/2PQ2P1/2KR3R b - - 0 16	f6d4 d3h7 g8h7 d2d4	902	discoveredAttack kingsideAttack middlegame
m8Tne	6k1/5p2/6pp/1p2rp2/4nQ2/1P6/P1q2PPP/4R1K1 w - - 0 33	f4e5 c2f2 g1h1 f2e1	904	backRankMate endgame fork mate mateIn2
Vq02t	4rrk1/ppp2pq1/1b4p1/6Qp/3nN2P/3B4/P1P2PP1/1R2R1K1 b - - 5 22	d4e6 e4f6 g8h8 f6e8	910	fork middlegame
4dZXW	6k1/6n1/7R/1p2Q2p/5pp1/7P/P5P1/3r3K w - - 1 39	h1h2 g4g3	914	endgame mate mateIn1
ciGjs	1r4k1/2n2p1p/3bp1p1/2Np4/1P1P4/1R2PN1P/4K1P1/8 b - - 4 33	g8f8 c5d7 f8e8 d7b8	917	endgame fork
5XHWH	8/ppp3pp/5p2/4p3/Pk1r2P1/1P2RPK1/2P3P1/8 b - - 9 28	c7c5 c2c3 b4a3 c3d4	917	endgame fork rookEndgame
yMVCl	5bk1/3Q1p1p/1p4p1/3B4/p4P2/6P1/q4PK1/8 b - - 1 36	a2a1 d7f7 g8h8 f7f8	918	deflection endgame mate mateIn2
o9ZlM	r3kbnr/pp1b1ppp/1qn1p3/2p1P3/3pNB2/3P1N2/PPP2PPP/R2Q1RK1 b kq - 3 10	g8e7 e4d6 e8d8 d6f7 d8c7 f7h8	922	deflection fork opening
DIIbO	r1bq1r2/pp1n1pp1/5bk1/2pp2N1/3P3P/3QP3/PP3PP1/RN2K2R b KQ - 3 12	g6h6 d3h7	923	mate mateIn1 opening
3F9hp	5r2/5pk1/pq1N1rpp/1p1QR3/1P6/8/1PP2PPP/3R2K1 w - - 1 24	e5e7 b6f2 g1h1 f2f1 d1f1 f6f1	923	backRankMate mate mateIn3 middlegame sacrifice
ZEA0Z	rnbqk2r/ppp1np1p/5Npb/4p3/3P2P1/8/PPPQ1P1P/R3KBNR b KQkq - 1 9	e8f8 d2h6	928	hangingPiece mate mateIn1 opening
xgZpf	4r3/5kpp/8/5p2/3Q2P1/B1P1KP1P/7q/R7 w - - 4 29	e3d3 h2e2	930	endgame mate mateIn1
ENlT3	rnb2rk1/1pp2pp1/8/p1p2N2/2n2R2/P3P3/1P4PP/R1B3K1 b - - 1 19	c4e5 f5e7 g8h7 f4h4	931	kingsideAttack mate mateIn2 middlegame
sAp0g	2k5/1pp5/p2p1b2/4p2q/1P2Pn2/2PP2Q1/P4P2/R2R2K1 w - - 2 31	f2f3 f4e2 g1g2 e2g3	933	endgame fork
DSVRU	r2q1r2/1b3pk1/2p1p1p1/p1QpP1Pp/P2P3n/1P3N2/2PR1P2/3NR1K1 w - - 0 31	f3h4 d8g5 h4g2 g5d2	938	fork middlegame
mm7s3	8/4k3/p3Qp1p/1p1B4/2pP1q1P/P1Pb4/1P6/6K1 b - - 3 38	e7f8 e6f7	939	endgame mate mateIn1
351Cn	2r5/8/5p1R/4p3/4k2N/1P4P1/P1K2n1P/8 w - - 1 34	c2b2 f2d3 b2a1 c8c1	940	endgame mate mateIn2
8NMl1	1R2Q3/kr1r1p2/1p2p1p1/p2pP3/3P1P2/4qN1P/6PK/2R5 b - - 2 39	e3c1 b8a8	947	endgame mate mateIn1
A3nKa	8/6p1/8/6Nk/5P2/1P2qPKP/P7/3R4 w - - 3 51	d1d8 e3g1	947	endgame mate mateIn1
uDlid	1r3k1r/p3bppp/2Bq4/2p5/5P2/5Q1P/PPPP2P1/R1B3K1 w - - 0 16	b2b3 d6d4 g1h2 d4a1	948	fork middlegame
6vJXh	r4rk1/3q1p1p/p4B2/1p1p3Q/1P6/P7/2P3PP/R6K b - - 2 26	d7e6 h5g5	949	endgame mate mateIn1
wZbIQ	4r1k1/6pp/Q7/3p1b2/4q3/2P4P/PB2pnP1/R3R1K1 w - - 0 31	g1f2 e4e3	951	mate mateIn1 middlegame
2VSDr	r2q1rk1/1b3pb1/p3p1n1/3p2B1/2p1P3/1BN2P1Q/PPP2P2/R3K2R b KQ - 1 18	d8g5 h3h7	956	mate mateIn1 middlegame
2hKd1	2r3k1/1p1Q1p1p/pq4pP/2r1p1P1/2n1P3/2P5/P1P5/K1BR3R b - - 1 27	c5c7 d7d8 c8d8 d1d8	957	kingsideAttack mate mateIn2 middlegame sacrifice
snPVi	8/1k3p1p/1P1bp1p1/8/2R5/1P3P2/6P1/6K1 w - - 1 39	c4d4 d6c5 g1h2 c5d4	958	endgame pin
PNQ2J	8/5pkp/np1r1p2/3B4/3NP3/8/PPr3PP/5RK1 b - - 4 21	c2b2 d4f5 g7f8 f5d6	959	endgame fork
4qHct	r1b2bBr/ppppk1pp/8/4N3/3nP3/3P4/PPP2P1P/RNBK4 b - - 0 9	d7d6 c1g5 e7e8 g8f7	959	mate mateIn2 middlegame
LZ3Co	2r3k1/6p1/p1b1p1rp/1p3p2/1P1q1P2/P2B4/2P3PP/3RQR1K w - - 9 25	d3f5 c6g2	960	kingsideAttack mate mateIn1 middlegame
pxLkg	rnb2rk1/ppp2Npp/8/4P2q/2B2Bn1/2PQ4/P1P3PP/1R3K1R b - - 0 15	f8f7 d3d8	960	mate mateIn1 middlegame pin
mlQJi	1k1r2r1/QnNqp1b1/1R6/1P3p1n/3P4/P3P2P/3B1P2/2R2K1N b - - 0 31	b8a7 b6a6 a7b8 a6a8	961	mate mateIn2 middlegame
K9ufO	8/8/5P1k/4K3/6p1/8/8/8 b - - 0 49	h6g6 e5e6 g4g3 f6f7 g6g7 e6e7	962	advancedPawn defensiveMove endgame pawnEndgame
DLWtr	8/R6p/1rp3pk/8/1r2PKP1/8/1P6/8 b - - 0 40	b4b2 g4g5 h6h5 a7h7	962	deflection endgame mate mateIn2 rookEndgame
pJNsM	1k1r3r/2R4p/2pP3n/p1P1n1p1/4p3/4P1K1/P4PPP/5BNR w - - 0 21	f1a6 h6f5 g3h3 g5g4	963	mate mateIn2 middlegame
6FnUF	r2qrbk1/pp3ppp/2n2n2/2p1p1N1/2Pp2bP/PP1BP1N1/1BQP1PP1/R3K2R b KQ - 2 13	h7h6 d3h7 f6h7 c2h7	965	kingsideAttack mate mateIn2 middlegame
4FyZ1	3r2k1/p3R3/2pB1p1P/2Pp1p2/3P2p1/P5P1/2r5/6K1 b - - 2 42	d8f8 e7g7 g8h8 d6f8	965	discoveredAttack endgame
lbRFd	r1b2rk1/pp3p1p/2p3p1/2q4n/2PbP3/2NB4/PPQB2PP/R4R1K w - - 6 16	c3a4 h5g3 h2g3 c5h5	966	clearance kingsideAttack mate mateIn2 middlegame sacrifice
sL9kK	1r5k/p6p/1npN2p1/4RbP1/8/5PP1/P7/6K1 b - - 0 43	b8d8 d6f7 h8g8 f7d8	967	endgame fork
K4V4B	1r3b2/p4pk1/2Q1p3/3p2q1/3Nn3/2P1P2R/PP5P/5R1K w - - 7 28	f1g1 e4f2	969	mate mateIn1 middlegame
FB4QA	8/1bk1p3/2p1Pp2/2P2Pp1/4r1P1/R2p1N2/8/5K2 w - - 4 57	a3d3 b7a6 f1f2 a6d3	972	endgame pin
TgwP7	r1bq3r/1pp1b2p/p1nk1n2/6Q1/2B1NR1P/8/PPPP2P1/R1B3K1 b - - 2 14	f6e4 g5d5	975	mate mateIn1 middlegame
pZyFb	3r2k1/pp3ppp/1bn5/3rq3/1PQ1P2N/P5P1/7P/2B2R1K b - - 0 23	d5d4 c4f7 g8h8 f7f8 d8f8 f1f8	976	backRankMate mate mateIn3 middlegame sacrifice
wuHux	7r/5pp1/8/7n/1P1R4/1kP5/1P2RPPp/7K w - - 2 35	h1h2 h5f4 h2g3 f4e2 g3f3 e2d4	978	discoveredAttack endgame fork
zZ1oy	5R2/p7/5Rpk/7r/r5pP/6K1/8/8 b - - 4 52	h6g7 f6f7 g7h6 f8h8	979	endgame mate mateIn2 rookEndgame
ydld6	5k1Q/1p3pp1/p4r2/2p5/2B5/5P1P/1q3rP1/3R2K1 b - - 1 36	f8e7 h8d8	979	endgame mate mateIn1
DE5HZ	r2r3k/1b2qQp1/4p3/3nN3/7R/7P/1P3PP1/5RK1 b - - 8 28	e7h4 e5g6 h8h7 g6h4	980	fork middlegame
s9ixc	7r/2R2p2/2p3kP/2Pp4/3bpBp1/6P1/5PK1/8 b - - 1 46	d4c5 c7c6 g6h7 c6c5	980	endgame fork
aV7x8	6k1/1p3rqp/p5p1/8/8/2PQ4/P4PKP/R7 b - - 3 31	f7c7 d3d8 g7f8 d8c7	981	deflection endgame
6KJG3	r5k1/pp2p1bp/3p2p1/2pPB1N1/q3P3/7P/P4QP1/5bK1 b - - 0 23	g7e5 f2f7 g8h8 f7h7	982	endgame fork mate mateIn2
pChms	r2qkb1r/pbp2p2/1pnp1p1p/3Np3/4P3/3P1N2/PPP1BPPP/R2Q1RK1 b kq - 1 9	c6e7 d5f6	982	mate mateIn1 opening
lPGMS	r1br2k1/ppp2p1p/6p1/8/1nP3n1/1PN3P1/PN2PP1P/R3KB1R w KQ - 3 13	b2d3 b4c2 e1d2 c2a1	982	fork middlegame
xUqGC	r6r/pp2bk2/2b2nPp/2pq4/3p4/3P2N1/PPP3PP/R1BQ1RK1 b - - 0 15	f7g7 g3f5 d5f5 f1f5	983	fork middlegame
n8V6z	r2q1rk1/pp2p1b1/3pp1pB/4n3/4P3/2N2P2/PPPQ2P1/R3K2R b KQ - 1 15	f8f3 h6g7 g8g7 d2h6	983	attraction kingsideAttack middlegame
jFBDS	r6k/4pp2/3pb1PQ/8/4P3/1Ppq1P2/8/2KN1R2 b - - 1 33	h8g8 h6h7 g8f8 h7h8	984	endgame mate mateIn2
euiMD	8/7p/5K2/7P/p1k5/1p6/PP6/8 w - - 0 51	a2a3 c4d3 h5h6 d3c2 f6g7 c2b2	985	endgame pawnEndgame
N6HN5	6k1/6pp/1pp3p1/3p4/1q1Pn1P1/rN2P2P/1PP1Q3/2KRR3 w - - 0 28	b2a3 b4a3 c1b1 e4c3	987	endgame mate mateIn2
BUk6V	3r1rk1/p1Q3pp/1p3p2/2P5/7P/P3q1P1/1P3R1K/2R5 w - - 1 24	f2c2 d8d2 c2d2 e3d2 h2h3 d2c1	987	endgame fork
bP582	5Nk1/6p1/4p2p/Q4p2/3P2n1/4P1Pq/5P1P/5RK1 w - - 3 37	f1a1 h3h2 g1f1 h2f2	989	endgame mate mateIn2
9hoSE	2r3k1/1r4pp/4Q3/3p4/ppp3P1/Pq5P/5RK1/8 b - - 0 34	g8h8 e6c8	989	backRankMate endgame hangingPiece mate mateIn1
wrQYv	5R2/3k1pQ1/p3p2p/1p2P3/5q2/P6P/5bP1/6K1 w - - 2 29	g1h1 f4c1 h1h2 c1g1	995	endgame mate mateIn2
ivLHw	4rk2/1p4p1/2p2n2/6P1/1P1q4/P7/2Q1p3/1K2R1R1 b - - 0 32	d4g1 e1g1 e2e1q g1e1	996	endgame hangingPiece
vSied	1rb2rk1/6p1/2Q4p/p3q3/2B2p1R/8/P1P3PP/1R5K b - - 2 26	g8h8 h4h6 g7h6 c6h6	996	mate mateIn2 middlegame sacrifice
sGgT2	8/pq2kp1r/1p2pn2/4Q3/5r2/8/PPP3PP/2KR3R b - - 0 23	f4e4 e5d6 e7e8 d6d8	999	mate mateIn2 middlegame
RiJjt	8/ppp4k/7q/P2P2bN/8/1B1R1p1P/P3rP2/6QK w - - 2 35	h5g3 h6h3 g1h2 e2e1 g3f1 e1f1	1004	exposedKing mate mateIn3 middlegame pin
0THMA	rn2kb1r/pp1b1ppp/5q2/2pp4/Q2P4/2N2N2/PP2PPPP/R3KB1R w KQkq - 0 9	c3d5 d7a4 d5f6 g7f6	1006	opening
4FKzD	8/8/8/2p5/3p4/k1pK4/2B5/8 w - - 4 50	d3c4 a3b2 c2d3 c3c2 c4c5 c2c1q	1010	advancedPawn endgame promotion
xlfg9	2kr3r/ppp2ppp/2n5/3NR3/8/7P/PPPQ1Pq1/2KR4 b - - 1 16	c6e5 d5e7 c8b8 d2d8 h8d8 d1d8	1011	backRankMate deflection discoveredAttack mate mateIn3 middlegame
esL8D	4r1rk/1p4q1/p2p1pn1/2p4p/P3Q3/2P1N1P1/1P2BPK1/R3R3 w - - 3 30	e4f3 g6h4 g2f1 h4f3	1018	middlegame pin
QuBqq	8/6B1/6R1/2r2p1p/4p1kP/8/2r2PK1/8 b - - 13 59	g4h4 g7f6	1019	endgame mate mateIn1
O5VxQ	r1bq3r/ppp3kp/3b1nB1/4N1p1/3P4/1QP5/P4PPP/R3R1K1 b - - 0 16	h7g6 b3f7 g7h6 f7g6	1027	mate mateIn2 middlegame
bF02G	8/4R2p/3P1kp1/8/p5PK/3r3P/8/8 w - - 3 47	e7h7 g6g5 h4h5 d3h3	1029	deflection endgame mate mateIn2 rookEndgame
GHLvC	3r2k1/pp3p2/4R1p1/1q4r1/8/4Q3/5PP1/4R1K1 b - - 2 33	f7e6 e3e6 g8h7 e6e7 h7h6 e7d8	1029	endgame exposedKing fork
Iztid	4Q3/1r4pk/5R1p/5q2/8/1p4P1/5P1P/5RK1 b - - 0 45	f5f6 e8e4 f6g6 e4b7	1030	endgame fork
9TqoF	3r1rk1/2p3p1/1p1p2p1/6N1/4P2Q/P2q3P/2p3P1/6RK b - - 1 36	f8f6 h4h7 g8f8 h7h8 f8e7 h8g7 e7e8 g7f6	1032	deflection endgame
huT3v	r4r2/1pp2qbk/p6p/3p4/3Pp3/2P1Pp1R/PP1N3Q/2K4R b - - 1 28	f3f2 h3h6 g7h6 h2h6 h7g8 h6h8	1035	mate mateIn3 middlegame
Tjriq	7k/ppp2p1p/8/2q1n1QB/8/P1P1P2P/1r3PP1/5RK1 w - - 4 28	f1d1 e5f3 h5f3 c5g5	1036	discoveredAttack endgame
cTf5D	8/7p/p7/p7/P4kPP/8/5P2/6K1 w - - 1 36	f2f3 f4f3 g4g5 f3g4 g1f2 g4h4 g5g6 h7g6	1037	endgame pawnEndgame
WomOc	3r2k1/5p1p/p1Q5/2pnBq2/8/2P5/Pr3PPP/3RR1K1 w - - 4 26	d1d5 f5f2 g1h1 f2e1	1042	fork mate mateIn2 middlegame
3b76w	2kr1r2/2p2ppp/p1Q2n2/4N3/3P4/4B3/q4PPP/5RK1 b - - 0 18	d8d6 c6a8	1042	mate mateIn1 middlegame
N5Ggg	5r1k/2p5/3pN3/1P1P2p1/2Q2pP1/2P2P2/7q/4K3 b - - 2 34	f8a8 c4d4 h8g8 d4g7	1043	endgame mate mateIn2
9xkUQ	r3r1k1/1pb2p2/2p3pp/p1N5/3P1P2/P2B2q1/1P1Q4/3RR1K1 w - - 1 24	d2g2 e8e1 d1e1 g3e1	1045	middlegame
gMYR5	rn2k1nr/pQ1bppbp/6p1/2q5/2p5/5N2/PP1BPPPP/RN2KB1R b KQkq - 0 9	d7c6 b7c8	1047	mate mateIn1 opening
J2CGE	5r2/4k3/QpR5/2p1p3/P1P5/1P1P1KP1/7r/8 w - - 5 36	f3e4 h2e2 e4d5 f8d8 c6d6 d8d6	1048	endgame mate mateIn3
WggRE	r3rbk1/1p3pp1/2p4q/p3p3/2P1R3/PP4PP/1BQ2P2/R5K1 b - - 0 24	h6h3 e4h4 h3h4 g3h4	1049	middlegame
ItN4t	r1b3k1/pp2n2p/2n3p1/3pq3/2p4P/P1P5/2PQBPP1/R1B1K2R w KQ - 0 19	d2f4 e5c3 f4d2 c3a1	1050	fork middlegame
v2yA8	3rn1k1/p3qp1p/1p1r2p1/3P4/8/5B1P/PQ3PP1/2RR2K1 w - - 1 24	c1c6 d6c6 d5c6 d8d1 f3d1 e7e1 g1h2 e1d1	1052	discoveredAttack fork middlegame
y8Wp3	2rq1r1k/3bb1pQ/p4p2/1p1NpP2/8/1B3R2/PP4PP/3R3K b - - 0 24	h8h7 f3h3 h7g8 d5e7	1056	doubleCheck mate mateIn2 middlegame
7sqQa	Q2R4/5ppk/6bp/1p6/7P/1P2r1P1/4qPK1/8 b - - 3 32	e2f3 a8f3 e3f3 g2f3	1058	endgame
q90n2	2r1k2r/2qnbppp/p2p4/np2pPP1/8/1BN1BQ2/PPP2P1P/2KR3R w k - 1 16	c3d5 a5b3 a2b3 c7c2	1058	mate mateIn2 middlegame pin
BJ7mY	Rk1r4/6p1/4r1q1/1pP2nPp/2p2P2/4PQ1P/3P4/6K1 b - - 1 31	b8c7 a8a7 c7c8 f3b7	1060	endgame mate mateIn2
llsur	r6k/p3q1bp/2p1b1p1/5p2/4p3/1Q2P3/PP1B1PPP/R3K2R w KQ - 2 19	b3a3 e7a3 b2a3 g7a1	1062	middlegame
ay6Rr	4k3/4Nppp/3Bp3/1b2P3/1P3PP1/2r5/3p3P/R5K1 w - - 0 31	a1d1 c3c1 g1f2 c1d1	1063	endgame pin
9naZr	7r/pp3qpk/1b1R3p/4B3/4P1b1/2PQ1BP1/P4P1P/6K1 w - - 1 25	f3g4 f7f2 g1h1 f2g1	1065	mate mateIn2 middlegame
BgybI	3q3k/2p2Qpr/1p3b2/2n5/6R1/8/P4PPP/4NK2 b - - 2 30	d8d6 f7e8 d6f8 e8f8	1065	mate mateIn2 middlegame
NVaVO	1b2rrk1/ppq3p1/2pN1p1p/2Pn1b2/2NP4/4B3/P4PPP/2RQ1RK1 w - - 2 20	d6e8 c7h2	1069	kingsideAttack mate mateIn1 middlegame
Bpfdu	rnb1kb1r/pppp1p1p/6p1/4P1q1/2B5/3P1Q2/PPP3PP/RN2K1NR b KQkq - 1 7	f8g7 f3f7 e8d8 f7g7	1069	fork opening
JDNO1	2r3k1/p4ppp/1p2p3/8/1r1P1P2/2PB2P1/P1R2K1P/8 b - - 4 26	b4d4 c3d4 c8c2 d3c2	1073	endgame hangingPiece
w3HQS	r4rk1/pp4bp/3p2p1/2pN1b2/4N2q/1P3P2/PPKB3P/R2Q3R w - - 1 19	d2e1 f5e4 f3e4 h4e4 d1d3 e4h1	1075	fork middlegame
phe6a	4k2R/2r1np2/R3pBp1/2P5/1r6/8/6PK/8 b - - 7 47	e8d7 a6d6	1075	endgame mate mateIn1
oA4gb	7k/pp4pp/8/nP3pQ1/Pq1B1P2/8/5P1P/3Rr1K1 w - - 1 34	d1e1 b4e1 g1g2 e1e4 f2f3 e4d4	1076	endgame fork
MAjhL	4Q3/4Rpkp/p4qp1/2p5/2p5/3b2NP/Pr3PP1/4R1K1 w - - 3 32	e7a7 f6f2 g1h2 f2g2	1077	fork mate mateIn2 middlegame
2CioF	6rk/3b4/pn5q/2ppp3/8/1P3NN1/P1P3PP/R2Q2K1 w - - 0 28	f3e5 h6e3 g1h1 e3e5	1077	fork middlegame
R124L	8/p7/5pk1/2pQ3p/2P2p2/1P3P2/P2pr1PP/6K1 w - - 0 35	g1f1 e2e1 f1f2 d2d1q d5d1 e1d1	1078	advancedPawn endgame promotion
sbBfz	r2qk2r/pp2ppb1/2p2nB1/3pN2p/3P2b1/2P1P1P1/PPQN1PP1/R3K2R b KQkq - 0 12	f7g6 c2g6 e8f8 g6f7	1081	fork mate mateIn2 middlegame
nVRjr	2r1qr2/3n1pkp/3p1np1/1p6/3PP3/1B2Q2P/4NPP1/2R2RK1 b - - 0 22	f6e4 c1c8 e8c8 e3e4	1082	middlegame
ufKgq	1r6/8/5pRp/5P1k/4PK2/6P1/1p5P/8 b - - 1 46	b2b1q g3g4 h5h4 g6h6	1082	deflection endgame mate mateIn2
ZEDxU	8/3nkp2/ppbrp3/6p1/P2N4/1PK1RP2/2P3PP/8 b - - 3 33	c6b7 d4f5 e7f8 f5d6	1082	endgame pin
qpayT	6k1/2q1ppbp/3p2p1/1rpP4/5Pn1/R7/1P1NR1PP/4Q1K1 w - - 1 25	e2e7 g7d4 g1h1 g4f2	1083	kingsideAttack middlegame
jY7kW	5kr1/5p2/8/7R/7Q/P6P/1P4PK/3q4 w - - 1 37	h4f4 d1h5 f4d6 f8g7	1084	endgame hangingPiece
Eb0Fg	r3k1nr/pp2bppp/8/1QNq4/3p4/8/PPP2PPP/R3K1NR b KQkq - 3 13	e8d8 c5b7 d8c7 b5d5	1085	discoveredAttack middlegame
xfMWg	r2qk1nr/pp3pbp/3pp1p1/2p5/3nP3/2NPBN1P/PPPQ1PP1/R3K2R w KQkq - 3 12	f3d4 c5d4 e3d4 g7d4	1086	fork middlegame
ekgQm	r4rk1/1p3ppp/p7/3Pp1q1/2B5/2N1PP2/PPQ4P/R5K1 w - - 1 20	g1f2 g5h4 f2g2 h4c4	1087	fork middlegame
4HDuP	1rQk1b1r/pP1Bpppp/3p1n2/2pP4/4P3/8/PP3P1P/RNB1K2b b Q - 4 14	b8c8 b7c8q	1088	advancedPawn mate mateIn1 middlegame promotion
NrDQd	1k4K1/p5R1/8/8/8/2P5/1r6/8 w - - 2 50	g8f7 b2b7 f7f6 b7g7	1090	endgame rookEndgame
7UAV4	3r2r1/n1p2p1k/1p4b1/p2P2R1/P4PRP/1BP5/6P1/6K1 b - - 0 29	g6e4 g5h5	1091	mate mateIn1 middlegame
nEqMn	2r3k1/p6p/2p3pb/2PbB3/3P3q/5p1P/P4P1K/1R1Q1R2 w - - 2 28	d1d3 h6f4 e5f4 h4f4	1091	middlegame
kzBeI	6k1/1p3p2/p4N2/4P3/P2P1p2/1b3q2/5P1Q/4K3 b - - 3 47	g8f8 h2h8 f8e7 h8e8	1092	endgame mate mateIn2
9oBoP	5k2/1P1R4/6p1/p4p2/4n3/r7/7P/4K3 b - - 2 52	a3a1 d7d1 a1d1 e1d1	1092	endgame
IYesS	2r3k1/pQ3ppp/8/2p5/2P3b1/PP2P3/6PP/q4RK1 b - - 1 19	a1a3 b7f7 g8h8 f7f8 c8f8 f1f8	1093	backRankMate endgame mate mateIn3 sacrifice
tQx2K	2r2rk1/1p3ppp/pB1bpq2/3n4/3P4/3B1NP1/PP4KP/R2Q1R2 w - - 7 19	f3e5 d5e3 g2g1 e3d1 f1f6 g7f6	1093	fork middlegame
6xX0n	2r3k1/5p2/R7/3PP1p1/1r5p/5P2/2p3P1/2R3K1 w - - 0 38	g1f2 b4b1 a6a8 c8a8	1094	endgame rookEndgame
ZU9MG	8/1p3P1K/6P1/2b2k2/8/p7/8/8 b - - 1 61	f5f6 g6g7 f6f7 g7g8q	1095	advancedPawn endgame promotion
mcS6q	8/6kP/6P1/5K2/2p5/1p6/1P6/8 w - - 0 48	f5e4 c4c3 h7h8q g7h8 b2c3 b3b2	1096	advancedPawn endgame pawnEndgame
VLbXv	k1r5/p4pp1/4p3/1R2P3/P1bP2Q1/4P1P1/3KBq2/8 b - - 12 35	c4e2 g4e4 c8c6 e4c6	1098	endgame mate mateIn2
HJz7t	8/4R2p/6pk/8/2r1b1P1/3p3P/8/5RK1 w - - 0 31	f1e1 d3d2 e1d1 c4c1 g1f2 c1d1	1098	advancedPawn endgame pin
tyh7z	2r4k/1Q5p/6p1/p3q3/4P3/7P/6P1/5R1K b - - 1 40	e5c7 f1f8 c8f8 b7c7	1100	deflection endgame
EFT9X	8/5ppp/4p3/4PP2/1p4P1/1k2P3/1P1RK2P/1r6 w - - 3 36	e3e4 b1b2 d2b2 b3b2 f5e6 f7e6	1102	endgame rookEndgame
xPikw	2k5/2P5/8/2N5/p7/1p2P3/r7/2R3K1 w - - 0 37	e3e4 b3b2 c1b1 a2a1 c5a4 a1b1	1110	advancedPawn endgame pin
shrRG	1R6/5pp1/k1p1p2p/2P1Pb2/r2p4/8/3B1PP1/6K1 b - - 1 41	a4a2 b8a8 a6b5 a8a2	1110	endgame skewer
QzTJN	r4rk1/pp3pNp/8/2p1b3/3pBq2/3P1P1P/PPP3RP/6RK b - - 0 26	e5g7 g2g7 g8h8 g7h7	1111	kingsideAttack mate mateIn2 middlegame
2WKE5	3r3r/p1pq1kpp/4p3/1p6/2BRQ3/8/PPP2PPP/2K4R b - - 0 16	d7d4 e4e6 f7f8 e6f7	1112	endgame mate mateIn2
HTxrB	rnbq1rk1/p4ppp/2p1pb2/1p2N3/3P1P2/2NB4/PP3PPP/R2Q1RK1 b - - 1 11	d8d4 d3h7 g8h7 d1d4	1122	discoveredAttack kingsideAttack middlegame
8xqdG	4r3/5p2/5k2/8/P5R1/6p1/5bP1/R6K w - - 1 34	a1f1 e8h8 g4h4 h8h4	1123	endgame mate mateIn2
2iWqc	r1b1k2r/pp3ppp/2pb4/q2p4/3Pn3/P1N1PN1P/1PQ1BPP1/R3K2R w KQkq - 1 13	b2b4 d6b4 a3b4 a5a1	1124	middlegame
ueycN	rr6/p4p1k/4p2p/3p4/4p3/2P3QP/PPK2RP1/6q1 b - - 3 31	b8g8 f2f7 h7h8 g3e5 g8g7 e5g7	1127	endgame mate mateIn3
3ciq8	r2qk2r/1b2ppbp/p5p1/1p1nN3/3B4/P1N2Q2/1PP2PPP/R4RK1 b kq - 2 15	d5c3 f3f7	1130	mate mateIn1 middlegame
za2K0	r4rk1/ppp3pp/2nb1pq1/3p1n2/3P4/2P1B3/PP3PBN/RN1QR1K1 w - - 6 16	d1g4 d6h2 g1h2 g6g4	1130	kingsideAttack middlegame
rNWdv	r2r4/pp3kpn/5b1p/2qN3Q/8/8/PP3PPP/R5K1 b - - 3 22	f7g8 d5f6 h7f6 h5c5	1133	discoveredAttack middlegame
c1I2y	r2qrkn1/1pp3pn/p5bQ/8/3P4/1BP4P/P4PP1/R1B1R1K1 w - - 1 21	h6g6 e8e1 g1h2 d8d6	1133	hangingPiece kingsideAttack middlegame
yskAv	r3k1nr/ppp1q1pp/3b4/3pnb2/1P3B2/2P2N2/P4PPP/RN1QKB1R w KQkq - 2 10	f4g5 e5f3	1137	doubleCheck mate mateIn1 opening
qRFQB	r4rk1/pp3ppp/8/2bP4/3npn2/P4b1P/1P1PNPP1/R1BQKB1R w KQ - 1 15	g2f3 f4d3	1137	mate mateIn1 middlegame smotheredMate
O41ow	8/1p1r4/1p4pp/6k1/P2p2P1/5RKP/8/8 b - - 1 42	d4d3 h3h4	1138	endgame mate mateIn1 rookEndgame
ZV3pY	8/6pk/p3Q2p/1p1p4/3Pnq2/2P2N2/PP4PP/6K1 w - - 3 37	g1h1 f4c1 f3e1 c1e1	1138	backRankMate endgame mate mateIn2
z6WvS	1r4k1/4rp2/3Np2q/1p4p1/pPpP1nP1/P1P2QKP/4R3/4R3 w - - 3 40	e2h2 h6h4	1139	mate mateIn1 middlegame
NRzrS	5r2/5rk1/1p5p/3Pp3/2P3p1/1R1Q1P1q/3N3P/5R1K w - - 0 39	f3g4 f7f1 d2f1 f8f1 d3f1 h3f1	1140	mate mateIn3 middlegame
jsH7a	r3r1k1/p1pb1p2/2pq1n1Q/3p2N1/8/3B3P/PPP2PP1/R5K1 b - - 2 19	f6e4 h6h7 g8f8 h7f7	1141	kingsideAttack mate mateIn2 middlegame
GxJ3k	8/1kp5/p1N5/1pQP4/2p5/P1K2q2/8/8 w - - 30 73	c3b4 f3b3 b4a5 b3a4	1143	endgame mate mateIn2
uEEW8	4rrk1/1pp2pp1/p1nb3p/8/1P1P4/P3PNq1/1B2B3/2RQ1R1K w - - 3 21	f1g1 g3h3 f3h2 h3h2	1145	kingsideAttack mate mateIn2 middlegame
JY2hU	5rk1/3Q2pp/4p3/3p4/1p1Pp3/7q/PP2R2b/4R2K w - - 0 31	e2h2 f8f1 e1f1 h3f1	1148	endgame mate mateIn2
pbxR9	3r4/5p2/p5k1/P4p1p/1pK2Pq1/2p1Q3/5P1P/R7 b - - 4 38	g4g2 e3b6 g6h7 b6d8	1148	endgame fork
TJajO	8/8/6k1/8/8/6p1/3K3p/1R6 w - - 0 61	d2e2 g3g2 e2f2 h2h1q	1149	advancedPawn endgame promotion rookEndgame
yzA6P	r2n4/ppk5/3q4/2p5/4R3/2P5/PPP2QPP/6K1 b - - 3 35	d8e6 f2f7 d6d7 f7e6 d7e6 e4e6	1150	endgame
WWoeK	8/4pR2/1r2b3/p3r1kp/R7/1B6/1PP5/1K6 w - - 0 39	f7e7 e5e1 b1a2 e6b3 c2b3 e1e7	1150	discoveredAttack endgame
tkE5B	3r1k2/1bp2p2/pp3bp1/4N2p/P4P1P/2P3K1/1PB1RP2/8 b - - 0 27	d8e8 e5d7 f8g7 e2e8	1151	deflection discoveredAttack endgame fork
1uJfU	4r2k/7p/5npB/5P2/bp5P/p1bP2R1/2P2P2/2R2K2 b - - 0 33	g6f5 h6g7 h8g8 g7f6 g8f7 f6c3	1152	discoveredAttack middlegame
tGd3v	4r3/p5pp/8/6kP/2prPRP1/8/PP1PK3/R1B5 w - - 1 28	e2e3 d4d3 e3e2 g5f4	1152	deflection endgame
1JJBT	5rk1/p4ppp/1p6/4b3/qPr5/P2BPQP1/K6P/3R4 w - - 0 25	d3c4 a4c2	1155	endgame mate mateIn1
hPKRH	8/1ppb2k1/p2p2p1/3P1pN1/1PPK1P2/6P1/P7/8 b - - 2 36	b7b6 g5e6 d7e6 d5e6 g7f6 d4d5	1156	endgame
JC0ch	5rk1/1R3N1p/p5p1/P5Nn/1b6/8/1P2K3/8 b - - 6 41	b4a5 f7h6 g8h8 b7h7	1160	discoveredAttack endgame mate mateIn2
jsU0j	7k/b1Bb1p1p/p4p2/1p3P2/1PP3Pq/3PrQ1P/1P4B1/R2R3K w - - 3 29	f3f4 e3h3 f4h2 h3h2	1160	kingsideAttack middlegame
XzOQ8	8/1p1k4/p7/4b2p/P1q5/3R3P/3BK3/5R2 b - - 7 38	d7c6 f1c1 c4c1 d2c1	1161	endgame pin
WXTBU	6k1/5p2/2P5/p2p1Qp1/P2B2P1/1r4q1/8/3R2K1 w - - 1 37	g1f1 b3f3 f5f3 g3f3	1163	endgame fork
hXAFv	8/R7/3k4/2N5/3pK3/3P4/PPP2r1b/8 w - - 1 37	b2b4 f2f4	1164	endgame mate mateIn1
k3Cmf	r1b1r1k1/pppp1ppp/5q2/3n4/1b1P4/1PNB4/PBPQ1PPP/R4K1R b - - 2 14	f6d4 d3h7 g8h7 d2d4	1165	discoveredAttack kingsideAttack middlegame
J7Wvl	R7/5pk1/p3p3/5p1p/8/P4P2/1P3P1r/5K2 b - - 3 32	h5h4 f1g1 h2h3 g1g2 h3f3 g2f3	1165	endgame rookEndgame trappedPiece
YeeXK	1r5k/p1p2Qb1/4r1p1/4p1N1/4P1pP/1PqpB1P1/P7/3K3R w - - 1 29	g5e6 c3c2 d1e1 c2e2	1173	mate mateIn2 middlegame
I1BVC	r2qr1k1/pp2np1p/3p2pB/b3N3/4N1b1/2PBP3/PP3PPP/R2Q1RK1 b - - 0 13	g4d1 e4f6 g8h8 e5f7	1176	deflection fork mate mateIn2 middlegame
xhjDP	r1q1n1kr/1bp1p2p/p2pNnpQ/1p1P4/4P2P/2N5/PPP2PP1/R3K2R b KQ - 0 15	f6g4 h6f8	1177	mate mateIn1 middlegame
NcIlv	r1bq1nk1/pp3r1p/2n1pbpB/3p4/3P4/P2B1N2/1PQ1NPPP/R4RK1 w - - 2 15	f3g5 f6g5 h6g5 d8g5	1177	middlegame
aVUFV	1r1qk1nr/p4ppp/3b4/4n3/4Q3/4P3/1P3PPP/RNB1KBNR w KQk - 2 12	e4d5 d6b4 d5d2 b4d2	1178	opening
ayW4P	8/5p2/2p3p1/3k2P1/p1pP2P1/PpP1K3/1P6/8 b - - 3 44	c6c5 d4c5 d5c5 e3e4 c5d6 e4d4 d6e6 d4c4	1179	endgame pawnEndgame
KX4em	3R2k1/p1p3p1/8/2p5/5PqP/6P1/Pr6/5QK1 b - - 1 37	g8h7 f1d3 g4g6 d8h8 h7h8 d3g6	1179	deflection endgame
YU50o	r1b4k/1p6/p4r2/2pPQ2B/2PpP3/3R3P/Pq2KP2/6R1 w - - 0 30	d3d2 d4d3 e2d3 b2e5	1180	discoveredAttack middlegame pin
jdb0Z	r3r1k1/pp3ppp/2p5/3b4/3B2q1/5N2/P4PPP/2QR1RK1 w - - 4 22	d1d3 d5f3 d3f3 g4d4	1180	capturingDefender middlegame pin
NITGK	2r3k1/5ppp/5n2/1p6/2qbP3/5P2/1B1Q2PP/1NR3K1 w - - 0 31	d2d4 c4d4 b2d4 c8c1	1181	discoveredAttack middlegame
GBGBf	r7/2q4k/p2p3p/1p1Q1p2/P1p3n1/2P3P1/6KP/2N1R3 b - - 1 31	a8d8 d5f5 h7h8 f5g4	1182	endgame fork
xuso5	r3kb1r/pppqpppp/2n2n2/5b2/Q1pP4/5NP1/PP2PPBP/RNB2RK1 b kq - 1 7	c6d4 a4d7 f5d7 f3d4	1183	intermezzo opening
fFHcT	2r2rk1/1b4p1/3q3p/pB1P1P2/P3Q3/1p5P/1P4PK/2R2R2 w - - 1 31	e4f4 d6f4 f1f4 c8c1	1183	middlegame
3DCfS	8/3RN1kp/p5p1/1p3p2/4nP2/P6P/1r4P1/6K1 b - - 1 30	g7h6 e7g8 h6h5 d7h7	1185	deflection discoveredAttack endgame mate mateIn2
RRFgF	r6k/4pp1P/3p3B/2pP4/pr2P1b1/N1K2N2/2PR2P1/2n2B1R w - - 8 28	f1d3 c1a2	1185	mate mateIn1 middlegame
C5IZ5	2r5/3N1P2/8/8/1p1B4/p2KP2P/k7/8 w - - 0 56	f7f8q c8f8 d7f8 b4b3 d3c4 b3b2	1186	advancedPawn endgame
GisO9	3r4/pb1r2kp/1p4p1/3p4/8/1P1R2P1/P4PBP/3R2K1 w - - 2 28	g1f1 b7a6 f1g1 a6d3	1186	endgame pin
4h63y	3r2k1/p1qr1pb1/2p1b1p1/2Bnp1Pp/2B1N3/5P2/PPP2Q1P/2KR3R w - - 2 20	c5a7 c7a7 f2a7 d7a7	1190	middlegame
oSu4k	1Q6/8/p4R2/4n3/6P1/6kP/6rr/6K1 w - - 1 46	g1f1 h2h1	1193	endgame mate mateIn1
E7Y1u	3rr1k1/pppq1pp1/2n2b1p/1B1Q1P2/8/2N5/PPP2PPP/3R1RK1 b - - 2 15	f6c3 d5d7 d8d7 d1d7	1193	middlegame
x71bC	8/5p1P/2Q5/3p4/1k1P4/3K1P2/rq6/3RR3 w - - 0 45	d1b1 a2a3 c6c3 a3c3	1197	endgame mate mateIn2
c8JvE	rn5r/ppk1P3/2p2P1p/q2p2p1/1b1P2P1/2NQB2B/PnP4P/1K1R3R w - - 0 20	b1b2 a5a3 b2b1 b4c3 d3c3 a3c3	1198	deflection middlegame
ZIXYZ	2kr3r/ppp1qppp/2nb4/3Q4/8/5N2/PPP1BPPP/R1B1K2R w KQ - 1 11	a2a3 d6b4 a3b4 d8d5	1201	discoveredAttack middlegame
tTR9B	8/p1p3pk/1p5p/3P1r2/2P1Q1bq/P3R1nP/1B4P1/6K1 w - - 1 31	e4g4 f5f1 g1h2 f1h1	1201	endgame mate mateIn2
5bCUU	8/p7/2p2k2/b1p2rpp/2P5/1P1N2P1/P4RK1/8 w - - 2 43	d3c5 f5f2 g2f2 a5b6	1201	endgame pin
H2nWn	1r3r1k/8/5bpP/ppq5/2p2BQ1/P1P5/6P1/R4R1K b - - 3 32	c5h5 g4h5 g6h5 f4b8	1204	middlegame
COUSD	rn2k2r/p3qpb1/1pp3p1/3p3p/3P2n1/2PB1K2/PP1NN2P/R1BQ3R w kq - 0 13	h2h3 e7e3 f3g2 e3f2	1207	fork mate mateIn2 opening
Ji0wa	8/p4pk1/Pp3q2/6r1/3P2Q1/7R/1P3P1P/7K w - - 4 40	g4h4 f6c6 f2f3 c6c1 h4e1 c1e1	1208	endgame mate mateIn3
b8Qr5	8/RP4p1/6kp/4p3/pP5P/P3r3/5nPK/8 w - - 0 39	b7b8q f2g4 h2g1 e3e1	1209	endgame mate mateIn2
uc1kB	2r3k1/1p1np1bp/4P1p1/p4bP1/P1PQ1N2/1P3q2/1B6/2K1R3 b - - 0 33	f3b3 d4g7	1210	kingsideAttack mate mateIn1 middlegame
ClOxE	r5k1/ppq3p1/4p1rp/8/4Qp2/2P3PP/PP3P2/3RR1K1 b - - 0 25	f4g3 e4g6 g3f2 g1f2	1211	endgame hangingPiece
ioPM7	r3r1k1/2q2nbp/1pP3p1/1B2p1p1/8/1Q6/5PPP/1R1R2K1 b - - 6 27	g8h8 d1d7 c7d7 c6d7	1211	advancedPawn middlegame
eGrX5	2r2rk1/4bppp/p2p4/Np2p1P1/1Q2P2P/1PNK1P2/3R3R/2q5 w - - 4 26	d2d1 c8c3 b4c3 c1d1	1217	middlegame
s3cm7	5rr1/ppp1Q1qk/8/2P5/3P1Rpp/3B4/PP6/6K1 b - - 4 32	h7h8 e7h4 g7h6 h4h6	1218	endgame mate mateIn2
Ib5tB	8/p4r1p/1kp1R3/2N2n2/1P4p1/2P5/1P3PP1/5K2 w - - 4 31	e6e4 f5g3 f1g1 g3e4	1219	endgame pin
FgLfZ	r5k1/1p3pp1/2p1p2p/2r1P2P/4bPP1/1Pb1N3/K1P1B3/2QR2R1 w - - 1 29	c1a3 a8a3 a2a3 c5a5	1220	attraction mate mateIn2 middlegame
LQKHl	3q1rk1/5ppp/p7/1rb5/5B2/8/PQP3PP/R4R1K w - - 0 23	b2c3 c5d4 c3g3 d4a1	1220	middlegame skewer
GAFng	3q2k1/3P1pp1/1N5p/p7/2pQn3/5b2/PP1R1P1P/6K1 w - - 6 28	d2c2 d8g5 g1f1 g5g2 f1e1 g2g1	1221	endgame mate mateIn3
qUyaG	rnb1k2r/p4pp1/2p5/4p2p/1p2P1n1/1B1PqNK1/PPP1N1PP/R2Q1R2 w kq - 0 13	h2h3 h5h4	1226	mate mateIn1 middlegame
8FRyh	6k1/4bp1p/2q1p1p1/p7/3P4/1PpN2P1/P3QP1P/6K1 w - - 0 29	d3e5 c3c2 e5c6 c2c1q e2f1 c1c6	1227	advancedPawn endgame fork promotion
j3pgr	Rr1q2k1/2r1bp1p/3p2pB/3Qp3/4P1P1/Rp3P1P/8/1K6 b - - 3 43	b3b2 a8b8 d8b8 a3a8 c7c8 a8b8	1232	attraction clearance middlegame pin
HP5HF	Q2r3r/1ppk1ppp/3bb3/1B6/8/2N4q/PP3n2/2KRR3 b - - 4 21	d7e7 c3d5 e7f8 a8d8	1235	deflection mate mateIn2 middlegame
EDs1L	1k1r1b1r/p1p1q1pp/Qn3p2/N2p1b2/4p3/2P3P1/PP4P1/2KR2NR b - - 3 23	f5c8 a5c6 b8a8 a6a7	1237	fork mate mateIn2 opening
MGlUy	3qk2r/p4ppp/1p2pn2/2rpN3/2P5/3Q3P/P1P2PP1/R3R1K1 b k - 0 16	d5c4 d3d8 e8d8 e5f7 d8e7 f7h8	1240	attraction fork middlegame
9yBYw	5rk1/5ppp/2p5/3ppb2/q7/3P4/PKP4P/R1B1QR2 w - - 0 25	a2a3 f8b8 e1b4 b8b4 a3b4 a4b4	1242	middlegame
hocfI	r4b1r/ppp3pp/5k2/4p3/3n4/3P4/PPP2PPP/RNB1K2R w KQ - 1 12	b1a3 f8a3 b2a3 d4c2 e1d2 c2a1	1242	capturingDefender fork middlegame
XB9Pj	1r1k4/p1pq2pp/3b4/8/4Q1n1/2N3P1/PB3r1P/R3R1K1 b - - 1 20	b8b2 e4a8 d7c8 e1e8 d8e8 a8c8	1244	attraction clearance deflection middlegame
eJMm9	r5k1/p5p1/2p2q1p/1p2PpbQ/4p3/4P3/PP3P2/2K3RR b - - 0 25	f6e5 g1g5 h6g5 h5h8 g8f7 h8a8	1247	endgame sacrifice skewer
em2Cy	r1b2rk1/1pN1Rpp1/p2p3p/5Pn1/6P1/2PP3P/Pq6/R2Q2KB w - - 0 23	c7a8 g5h3 g1f1 b2f2	1249	kingsideAttack mate mateIn2 middlegame
iv5Yx	4r3/2k2pp1/2p3b1/PpP3Pp/3b3P/P1Np1B2/3K1P2/5R2 b - - 0 28	e8a8 c3b5 c6b5 f3a8	1250	endgame
fHaWe	r4bkr/5bpp/p7/qppN2Q1/2B5/4P3/PPP2PPP/2KR3R b - - 1 18	b5c4 d5f6	1253	mate mateIn1 middlegame pin smotheredMate
cKEOH	1kr3r1/p3q3/PpQ2n2/4B3/2P5/8/1P3PPN/4R1K1 b - - 0 31	e7e5 c6b7	1253	mate mateIn1 middlegame
mnAOR	2b5/1n1p1p1k/1B2rrpp/p1P1R3/1p2B3/1P3PP1/PK5P/5R2 w - - 2 31	e5d5 e6e4 f3e4 f6f1	1256	middlegame
LLBjR	2k3r1/p1p1bpr1/1p1p1p1p/3P1q2/PPPQ4/5B1P/5PPK/R5R1 w - - 3 20	f3g4 g7g4 h3g4 g8g4 d4g4 f5g4	1258	middlegame
1rkaX	8/5p1p/5Nk1/2p1PnP1/2P2K2/p7/P3R1P1/1r6 w - - 3 39	g2g4 b1f1 f4e4 f5g3 e4d3 g3e2	1258	endgame fork
ZVJNL	r2qr1k1/pp2bp2/2b1pn1Q/3n2N1/3P3P/P1N5/1P3PP1/RB2K2R b KQ - 2 17	e7f8 b1h7 f6h7 h6h7	1261	kingsideAttack mate mateIn2 opening
SUiMN	r5k1/2Q2p2/bpn2Pp1/p4q2/8/PB4B1/1p4PP/4R1K1 b - - 0 29	b2b1q c7f7 g8h8 f7g7	1265	mate mateIn2 middlegame
wbkQ7	r1b2knr/pppp4/n3p1Qp/1N4q1/3PPR2/5K2/P3BPP1/6N1 b - - 4 17	f8e7 g6f7 e7d8 f7f8	1265	mate mateIn2 middlegame
kSNaj	5rk1/6p1/2q1n2p/1pp1r3/4B2P/1P6/P1Q2P2/2R1R1K1 b - - 0 29	c6b6 e4h7 g8h8 e1e5 e6d4 c2c5	1266	discoveredAttack middlegame
TOfSt	4k3/pp5p/2p3n1/6P1/1b1p1P2/2NP3K/PP1B4/8 w - - 0 30	c3e4 b4d2 e4d2 g6f4 h3g4 f4d3	1266	capturingDefender endgame exposedKing
v01ku	8/1Pk5/8/2K2p1p/1N3P1P/6P1/8/r7 w - - 1 61	b4c2 a1c1 c5d4 c1c2	1273	endgame pin
WemXD	6rk/p3qpbp/1pp2N2/5P2/3P2Q1/2P5/PP3KRP/4r3 w - - 2 30	f6g8 e7e3	1274	endgame mate mateIn1
hPysQ	rnbq1bnr/pppp1ppp/3kp3/8/1QPPP3/5N2/PP3PPP/RNB1KB1R b KQ - 4 6	c7c5 b4c5	1276	mate mateIn1 opening
nfNO8	r2qkb1r/ppp2ppp/3p1n2/4pb2/1nP5/1PN1P3/PB1PNPPP/R2QKB1R w KQkq - 5 7	e3e4 b4d3	1278	mate mateIn1 opening smotheredMate
ugAjX	8/8/8/p2rp3/R7/3k1PK1/P7/8 w - - 7 47	g3g4 d5d4 a4d4 e5d4	1280	endgame rookEndgame
XuUXo	3r1r2/1p3pk1/1Npp3R/p4Pp1/3n2P1/7R/PP4K1/8 b - - 2 32	f8h8 f5f6 g7g8 h6h8	1282	endgame mate mateIn2
TmVy1	6B1/4k1B1/1p2n1p1/2b4p/P5PK/8/2P5/8 w - - 2 37	g7b2 c5f2 h4h3 e6f4 h3h2 h5g4	1284	deflection endgame
WhEyw	rn2k2r/ppq2ppp/2pnp3/6N1/2B5/3P1Q1P/PPP2PP1/R3K2R w KQkq - 0 12	c4b3 c7a5 c2c3 a5g5	1284	fork middlegame
Rd55o	7b/1pr2p1k/4p1rP/3pP1p1/3P2N1/P2QP3/2q5/R2R2K1 w - - 1 35	a1c1 c2d3 d1d3 c7c1	1285	discoveredAttack middlegame
Kk9no	3Q4/3P1rk1/p5p1/1p5p/8/P6R/4q1PP/3R2K1 w - - 1 39	h3d3 e2f2 g1h1 f2f1 d1f1 f7f1	1288	backRankMate endgame mate mateIn3 sacrifice
LExk2	r3k1nr/p3Pp1p/6p1/8/2B2b2/2K5/PP4PP/n1B1R3 b kq - 3 20	f4c1 c4b5	1288	mate mateIn1 middlegame
Z031u	r2q1rk1/1b2bppN/p1n1pn2/1p6/1P2PP2/2NPp2R/B1P3PP/1R1Q2K1 b - - 0 17	f6h7 d1h5 e7h4 h3h4 d8h4 h5h4	1288	middlegame
UogXH	1r1r2k1/5pp1/p2Qb2p/4N1q1/2P5/1P1P4/P4PPP/R3R1K1 w - - 1 22	e5f3 d8d6 f3g5 h6g5	1290	middlegame
VQTa8	2r3k1/6pp/4p3/p1r5/1bN2P2/1P3qP1/PQ2R2P/1K1R4 w - - 0 33	d1d7 f3f1 b2c1 f1e2	1292	deflection middlegame
60UC7	8/p2R3p/1p2P1pk/8/5P2/2Q1K1P1/P3P3/4r1q1 w - - 10 37	e3d2 e1d1 d2c2 d1c1 c2b3 c1c3	1292	endgame skewer
P8C06	r1bq1rk1/pp4pp/2pbpp2/3n2B1/3P4/5B2/PPPQ1PPP/2KR2NR w - - 0 13	g5h4 d6f4 d2f4 d5f4	1292	opening pin
dDBOe	7k/6pp/1p5N/1P1QP3/3p3P/p7/2PK1q2/6R1 w - - 1 33	d2d3 f2e3 d3c4 e3c3	1293	endgame fork mate mateIn2
wPGYv	4rr1k/p3p3/2p3Q1/8/2P5/1P6/P2q4/R4R1K b - - 4 31	f8g8 g6h5 d2h6 h5h6	1293	endgame mate mateIn2
1Fi4I	8/5k2/2n1Np2/5p1p/4K3/7P/6P1/8 w - - 0 44	e4f5 c6e7 f5e4 f7e6	1295	deflection endgame
VugTF	8/4pk2/3p1bpp/8/r1PP4/2RK1NPP/1p3P2/8 w - - 0 35	c3b3 a4a3 b3a3 b2b1q	1296	advancedPawn deflection endgame pin promotion
peYRb	8/2p5/pp5p/4k1p1/1PP3P1/P3K2P/8/8 w - - 0 37	b4b5 a6b5 c4b5 e5d5	1297	defensiveMove endgame pawnEndgame
Bemj1	2kr1bnr/ppp2ppp/8/4n3/6b1/2N1BN2/PPP2PPP/R2BK2R b KQ - 1 9	f8b4 f3e5 b4c3 b2c3	1299	hangingPiece opening
FthuA	r1b2r1k/pp2q1pB/2p5/3p3Q/3P4/7P/PP1n1PP1/R5KR b - - 6 18	f8f6 h7g6 h8g8 h5h7 g8f8 h7h8	1299	discoveredAttack kingsideAttack mate mateIn3 middlegame
7KR8i	3n4/3P4/Pk6/1P6/6p1/6p1/6K1/8 b - - 2 58	d8e6 g2g3 e6d8 g3g4 b6b5 a6a7 b5c6 a7a8q	1299	advancedPawn endgame promotion
7YLLn	8/P1pkr3/2p1rp2/5Qp1/3P1b2/5q2/5P2/R1R2K2 w - - 3 29	a7a8q f3h1	1302	mate mateIn1 middlegame
sEHwz	N1b2k1r/pp3p1p/2np1np1/2b1p3/2B1P3/5Q2/PPPP1qPP/R1BK2NR w - - 0 10	a8c7 c8g4 c4e2 g4f3	1304	middlegame pin
88072	2r2rk1/pp3b1p/1qnp2p1/8/4P1N1/PP4P1/1Q3PB1/3R1RK1 b - - 3 24	b6b3 g4h6	1305	mate mateIn1 middlegame
yiV9P	2kr2nr/pppq2pp/3b4/4n3/Q3P3/2N2N2/PP3PPP/3R1RK1 w - - 0 14	f3e5 d7a4 c3a4 d6e5	1305	intermezzo middlegame
EvGT2	7k/1Q4p1/2p4p/8/4r3/2P5/PP3qPP/R6K w - - 3 26	a1g1 e4e1 b7c8 h8h7 c8f5 f2f5	1308	defensiveMove endgame
xGPB6	r3kb1r/2p2ppp/p1p2n2/3p4/4pP1q/1P2P3/PBPP2PP/RN1Q1RK1 w kq - 0 11	d2d3 f6g4 h2h3 g4e3	1310	middlegame
BJ9yi	r7/2pq1p1k/p1np1p1p/1p1BpNr1/4P3/P1PP4/2PQ1P1K/1R3R2 w - - 2 23	f2f4 g5h5 h2g1 a8g8	1310	middlegame
I0VRB	8/p6k/P4R2/4P2p/5pp1/4b3/2R3KP/3r4 w - - 1 38	h2h3 d1g1 g2h2 g4g3	1311	endgame mate mateIn2
LGSVO	r4rk1/pp3ppp/2np3q/2p1p3/4Pb2/1PNP1P2/PBP1Q1RN/R5K1 w - - 5 17	e2f2 f4e3 f2e3 h6e3	1312	kingsideAttack middlegame pin
hL8Lz	8/8/1R2p3/2N2kpp/3P1p2/5K2/r4PPP/8 w - - 8 47	g2g3 g5g4 f3g2 f4f3 g2f1 a2a1 b6b1 a1b1	1315	endgame mate
mXblL	r2qk2r/pp1n1pp1/4p1p1/2b1P3/4QP2/2N5/PP4PP/R1B2RK1 w kq - 2 17	g1h1 h8h2 h1h2 d8h4	1316	attraction kingsideAttack mate mateIn2 middlegame sacrifice
g65Ex	4r1k1/1p3pbp/p2p2p1/3B2n1/2PP1RP1/1P1Q3P/P6K/2B1q3 w - - 1 27	f4f1 e8e2 d3e2 e1e2	1316	middlegame
qOqjh	3b4/7P/5p2/5B2/2b3P1/2n3k1/8/6K1 w - - 1 48	h7h8q d8b6 g1h1 c4d5 f5e4 d5e4	1317	endgame exposedKing mate mateIn3
wjAQj	5r2/p5kp/1pp2p2/3pn3/P2Q2Pq/2P1BR2/6RP/6K1 w - - 0 29	f3f5 h4e1 f5f1 e5f3 g1h1 e1f1	1318	deflection middlegame pin
6wTUw	4k2r/1b2q1p1/4ppNp/p2p4/3P1P2/b1rB1NP1/PK2Q1P1/4R2R w k - 4 27	b2c3 e7b4 c3c2 b4b2 c2d1 b2c1	1319	mate mateIn3 middlegame
cBXB7	2k5/ppq5/1bp1p3/3pNnQ1/1P1P4/2P2KP1/P4Pr1/R7 b - - 9 32	g2h2 g5g8 c7d8 g8e6 c8b8 e6f5	1320	fork middlegame
3kNdd	rnb1k1nr/pp1pppbp/1q4p1/2p5/2PPP3/5N2/PP1B1PPP/RN1QKB1R w KQkq - 4 6	d4c5 b6b2 b1c3 g7c3	1320	opening
tDTix	r2r2k1/p1pN1p1b/1p2p2p/6p1/P2Pn3/1QPBP3/5qPP/R1R4K w - - 2 20	d3e4 h7e4 d7f6 f2f6	1322	middlegame
NfCoH	1k2b3/pp1r4/4qb2/2QN1pp1/4p3/2P3P1/PPK2PP1/3R4 b - - 7 34	e6c6 c5c6 b7c6 d5f6 d7d1 c2d1	1325	capturingDefender fork middlegame
Z1KqW	2rq1rk1/pp2ppbp/6p1/3pPb2/4n3/PP1B4/1BPN1PPP/R2Q1RK1 w - - 1 13	f2f4 d8b6 g1h1 e4f2	1325	opening
qqZzj	r3r1k1/pp2qppp/2n5/2Pp4/6P1/2b2Q2/P2P2PP/RNBK2NR w - - 0 17	b1c3 e7e1 d1c2 c6d4 c2b2 d4f3	1325	fork middlegame
9UmlI	rnQ2b1r/p1p1kppp/2q5/4p3/8/8/PP1P1PPP/RNB2RK1 w - - 3 12	f1e1 b8d7 c8a8 c6a8	1325	middlegame quietMove trappedPiece
dPPjd	r1bq2k1/5pp1/2p2n1p/pp6/3P4/1B3N1P/PPPQ1PP1/2K4R w - - 0 20	h1e1 a5a4 b3f7 g8f7	1326	middlegame trappedPiece
rdy9l	rn2k2r/3bbppp/3ppn2/1N6/4P3/3BQ3/PPq2PPP/R1B1R1K1 b kq - 1 13	c2c5 e3c5 d6c5 b5c7 e8d8 c7a8	1327	fork opening
hOoUQ	8/5P2/1pk3R1/8/p5K1/8/8/5r2 b - - 2 61	c6b5 g6g5 b5b4 g5f5	1329	endgame rookEndgame
UacRA	3r1r1k/8/p3R1Bp/1p1P4/1P4p1/P2Q1PPK/4R1P1/2q2n2 w - - 0 39	h3g4 c1g5 g4h3 g5g3	1332	mate mateIn2 middlegame
mDdHk	rq1b1rk1/5pp1/3p1n1p/1p1Pp3/4P3/1P2B2P/2QN1PP1/R3R1K1 b - - 1 21	d8b6 a1a8 b8a8 e3b6	1336	middlegame
9igIy	8/8/p2r1k2/1p4p1/n3P3/P1P2P2/1PK3R1/8 b - - 10 38	a4c5 e4e5 f6e5 g2g5 e5f4 g5c5	1340	attraction deflection endgame skewer
tfUo5	r2qk2r/ppp2ppp/3p1b2/3P4/2Q5/8/PPP2PPP/R1B1R1K1 b kq - 0 12	e8d7 c4g4	1340	mate mateIn1 middlegame
yEwmB	6k1/b4pp1/2rq3p/Qp6/3p1P2/P6P/B4PK1/2R5 w - - 0 32	a5a7 d6g6 g2h2 c6c1 a7a8 g8h7	1340	endgame
jPBN7	r1b2rk1/pp1pBp1p/4p1p1/2P5/8/2q1PN2/P3QPPP/R4K1R w - - 2 16	e7f8 c3a1 e2e1 a1e1 f1e1 g8f8	1341	hangingPiece middlegame
6Q2hP	1rN3k1/6pp/p3p3/2pp4/3n1rB1/7P/PPP5/2KR3R b - - 0 23	b8c8 d1d4 f4d4 g4e6	1344	capturingDefender endgame
kjDXc	8/8/3b2k1/1R6/6p1/5P1p/8/6K1 b - - 1 66	g4f3 b5b6 h3h2 g1h1 f3f2 b6d6	1345	defensiveMove endgame pin
95cT0	1r4k1/R2R2p1/4pq2/1B5p/2P1p1rP/4QbP1/P4P1K/8 w - - 5 33	d7f7 g4h4 g3h4 f6h4 h2g1 h4h1	1346	mate mateIn3 middlegame sacrifice
WIlsO	8/2r3k1/B7/5p1p/1P4pP/5b2/PP1R1P2/5K2 w - - 1 32	a6e2 c7c1 d2d1 c1d1 e2d1 f3d1	1352	endgame xRayAttack
Q64G4	6k1/bPp2pPp/p7/3N4/8/1P5P/P5PK/r7 b - - 1 24	c7c6 d5e7 g8g7 e7c6 a7g1 h2g3	1355	endgame
UxWfJ	r3k2r/1p2qppp/2b1p3/p7/3pB3/Q1P5/PP3PPP/R1B2RK1 b kq - 0 15	e7a3 e4c6 b7c6 b2a3	1355	intermezzo middlegame
eVpdQ	7k/pp3b1p/5pr1/2p5/3n1P2/2N5/PP3PP1/R4RK1 w - - 1 24	a1d1 d4f3 g1h1 g6h6	1356	endgame mate mateIn2 pin
742B5	r1b1k2r/pp1pbppp/2p2n2/q2P4/1n2P3/P1N2N2/1P3PPP/R1BQKB1R w KQkq - 1 9	d1a4 a5a4 c3a4 b4c2 e1d1 c2a1	1357	fork opening
Ndt44	8/1Q6/p4r2/2pk1p2/P2bq3/7R/6PP/7K b - - 1 37	d5c4 b7b3	1359	endgame mate mateIn1
XTiEB	r3k1nr/pR1npp1p/q1pp1bp1/6N1/4P1Q1/3P4/2PB1PPP/1R4K1 b kq - 6 15	d7c5 b7b8 a8b8 b1b8 a6c8 b8c8	1360	mate mateIn3 middlegame
ab43l	3rr1k1/1p6/pn1q3p/Q2p2p1/4P3/3B2R1/PPP2P2/2K4R b - - 0 27	d5e4 g3g5 h6g5 a5g5	1361	middlegame sacrifice
nj5Zf	1r2k2r/1bpqnppp/1p2p3/p2PP3/4QN2/2B5/PPP2PPP/1K1R3R w k - 1 16	d5e6 d7d1 h1d1 b7e4 e6f7 e8f7	1362	middlegame
V9TCj	8/p4K2/5p2/2b5/n4k2/6Q1/7P/1q6 b - - 8 49	f4f5 g3g6 f5e5 g6b1	1362	endgame skewer
qbmrj	8/4k3/1p2Bp1p/1Kb1pP1P/2P3P1/8/8/8 w - - 12 61	b5a6 e5e4 e6d5 e4e3 d5f3 e7d6 a6b7 d6e5	1363	endgame quietMove
LMEFg	r1b1r1kQ/pppq4/4p1N1/n2nPp2/3P4/P1PB4/5PPP/R4RK1 b - - 2 18	g8f7 h8h7	1364	mate mateIn1 middlegame
LB3zg	r2q1rk1/1pbnnppp/4p3/1NPpPb2/3P1P2/5N2/3B2PP/R2QKB1R b KQ - 0 14	e7c6 a1a8 d8a8 b5c7	1364	opening
2iAN0	r2nr2k/1p5p/p1p5/3P1R2/1PP1p1P1/P1q1PQ2/3N2P1/4R1K1 b - - 2 27	c3d2 f5f8 h8g7 f3f6	1367	kingsideAttack mate mateIn2 middlegame
sUbmC	8/p5p1/8/kp3P2/1Q2P2P/2P3P1/1Pq2r2/6K1 b - - 6 42	a5b6 b4d4 b6a6 d4f2	1370	endgame
cHpEG	8/6pk/5p1p/p2Q3P/5KP1/1Pq5/5P2/8 b - - 4 47	c3b4 d5e4 h7g8 e4b4	1371	endgame
UpiiB	8/8/1PNn1k2/3p4/3P2pp/2PK4/6P1/8 w - - 0 40	c6d8 h4h3 b6b7 d6b7	1373	endgame
n1V3A	2q1rk2/5pp1/1p3n2/p1p1pN2/P1P1N3/1P2P2P/2Q3P1/3r1RK1 w - - 0 25	f1d1 c8f5 c2f2 f5e4	1375	hangingPiece middlegame
SQo3x	8/1p3rkR/2p1pN2/3pP3/3r1BK1/8/8/8 b - - 3 45	g7f8 h7h8 f8e7 h8e8	1375	endgame mate mateIn2
vkaoB	3r1r2/pNq1k1pp/Q1p1p3/3p4/3P2P1/P3P3/1PR4b/3R2K1 w - - 0 24	c2h2 c7g3 g1h1 g3f3	1384	kingsideAttack middlegame
6OSHd	r1bq1rk1/ppp3p1/1b6/1P1NR1p1/2P2p2/6B1/P4PPP/R2Q2K1 b - - 0 18	f4g3 d5e7 d8e7 e5e7 g3f2 g1f1	1391	middlegame
tS7iP	8/p3p1k1/1n1pB1p1/3P4/8/1Pp3PK/2q5/5Q2 b - - 3 40	c2d2 f1f7 g7h6 f7f8	1393	endgame
pQWjC	r5k1/pp3rnp/3P4/2P3Q1/4pP2/1B2qp1K/P7/6R1 b - - 0 33	a8f8 g5g7	1394	mate mateIn1 middlegame pin
nlig9	r4rk1/pp4b1/3pRq2/2pP1bNn/2P2Pp1/3B4/PPQ2P1P/4B2K b - - 0 27	h5f4 e6f6 f5d3 f6f8	1394	kingsideAttack middlegame
HjeJi	8/pQ3pk1/1p3bp1/2p1p3/6B1/2P2P1P/PP1q1PK1/8 b - - 3 27	d2b2 g4e6 b2d2 b7f7 g7h6 f7f6 d2g5 f6g5	1395	deflection endgame pin
fGWOV	r1b1k1nr/ppp2pQp/3p4/8/P3q3/8/1PP2PPP/R1BK3R b kq - 1 13	e4e5 h1e1 c8e6 e1e5	1396	middlegame pin
rD5o9	r3kr2/5pQp/p2p4/1ppP4/3qp3/P2P1R2/1PP3PP/5R1K w q - 0 23	f3f7 d4g7 f7f8 g7f8 f1f8 e8f8	1397	endgame
j0J1J	2r2rk1/1p3p1p/pB1p1Ppb/P2Np1q1/3nP1n1/1N4Q1/1PP1B3/3R1RK1 w - - 5 25	g3g4 d4e2 g1f2 g5g4	1399	intermezzo kingsideAttack middlegame pin
r30PE	r1b2k2/pp1ppp1p/6p1/q2n4/2B1Q3/8/PbPN1PPP/1R2K2R b K - 1 14	b2c3 e4d5 a5d5 c4d5	1401	middlegame
8SMIw	8/6p1/7k/1R5P/5P2/8/1p1K1P2/5r2 w - - 7 39	b5b2 f1f2 d2c3 f2b2 c3b2 h6h5 b2c2 h5g4	1402	endgame rookEndgame
X4pIL	r4rk1/1bppq1pp/1p2p2P/6P1/3PNb2/1PPB1N2/1K2QP2/3R3R w - - 3 22	h6g7 e7a3 b2b1 a3a1 b1c2 a1a2	1403	mate mateIn3 middlegame
C27tW	3q2r1/5k1p/1p2p3/2p2p2/1nPp1P1n/3P3P/PP4BK/R1Q3R1 w - - 0 27	c1d2 g8g2 g1g2 h4f3 h2g3 f3d2	1403	fork middlegame sacrifice
fIAhu	6k1/5p1p/p1q1pPp1/2r1P3/P2p2PP/3P4/1P1Q4/4R2K w - - 5 35	h1g1 c5c2 d2f2 c2f2	1403	endgame
78Jq0	6k1/2R3p1/3p3p/p2r1n2/3PN3/2P4P/2r3P1/4R1K1 b - - 0 30	f5h4 e4f6 g7f6 e1e8	1406	clearance endgame mate mateIn2 sacrifice
3dM1v	4rb2/3q1ppk/p2p1n1p/1p1P4/2r5/P1N1B1QP/1P3PP1/2R1R1K1 w - - 5 23	b2b3 c4c3 c1c3 f6e4 g3f3 e4c3	1409	attraction fork middlegame sacrifice
jC4zt	rn2kb1r/ppp3pp/2b2n2/4qpB1/8/1Q6/PPP1BPPP/RN2R1K1 b kq - 1 13	f8e7 e2h5 e8d8 e1e5	1410	discoveredAttack opening
9MTjv	8/2k1r3/1pP2R1P/8/1p4P1/3p1K2/P7/8 w - - 0 38	f3g3 d3d2 f6f1 e7e1 f1f7 c7c6	1411	advancedPawn endgame rookEndgame
4ikq9	5k2/2R5/p3R3/1p1p1p2/3P4/2P2K2/P1q3PP/8 w - - 4 39	e6a6 c2e4 f3f2 e4f4 f2e2 f4c7	1414	endgame exposedKing fork
6pWeI	r1b1k2r/pppp1ppp/4qn2/8/1b1P4/2N1B3/PP2BPPP/R2Q1RK1 b kq - 6 11	d7d5 d1a4 c7c6 a4b4	1418	fork opening
obgV6	8/8/p7/8/5kp1/3K1p2/P4N2/8 w - - 0 52	d3d2 g4g3 f2d1 g3g2	1420	advancedPawn endgame
3U7Vy	r4r1k/ppp3pp/1b3q2/3Bp3/1P1n4/P1Nb4/2PB1P1P/R2QK1NR w KQ - 0 15	c2d3 f6f2	1420	mate mateIn1 middlegame
HyN8M	5q1k/R3b2p/p4p2/3Bp1r1/4P3/2Q3Pb/5P1P/6K1 b - - 3 35	f8d8 a7a8 d8a8 d5a8	1421	middlegame pin
nhOc4	r4rk1/pppqn1p1/4p2p/3pP3/4nP2/B1PQ1N2/P5PP/3R1R1K b - - 4 18	c7c5 d3e4 d5e4 d1d7	1422	discoveredAttack middlegame
P3jYL	2k4r/pp3pp1/2p1p1p1/4P3/5PP1/2n3qP/P1PQ4/R4RK1 w - - 1 20	d2g2 c3e2 g1h1 h8h3 g2h3 g3h3	1423	endgame exposedKing kingsideAttack mate mateIn3 pin
jklIB	R4rk1/5p1p/2pNp1p1/2Pn2q1/8/1P5P/5PP1/Q5K1 b - - 0 27	d5f4 a8f8 g8f8 a1h8 f8e7 h8e8	1426	attraction endgame
83ukf	r1b1kbnr/1p3ppp/pqn1p3/2pp4/3P1B2/P1N1PN2/1PP1BPPP/R2QK2R b KQkq - 4 7	b6b2 c3a4 b2a1 d1a1	1427	opening trappedPiece
DlWje	8/p7/5ppp/2k5/r1p5/1R3KP1/2N4P/8 w - - 2 45	b3a3 a4a3 c2a3 c5b4	1428	endgame
Nd0pT	6k1/1pp3pp/p1p5/P1b1pqr1/2N1Q3/3P1r1P/1PP3PK/R3R3 b - - 3 21	f3g3 e4f5 g3g2 h2h1 g5f5 h1g2	1431	middlegame
7CVXS	8/1p4Q1/4r3/3q1p1k/1P1BR1p1/2PPKnP1/5P2/8 w - - 1 42	g7h7 e6h6 h7e7 f5e4	1432	endgame
H2JXV	r2qkb1r/1b3ppp/p3pn2/1pn1P3/3N4/2NB4/PP3PPP/R1BQR1K1 b kq - 0 13	d8d4 d3b5 a6b5 d1d4	1434	discoveredAttack opening
i01aQ	5r1k/pQ4p1/2p2q1p/8/8/2N3R1/PPP3K1/8 w - - 2 38	b7a7 f6f1 g2h2 f8f2 a7f2 f1f2	1435	endgame exposedKing
74q6A	r1bqk1nr/p3ppbp/6p1/3BP3/5P2/8/PPP3PP/R1BQ1RK1 b kq - 0 12	a8b8 d5f7 e8f7 d1d8	1437	deflection discoveredAttack opening
yJYPa	5R2/2p4p/1p3bk1/6p1/2r5/P3B1PP/5PK1/8 b - - 7 38	c4c3 f8f6 g6f6 e3d4 f6e6 d4c3	1437	attraction endgame fork sacrifice
HGhYp	2r3nr/p4pkp/6p1/3Q4/2B2B1b/8/P4qPK/5R2 b - - 0 27	f2b6 d5f7	1438	mate mateIn1 middlegame
LdnHL	r2qk2r/ppp5/4Pp1p/n1b1B1p1/2B5/3P4/PPP2PPP/R2QK2R b KQkq - 0 13	a5c4 d1h5 e8f8 h5f7	1438	mate mateIn2 middlegame
bHV8W	2R5/pp3rpk/4p2p/3pPp1P/qP1P2P1/5P2/3Q2K1/8 b - - 0 32	f5g4 d2d3 f7f5 f3g4	1440	endgame intermezzo
XSm6s	8/8/4K3/2P1R3/5pk1/8/2r5/8 w - - 1 47	e6d7 f4f3 e5e4 g4g3	1440	defensiveMove endgame rookEndgame
MXXBp	5Q2/p1r5/PpP1k3/1P1pq2p/4p2P/8/5pP1/3R2K1 w - - 0 42	g1f2 c7f7 f8f7 e6f7	1442	endgame fork
ff1MR	7r/3k1p1p/p2pbp2/1p3r2/3qN3/3B4/PPPQ2PP/4R2K b - - 14 25	f5h5 d3b5 h5b5 d2d4	1442	discoveredAttack middlegame
cqZd0	r7/3b2kR/1pp1p1p1/p2pPp2/P4P2/qP1B3R/2P3PP/7K b - - 0 33	g7f8 h7h8 f8e7 h3h7	1444	endgame mate mateIn2
2zGW8	7k/Q1p3p1/2pb2r1/3p4/3PpPq1/4BR2/PPP4p/5R1K w - - 2 26	f3f2 g4g1 f1g1 h2g1q	1448	advancedPawn kingsideAttack mate mateIn2 middlegame promotion
rZA4b	r4rk1/pp3pp1/4p2p/3p2q1/1Qn3P1/7P/PPP1NP2/4RRK1 b - - 2 27	c4d2 f2f4 g5h4 b4d2	1451	interference middlegame
MxlLA	r4rk1/p6p/6p1/3pb3/8/1P2P3/P5PP/R1B2RK1 w - - 0 20	a1b1 e5h2 g1h2 f8f1	1453	deflection endgame
7OyLn	3q3k/4n1pp/3r4/3r3N/8/2Q3P1/2P1K1P1/3R3R b - - 1 27	d5h5 d1d6 d8d6 h1h5	1455	intermezzo middlegame
eZSQT	r2q2k1/bpp3p1/p5np/3PQ3/1PP5/P7/6PP/R1B2B1K w - - 1 24	e5g3 d8f6 c1b2 f6b2	1465	fork middlegame
na49U	3r1rk1/pb3pbp/1p6/3n1P2/qP1B2P1/2QB3P/2P1N2R/2KR4 w - - 5 24	c3a1 a4a1 d4a1 g7a1	1465	middlegame xRayAttack
0qHIj	2Q5/pp3Npk/4p3/3q3p/P2r4/1P5P/5Pb1/4R1K1 b - - 1 31	g2h3 c8h8 h7g6 f7e5	1466	endgame
2fjBp	4rk1r/1pp2p2/p2b1p1p/2qN1P2/4Q3/8/PPP2P1P/2KRR3 w - - 6 21	e4h4 e8e1 d1e1 c5d5 h4f6 d6f4	1466	middlegame
CZDj4	5k2/7R/3p3p/3Nn3/1P4P1/3r4/5K2/8 w - - 6 61	d5f4 d3f3 f2e1 f3f4	1467	endgame fork
pcbkT	1k5r/pp3pp1/2p1p2p/3Br1q1/P7/1Q5P/1P3PP1/3R1R1K b - - 0 27	e6d5 f2f4 e5e3 b3e3	1471	endgame fork
1LRkD	7R/1r2P3/3P2k1/3K3p/1p6/8/7P/2r5 b - - 0 50	c1d1 d5c6 b7e7 d6e7	1471	advancedPawn defensiveMove endgame rookEndgame
GvUdk	rnQ2b1r/p1p1kppp/2q1pn2/8/5P2/1PN5/P1PP2PP/R1B2R1K b - - 0 12	b8d7 c1a3 d7c5 a3c5 c6c5 c8a8	1473	middlegame
t9nh3	r4r2/pp3pk1/3b4/2p1n1pp/2PPp2q/PP5b/1B1PBPP1/RN1Q1RK1 w - - 0 18	g2g3 e5f3 e2f3 d6g3 f2g3 h4g3	1473	discoveredAttack kingsideAttack middlegame sacrifice
5WjGB	2k1r3/p4rp1/p1p1pn1p/7P/3P4/6N1/PP3PP1/1K1RR3 w - - 0 24	g3f5 e6f5 e1e8 f6e8	1474	endgame hangingPiece
U7Px1	3r1rk1/pR5p/2p1p2p/8/4B1N1/1P2p1b1/P1P5/4R2K b - - 1 28	g3e1 g4h6 g8h8 b7h7	1477	endgame mate mateIn2
RhoSY	r1b2rk1/ppp2ppp/4qn2/4N3/5P2/4P3/PP1Q2PP/3RKB1R b K - 0 14	f8e8 f1c4 e6e7 c4f7 e7f7 e5f7	1478	fork middlegame
HPchO	2r3k1/1pbQ1p1p/p3np1q/2R5/1P5N/P5P1/5PK1/8 b - - 3 28	c8f8 h4f5 h6g5 f5e7 g8g7 c5g5	1482	discoveredAttack middlegame
Kkl1h	6k1/6p1/6Kp/2B4P/p5P1/8/8/3n4 b - - 2 49	d1c3 c5d4 c3d5 d4g7	1483	endgame
43H95	R7/8/3p2p1/3Pk3/P1P1r3/2K5/5p2/8 b - - 1 50	f2f1q a8e8 e5f6 e8f8 f6e7 f8f1	1484	endgame skewer
rCckf	R7/8/6K1/8/6P1/2r2P2/pk5P/8 w - - 1 44	f3f4 c3a3 a8a3 b2a3	1485	endgame rookEndgame
42dp4	1r1r2k1/5pp1/1P2p2p/p1R5/N2n4/5P1P/6P1/R5K1 w - - 4 44	c5a5 d4b3 a5a7 b3a1	1485	endgame fork
K3Poe	8/4k3/8/2pK1P2/1p6/2B5/8/6b1 w - - 0 46	c3b4 c5b4 d5c4 g1c5	1487	defensiveMove endgame hangingPiece
iteRV	rnbq1r1k/2p3pp/p7/1p2N3/3P1n2/1BP5/P1Q2PPP/3RR1K1 b - - 1 17	d8g5 e5f7 f8f7 e1e8 f7f8 e8f8	1491	clearance fork mate mateIn3 middlegame sacrifice
wFuEV	1r3rk1/1q3pp1/p3p1n1/2p1P1Np/3pRP1P/1P3Q2/P5P1/3R2K1 b - - 2 25	g6e7 f3h5 b7e4 g5e4	1492	middlegame
HYViB	4r1k1/pp4p1/5q1p/5P2/5Q2/2P5/P4P1P/1R4K1 w - - 0 28	b1b7 e8e1 g1g2 f6c6 f4f3 e1g1 g2g1 c6f3	1492	deflection endgame fork
eIImR	rn1qkbnr/pp4pp/2p1bp2/3Np3/2BpP3/5N1P/PPPP1PP1/R1BQK2R w KQkq - 0 7	d5f6 d8f6 c4e6 f6e6	1493	hangingPiece opening
BXJyQ	8/1pp5/p5P1/Pk5P/8/2b5/7K/8 b - - 0 41	b5a5 h5h6 c3d2 g6g7 d2h6 g7g8q	1495	advancedPawn endgame promotion
3f3lk	4rrk1/pp1q1p1p/2p5/2Pp2pN/3Pp1n1/PP2P1P1/1B1NQP2/2K4R b - - 1 22	d7f5 e2g4 f5g4 h5f6 g8g7 f6g4	1495	attraction fork middlegame sacrifice
7kYCc	6r1/4qpk1/p3p1p1/1p2P2p/2p5/2P1PQP1/P1P4P/3R2K1 b - - 4 30	g8d8 f3f6 e7f6 e5f6 g7f6 d1d8	1495	endgame
5up6Q	r1bqk2r/pp1pbp1p/2n1p1pB/3nP3/4Q3/2PB1N2/PP3PPP/RN2K2R b KQkq - 1 9	f7f6 e4g6 h7g6 d3g6	1499	mate mateIn2 opening sacrifice
Dbk4A	5r1k/4Npp1/pp2p2p/2p3Q1/q7/7R/1b1r1PPP/5RK1 b - - 1 33	b2f6 h3h6 g7h6 g5h6	1503	kingsideAttack mate mateIn2 middlegame sacrifice
AnXB9	1r1q1rk1/2p2pp1/2Bp4/3Pn1R1/4P3/1P4P1/P1P4P/2RQ2K1 w - - 1 25	d1h5 d8g5 h5g5 e5f3 g1f2 f3g5	1506	attraction fork middlegame sacrifice
jyHY6	5k2/p3b1p1/1p2Qp1p/8/P1PN1P2/1P4P1/2K4q/8 w - - 2 41	c2b1 h2g1 b1a2 g1d4	1506	endgame fork
T2Xs0	r2qkb1r/ppp4p/5np1/3pn3/6b1/2PB1N2/PP2QPPP/RNB1K2R b KQkq - 1 9	d8e7 e2e5 g4f3 e5e7 f8e7 g2f3	1508	exposedKing opening
nmk4I	5rk1/3b1ppp/pq6/1p1Pp3/1Q1pP3/3B4/PP3PPP/2R3K1 b - - 0 21	f8c8 c1c8 d7c8 b4e7	1509	endgame
FjYsq	5r2/p4p1k/b2p3p/q1pPp3/2n1P2B/2P2N2/P1Q2P1P/2KR2R1 w - - 7 22	g1g3 a5a3 c1b1 f8b8 b1a1 b8b2 f3g5 h6g5	1513	exposedKing middlegame
AorcT	3r3k/1b3P2/pp4p1/2p3P1/2B2Q2/1KN5/P5q1/8 b - - 4 38	d8f8 f4h4 h8g7 h4h6	1513	endgame mate mateIn2
F55v1	r5k1/1q3pp1/1B2p2p/P2p4/5P2/3bP2Q/6PP/R5K1 w - - 0 32	h3f3 b7b6 a5b6 a8a1 g1f2 a1f1 f2g3 f1f3	1514	endgame skewer
rFend	2k3r1/ppp2p2/4pp2/7p/2P4r/3P1PqP/PP2Q1P1/3R2RK w - - 3 23	d1d2 h4h3 g2h3 g3g1	1514	endgame kingsideAttack mate mateIn2
SQQHg	7Q/p3r3/1p2ppkN/6p1/3q1n2/P6P/1P3PP1/4R1K1 w - - 7 35	h6g8 e7h7 h8f6 d4f6 g8f6 g6f6	1517	endgame
lSDfh	r2qk2r/p3bppp/2p1pn2/2p3B1/3p2P1/5N1P/PPP1NP2/R2QK1R1 w Qkq - 2 15	d1d2 f6e4 d2f4 e4g5 f3g5 e7g5	1519	middlegame
Locy8	8/7k/2p5/4pp2/2P5/3p4/1P1K3P/8 b - - 0 42	e5e4 b2b4 h7g6 b4b5	1520	endgame pawnEndgame quietMove
l8YHV	r4rk1/pp4pp/2p1b2q/3pP3/3PpN2/P3P2P/1P4P1/R2Q1RK1 w - - 5 19	d1h5 f8f4 h5h6 f4f1 a1f1 g7h6	1521	kingsideAttack middlegame
Dn8zP	r4rk1/3p1pp1/ppnqp2p/3P4/4P3/1P3NP1/PQ3PBP/3R2K1 b - - 0 22	a8c8 e4e5 d6b8 d5c6	1522	middlegame
DrFSP	r1bq1r2/1p4pk/p1n1pn1p/3pBp1P/1bpP1P1N/2N1P1R1/PPPQB1P1/R3K3 b Q - 2 14	f6e4 g3g7 h7h8 h4g6	1523	mate mateIn2 middlegame
Zf4vy	k2r3r/1q3pp1/b2P4/2R3p1/Pp2N3/1P3PP1/5Q1P/3R2K1 w - - 3 35	c5c7 b7c7 d6c7 d8d1 g1g2 a6f1 f2f1 d1f1	1524	kingsideAttack middlegame
dVA38	6k1/5p2/R5pp/1p2r3/6P1/N2B4/rPP3PK/8 w - - 0 33	d3b5 e5b5 a3b5 a2a6	1526	endgame
aR79y	1r4k1/3qppbp/2Np1np1/1N1n4/1Pp1P3/4B1P1/2Q2PKP/R7 w - - 0 22	c6b8 d5e3 f2e3 d7b5	1526	middlegame
6bA7T	r2q1rk1/pppbbppp/2np1n2/4p3/2BPP3/1QP2N1P/PP3PP1/RNB1R1K1 w - - 3 10	c1g5 c6a5 b3c2 a5c4	1527	opening
whD9y	8/pkpp2p1/1p6/8/4P1P1/2N1R1pr/PPP4r/R5K1 w - - 2 24	e3g3 h2h1 g1f2 h3h2 f2e3 h1a1	1529	endgame exposedKing
4fKhb	1r2k2r/7p/p2pBPn1/1pp1q2Q/7P/8/PPP5/2KR1R2 w k - 0 25	d1e1 e5h5 e6g4 h5e5	1543	hangingPiece middlegame
T6MOj	2rr4/1p2pp1k/4b1pb/pNp4n/Pn1NP2P/1P3P2/1BPQ4/1K1R1B2 w - - 0 21	d4e6 d8d2 d1d2 h6d2	1543	middlegame
46DvB	r1b2rk1/pp4pp/3pp3/3p1pBq/3n1P2/P5Q1/1PPK1PPP/R4B1R b - - 1 14	f8e8 g5f6 h5h6 f6d4	1544	middlegame pin
2qlsc	4r1k1/p5p1/1p2rpq1/3p2np/2pP1QP1/2P5/PP3B1N/4RRK1 w - - 2 29	e1e6 g5h3 g1h1 h3f4 e6e8 g6e8	1547	fork middlegame
QJ7o6	8/K7/1P5r/2k5/8/7p/8/7R b - - 3 61	h6b6 h1c1 c5b5 c1b1	1549	endgame rookEndgame
BN6e2	8/7p/8/1p3KP1/1k5P/8/8/8 b - - 0 56	b4c4 h4h5 b5b4 g5g6 h7g6 h5g6 b4b3 g6g7 b3b2 g7g8q	1550	advancedPawn endgame pawnEndgame promotion quietMove
ZjJ5W	r3r3/ppq3k1/3b1ppp/3P4/8/3Q3P/PP4P1/R1B2RK1 w - - 1 22	c1e3 e8e3 d3e3 d6c5 e3c5 c7c5	1551	middlegame pin sacrifice
i8prr	7b/7P/6P1/p1pk1B2/1Pnp4/8/8/2B3K1 b - - 0 47	a5b4 c1h6 c4d6 g6g7 h8g7 h6g7	1554	advancedPawn endgame quietMove trappedPiece
8kIiF	2kr1r2/p2qn1p1/1pp1p2p/4P3/3NQ3/2R1P3/P5PP/1R4K1 w - - 2 23	d4c6 d7d1 b1d1 d8d1	1555	kingsideAttack mate mateIn2 middlegame sacrifice
OhIF3	K7/1PR5/4k3/8/8/8/6p1/5q2 w - - 0 54	b7b8q f1a6 b8a7 a6a7 a8a7 g2g1q	1557	advancedPawn attraction endgame promotion
EupmR	5r2/1p4bk/p7/1p6/4pN2/1P3qP1/P2Q3P/3R2K1 w - - 0 33	d2e2 f8f4 e2f3 f4f3	1557	endgame
qOQhj	3r2k1/p4pb1/1p4P1/2p5/4b1P1/2P1N1B1/PP1q4/K3RQ2 b - - 4 30	e4g6 e1d1 d2d1 e3d1	1558	middlegame
f3ZNR	8/1R6/5pPp/2bk1P1P/3r4/1p3K2/8/8 b - - 1 64	d4b4 b7b4 c5b4 g6g7 b3b2 g7g8q	1559	advancedPawn endgame promotion
uf62U	8/8/8/5pp1/3k3p/5P1P/2K1R1P1/r7 w - - 2 57	c2b2 d4d3 e2e5 a1g1 e5f5 g1g2	1561	endgame rookEndgame
XUpHQ	r3k1nr/pp3ppp/4p3/8/1P1B4/5K2/P2Q1PPP/q4b1R b kq - 1 17	e8c8 d2c2 c8b8 d4a1 f1g2 f3g2	1562	middlegame
jsDFj	r4b1r/pppkpQpp/2n1Nn2/3q4/8/3P4/PPP2PPP/R1BKR3 b - - 0 15	c6e5 e6f8 a8f8 f7d5 f6d5 e1e5	1562	discoveredAttack middlegame
kmS50	r6r/pp4pp/1kp1bp2/2n2n2/2P5/P1R2NB1/1P2BPPP/4K2R b K - 7 18	a8d8 b2b4 f5g3 b4c5	1564	middlegame
o3brz	r3r1k1/2qR1pp1/p4np1/1p4N1/2p1P2Q/P5bP/1PP1B1P1/5RK1 b - - 3 27	f6d7 h4h7 g8f8 f1f7	1564	kingsideAttack mate mateIn2 middlegame
Yzpcn	3r2k1/p4pp1/1p2b2p/8/P1P1P3/1P2Q1P1/1q3PBP/2R3K1 w - - 2 23	f2f4 d8d2 e3d2 b2d2	1564	endgame
gnIFX	r5k1/1ppbq1pp/p2p4/6P1/4P2P/2B5/PPP1Q3/2KR1r2 w - - 0 20	d1f1 d7b5 e2f2 b5f1	1565	endgame skewer
WJIAQ	8/6pp/p2k4/1p2p3/1P2K3/1P3PP1/7P/8 b - - 0 41	g7g5 e4f5 d6d5 f5g5	1567	endgame pawnEndgame
NljSK	2rqrbk1/1b2npp1/p3p2P/1p1pN3/1P2nP1Q/P1NBB2P/8/2R2R1K b - - 0 24	e7f5 h6h7 g8h8 e5f7	1568	advancedPawn deflection kingsideAttack mate mateIn2 middlegame
l7nLV	8/p1p5/1pP2K2/2k5/4P3/8/8/8 b - - 1 58	c5c6 e4e5 c6d7 f6f7 b6b5 e5e6	1569	endgame pawnEndgame quietMove
YyGqW	2r1r3/pp3pk1/8/1Q1p4/3Pp2q/2P1Bb2/PP3P2/2K3R1 b - - 1 25	g7f8 b5b4 e8e7 e3g5 h4g5 g1g5	1570	fork middlegame
MqwHi	r4r1k/pp1b2pp/2n5/4qp1P/2B1p2N/bP1P4/PB1P1PP1/2KRQ2R w - - 1 19	b2a3 e5a1 c1c2 c6d4	1571	mate mateIn2 middlegame
rXlxT	3r2k1/5ppp/p6q/3r4/3p4/1P1R2P1/P4PQP/3R2K1 w - - 4 27	d3d4 d5d4 d1d4 h6c1 g2f1 c1f1 g1f1 d8d4	1572	endgame
NL2ad	5r2/pb2Npk1/1p1q2pp/2rP4/7P/5B2/P2Q1PP1/4R1K1 b - - 0 28	f8e8 e7f5 g6f5 e1e8	1574	discoveredAttack middlegame
nfZrI	7Q/2pq4/2p1pkb1/3p2p1/p7/4B2P/6P1/n6K b - - 1 34	d7g7 e3d4 e6e5 d4e5 f6e5 h8g7	1574	attraction deflection endgame fork
CT2pC	7r/pp3p1k/2p2P2/5Q1p/1PP3n1/8/Pq4P1/3r1R1K b - - 4 31	h7g8 f5g5 g8f8 g5g7 f8e8 g7h8 e8d7 f1d1	1577	endgame fork
y4IF5	3rr1k1/5pp1/1qp2n1p/ppNb4/3P4/2P2BP1/PP4PP/R2Q1R1K w - - 2 22	d1d2 d5f3 f1f3 b6c5	1582	middlegame
EY8t7	1r4kr/pp6/1n1NNqpp/8/6n1/3Q4/PP3PPP/R3R1K1 w - - 2 24	h2h3 f6f2 g1h1 f2e1 a1e1 g4f2 h1g1 f2d3	1585	fork middlegame sacrifice
rN5ze	r3k2r/pp3pp1/2pbp3/8/2PP4/PP4q1/1B4B1/R2QR1K1 w kq - 0 19	d1f3 h8h1 g1h1 g3h2	1588	attraction kingsideAttack mate mateIn2 middlegame pin sacrifice
edNIZ	4q3/1R3pk1/3Q2pp/1P2p3/4P3/4K2P/r7/8 b - - 2 48	e8c8 d6e5 g7g8 b7b8 c8b8 e5b8	1591	endgame pin
J0I72	rnb2rk1/pppp1pbp/6p1/4P3/2P1q3/5N2/PP1K2PP/RNBQ1B1R w - - 2 9	b1c3 g7h6 f3g5 h6g5	1591	mate mateIn2 opening
X48FR	r7/pp4k1/1qnppp2/1B1p1bpQ/3P4/2P1PN2/PP1NKP2/R7 w - - 3 19	a2a4 a8h8 h5h8 g7h8	1595	middlegame trappedPiece
t5CAa	2r4r/p1k1b1pp/Q3p3/3pNp2/3P1P2/4B3/2qN1KPP/n7 b - - 5 22	e7b4 a6a7 c7d8 a7d7	1595	fork mate mateIn2 middlegame
OSq2Y	6k1/ppN3p1/3pq2p/6b1/2P5/1P1Q2P1/P3r1KP/5R2 w - - 3 30	f1f2 e2f2 g2f2 e6f7 f2g2 f7c7	1596	attraction endgame fork
ZwzEh	4rrk1/1p3p2/p1p3qp/2PpRRn1/1P1P1p2/P2Q1P2/6PP/2N3K1 b - - 10 26	f7f6 f5g5 g6g5 e5g5	1597	kingsideAttack middlegame pin
DHaus	8/p2N1R1p/1kp5/2p5/P7/1P2b2r/1BP3r1/1K6 b - - 4 37	b6a5 b2c3 a5a6 d7b8 a6b6 a4a5 b6b5 f7b7	1597	endgame mate
mscJN	4Q1k1/1pqn2r1/p7/2p5/2Pr3P/1P4P1/P7/5RK1 b - - 2 34	d7f8 f1f8 g8h7 f8h8	1598	endgame mate mateIn2
vcw4N	3r3r/1k1n3p/1p3qp1/1b1p1p2/3P1Q2/R4N2/1PP2PPP/4R1K1 b - - 3 22	h7h6 a3a7 b7a7 f4c7 a7a6 e1a1 b5a4 a1a4	1598	attraction middlegame sacrifice
gHd2c	6r1/4pk2/p1Pp1pnQ/1p4p1/3NP3/4BP1P/PP4PK/4q3 b - - 2 32	e1e3 h6h7 g8g7 h7g7 f7g7 d4f5 g7f7 f5e3	1599	attraction endgame fork sacrifice
9SL0F	1K6/P1r5/3k2p1/7p/1P6/8/7P/8 b - - 4 44	c7a7 b8a7 d6c6 a7a6 h5h4 b4b5 c6c7 a6a7	1600	defensiveMove endgame exposedKing hangingPiece
SonyZ	4r3/pp3ppk/n1p1r2p/8/2q2BR1/P1P2B1P/8/2Q2R1K w - - 2 30	f4h6 c4f1 c1f1 e6e1 g4g7 h7h6 g7g1 e1f1	1600	middlegame pin sacrifice
6hfWJ	r4r2/p3N1k1/5npp/3p4/3P4/1Q4Pq/PP3P2/4RRK1 w - - 3 26	e7d5 f6g4 e1e7 g7h8 e7h7 h8h7	1601	defensiveMove middlegame
hmt2F	7r/1Qpqkp2/4rb2/1R5p/8/4P1P1/5P1P/2R3K1 b - - 7 28	f6e5 b5e5 e6e5 c1c7	1603	middlegame pin
TdVwc	r2qk2r/1pp2p2/p1nbb2p/3p4/3P4/PQNBP1B1/1P3PP1/2R2RK1 w kq - 5 20	b3b7 c6a5 b7a8 d8a8	1604	middlegame trappedPiece
N6p9I	2r1r1k1/1b4pp/p2q1p2/1p1p4/1P1P4/P1N2QP1/3n1PBP/R3R1K1 w - - 4 23	f3f5 e8e1 a1e1 c8c3 e1e8 g8f7	1609	middlegame
cYoM6	4k3/8/5K2/2r3p1/6B1/5prP/8/3R4 b - - 1 58	f3f2 g4h5 e8f8 d1d8	1610	endgame mate mateIn2
ZjEBe	8/p3b3/kppr4/4pQP1/1P6/5K2/P7/8 w - - 1 48	g5g6 d6f6 f3g4 f6f5 g4f5 e7f8	1611	endgame pin
os8Nt	r3r1k1/p3q1p1/1p2pp1p/2bn4/4Q3/2P2NBP/PP2RPP1/3R2K1 w - - 2 23	d1d5 e6d5 e4d5 e7f7 e2e8 a8e8	1611	middlegame
fxPSQ	7k/R7/4BP1p/6p1/3p4/n2P2P1/4p1KP/1r6 b - - 0 43	e2e1q a7a8 b1b8 a8b8 h8h7 e6f5	1613	endgame exposedKing fork mate mateIn3
R1hX0	8/3ppk1Q/5rp1/p1pq1p2/Pp6/3P1P2/1PP2P2/2K4R b - - 5 31	f7e6 h1e1 e6d6 h7e7	1614	endgame
FFrQU	1k6/2p5/1p1rp2p/6p1/QP3p2/4q2P/6bK/R7 b - - 1 37	d6d2 a4e8 d2d8 e8d8 b8b7 d8a8	1615	endgame mate mateIn3
0eUnH	8/8/2p2k1p/p4p1P/2PP4/1P2K3/8/8 w - - 3 37	d4d5 c6d5 c4d5 f6e5 d5d6 e5d6 e3f4 d6e6	1616	defensiveMove endgame pawnEndgame
jmHZu	2r2k2/2q2p2/p7/2n1p3/1p2Q3/8/PPPR2BP/2K1R3 w - - 3 26	e4e5 c5d3 c1b1 d3e5	1619	middlegame pin
t3ujO	7k/8/p4q1p/1p3p2/5n2/5PK1/PP2Q1PP/8 w - - 0 42	g3f4 f6g5 f4e5 g5e7 e5f5 e7e2	1621	endgame skewer
WSScA	5k2/4qp2/1np1p2n/3pP1rN/3r3p/1P1BQ2P/2P2P2/5R1K b - - 1 26	c6c5 h5f6 g5g6 d3g6 f7g6 e3h6	1622	capturingDefender middlegame
Cg8Nj	8/6R1/3r2p1/3n1pKp/5P2/4kP1B/7P/8 w - - 6 57	g7g6 d6g6 g5g6 d5f4 g6f5 f4h3 f5g6 h3f4	1623	attraction endgame fork
pQr6x	4b1k1/rr4p1/4N2p/3p1R2/2pP3Q/p1Pn2P1/Pq4PP/R2B2K1 b - - 0 32	b2a1 f5f8 g8h7 e6g5 h7g6 h4h5	1623	fork mate mateIn3 middlegame pin
QR1op	7k/2pr2p1/p7/3pB1Pp/1P1Q4/P2PP3/r3q3/2KR3R w - - 4 29	h1h2 a2c2 c1b1 e2d1	1629	deflection mate mateIn2 middlegame
0V2aL	2r2r1k/6pp/pqNp2p1/1p1P4/4n3/1Q2R2P/PP3P2/2R3K1 w - - 1 26	e3e4 b6f2 g1h1 f8f3	1629	kingsideAttack middlegame
jXBvY	2r2rk1/p1q2pp1/1p2p2p/4Qn2/8/4PN2/PP1R1PPP/5RK1 b - - 4 20	f8d8 e5c7 c8c7 d2d8	1631	capturingDefender middlegame
YMAeo	r3k2r/ppp2ppp/3b4/3pq3/8/2NPPB1b/PPP3P1/R1BQ1RK1 w kq - 0 13	c3d5 e5h2 g1f2 d6g3 f2e2 h3g2	1635	deflection kingsideAttack middlegame pin
9HWla	r3r1k1/pp3ppp/2qpR3/5n2/2B5/2Q5/PBP2PPP/1R4K1 b - - 0 20	f7e6 g2g4 d6d5 g4f5	1635	middlegame
lqKaS	r3kb1r/p2bpn1p/1q3pp1/1B6/P2p4/2B5/1PPN1PPP/R2QK2R w KQkq - 2 14	d2c4 b6e6 d1e2 e6e2	1636	opening
ERGdC	r1b1r1k1/ppp3pp/3q4/2b1p1N1/3pQ3/1P6/PBPP2PP/2KR3R b - - 0 16	d6h6 e4d5 c8e6 g5e6 h6e6 d5c5	1636	fork middlegame
zDMPp	3rk3/1p3p1p/p7/5Q2/1P2p1n1/P5Pb/2P1qP1P/R3R1K1 b - - 1 26	e2c2 e1e4 e8f8 e4e8 d8e8 f5c2	1638	discoveredAttack middlegame
eBh3P	r2k3r/pppnb2p/4p1pP/4p3/4P3/2N1PN2/PPP3P1/2KR3R b - - 0 15	h8f8 f3e5 e7d6 e5d7 d8d7 e4e5 d7e7 e5d6	1640	middlegame pin
7vUhd	r2q1k2/pp1bbp2/3N3p/2p5/B7/2N3P1/PPP2P1P/2KRR3 b - - 0 17	e7d6 d1d6 d8g5 f2f4	1642	middlegame
vjAMn	r1b2rk1/2qpbpp1/p3p2p/1p6/6Q1/2PPBN2/P4PPP/2R1R1K1 b - - 1 16	g8h7 g4e4 f7f5 e4a8 c8b7 a8a7	1643	fork middlegame
684EF	1rk2r2/1bp3Qp/p5n1/1p3qP1/1P6/7B/1B3P2/3RR1K1 b - - 5 34	f5h3 g7f8 g6f8 e1e8	1645	mate mateIn2 middlegame sacrifice
bvWsg	5rk1/1pq4p/p4rp1/2Pp1n2/3Pp1P1/P2BP3/4QR1P/5RK1 w - - 0 26	d3c2 f5g3 f2f6 g3e2	1646	kingsideAttack middlegame
L6bOz	8/5p1k/5Qpp/8/5PK1/4P1P1/PP6/3q4 w - - 4 46	g4h3 d1h1 h3g4 h1h5	1649	endgame mate mateIn2
nJDTC	r3r1k1/pbp1R1pp/1p1q1np1/8/3P4/5N2/PP1NQPPP/4R1K1 b - - 5 18	b7a6 e7e8 a8e8 e2a6 e8e1 f3e1	1650	middlegame
BKKF6	3rk2r/pp3ppp/4pn2/q7/1nP3b1/P2P1N2/1P2BPPP/RN1QK2R w KQk - 0 11	d1d2 b4c2 e1d1 a5d2	1650	discoveredAttack middlegame pin
SUl8p	4Rq2/Q2P3p/5ppk/p3n3/P2r4/7P/5PP1/6K1 b - - 2 39	f8d6 a7d4 d6d4 d7d8q d4a1 g1h2	1652	advancedPawn endgame promotion
dXdUc	2r1r2k/1q3ppp/pQ3b2/5P2/8/1P1PBb2/RPP3PP/5R1K w - - 0 26	f1f3 b7b6 e3b6 e8e1	1653	middlegame
5ypD5	3r2k1/3R1ppp/1p2rq2/p1p5/Q3n3/2P1B2P/PP3PP1/5RK1 b - - 3 20	e6d6 d7d8 d6d8 a4e4	1653	middlegame
F0kFF	8/1P5p/7P/1k6/pB3b2/P7/2K1p3/8 w - - 6 53	b7b8q f4b8 c2d2 b8f4 d2e2 f4h6	1653	endgame exposedKing hangingPiece
BbiPI	1qr4k/3R2pp/8/5Q2/3P1P2/4P2P/1p4PK/8 w - - 0 46	f5f7 c8g8 d7b7 b2b1q	1656	advancedPawn endgame promotion quietMove
STMxl	r4rk1/3n3p/b1qPp1pQ/p7/N5P1/1P3P2/1PP5/2KR3R b - - 0 22	d7f6 g4g5 f6h5 h1h5	1658	middlegame
05jP1	7k/6p1/3K2Bp/7P/5r2/8/8/8 b - - 3 69	f4e4 g6e4 g7g6 h5g6	1663	endgame hangingPiece
135ei	6rk/1p3p1p/p4PpQ/8/6rP/PPB1RK2/2q2P2/8 b - - 16 43	g4g1 h6g7 g8g7 f6g7 h8g8 e3e8	1669	advancedPawn endgame mate mateIn3 sacrifice
H3y9W	1k3r1r/pp2q3/4p3/3pP2p/P1bQ4/R1B5/5PP1/1NR3K1 w - - 4 28	b1d2 e7a3 c1a1 a3e7 d2c4 d5c4	1669	hangingPiece middlegame quietMove
dsYJc	2r2r1k/p1p2pqp/2Q5/5N2/8/1P5P/P1P3P1/5R1K b - - 14 27	g7g6 c6c3 f7f6 f5e7 g6g7 e7c8	1671	endgame fork
gCIUd	rn2kb1r/2q2pp1/bBp2n1p/p3p3/P1B1P3/2N2N1P/1PP1QPP1/R4RK1 b kq - 0 12	a6c4 b6c7 c4e2 c3e2	1671	middlegame
ofleI	r1bq1rk1/ppp4p/3p1p2/3Nn2Q/2P1P3/P1P3PP/6BK/R4R2 b - - 1 19	c7c6 d5f6 f8f6 h5g5	1672	kingsideAttack middlegame sacrifice
1f1d5	r1bq1r1k/pp2n1pB/2nbp3/2ppp2Q/3P1P2/2P1P2R/PP1N2PP/R1B3K1 b - - 1 13	f8f6 h7g6 h8g8 h5h8	1674	discoveredAttack kingsideAttack mate mateIn2 middlegame
w0ELh	r4rk1/pp3ppp/4p3/7N/2p3Q1/8/P2N1PPP/q4RK1 b - - 1 19	a1c3 d2e4 f7f5 e4f6 c3f6 h5f6	1674	kingsideAttack middlegame pin
PHUAw	rq2nrk1/3N1pp1/p7/1Np3Q1/2Pp4/3P3P/PP1K1PR1/8 b - - 2 29	b8b7 d7f6 e8f6 g5g7	1675	deflection kingsideAttack mate mateIn2 middlegame pin sacrifice
88Fdt	rn2k2r/2p2ppp/pp1bp3/8/5P1q/P7/1PQ1B2P/1RBK2R1 b kq - 6 23	h4h2 e2b5 a6b5 c2h2	1677	discoveredAttack middlegame
aUCn8	4k3/1b2bp2/p3p1p1/1p2P1P1/4NP1r/3PQ1Np/qP5P/2R3K1 w - - 0 27	e3b6 a2b2 c1c8 b7c8	1677	middlegame
9h2Dt	rnb1kb1r/p2ppppp/8/qB2P3/1nPQ4/N7/PP3PPP/R1B1K1NR w KQkq - 3 8	c1d2 a5a3 d4e4 a3b2	1680	opening
OLCJq	4r1r1/1k2q3/1pp1bRp1/p3N1Qp/P1p2N1P/1P6/2P3P1/2K5 b - - 1 34	e6f5 f6f7 e7f7 e5f7	1682	middlegame pin
mNsw7	1r4k1/p6p/1p3qp1/4n3/3BQ3/8/PP2N1PP/7K w - - 0 25	e4e5 f6e5 d4e5 b8e8 e5c3 e8e2	1683	endgame
HhlKj	2kr3r/ppp2pp1/2p1bn2/6Bp/1b1qPP2/2NP3P/PPPQB1P1/R3KR2 w Q - 5 13	a2a3 f6e4 a3b4 e4d2	1684	middlegame
GvLMu	1r2r1k1/p2q1ppp/4Nn2/2pp4/8/2PB1Q1P/PP2RPP1/5RK1 b - - 0 21	e8e6 d3f5 d7d6 f5e6	1685	middlegame
Ze4Lv	5rk1/1p2rppp/p7/P3PN2/1p1q4/7P/4QPP1/1R4K1 b - - 3 32	e7e5 f5d4 e5e2 d4e2	1685	endgame
OnWiK	2kr1r2/ppp5/2pqpQ1R/8/4P3/2NPB1P1/PPP2K2/1R6 w - - 1 19	e3f4 f8f6 h6f6 d6d4 f2e2 d4f6	1690	attraction fork middlegame pin
eyhS3	r3k2r/1pp2pp1/1p1p2np/4p2q/2B1P3/2PP4/PP1N1PQn/R3R1K1 w kq - 0 18	g2h2 h5g5 g1h1 g5d2	1692	fork middlegame
AdmBq	8/6Bp/1PQ3p1/p2p1k2/P3q3/3K2PP/1P6/8 w - - 1 47	d3c3 d5d4 c3d2 e4c6	1692	discoveredAttack endgame
2Lv3c	8/5pp1/8/p3k2p/PpK4P/1P3P2/6P1/8 b - - 1 40	e5f4 c4b5 g7g5 h4g5	1693	endgame pawnEndgame
dNril	k7/1p1q1p2/p1pPbQ2/1r6/8/7P/6B1/3R3K b - - 12 41	e6h3 f6h8 d7c8 h8h3	1698	endgame
0uPtn	r3k2r/ppp3p1/3q1p2/2b1pb1p/2Pn2n1/P1NP1N2/1P1BBPPP/R2Q1RK1 w kq - 2 13	f3d4 e5d4 d2f4 d6f4	1700	middlegame
lGGSL	r2q1rk1/p5bp/1n1pp1p1/2p5/1pP3n1/1P2P1P1/PBQ1NPKP/RN3R2 w - - 2 16	b2g7 f8f2 f1f2 g4e3 g2h1 e3c2	1700	fork middlegame sacrifice
6j87L	5K1R/8/5k2/8/2r5/8/8/8 w - - 11 71	f8g8 f6g6 g8f8 c4c8 f8e7 c8h8	1702	endgame rookEndgame skewer
UMJNA	2r2r1k/p5pp/1p1p1p2/3Pnq2/8/PQ5P/1P3PPB/3RR1K1 w - - 0 24	b3b4 e5d3 d1d3 f5d3	1703	fork middlegame
5ctrW	5k2/p3pp2/5n2/4pPR1/8/1P2p3/1PPr2P1/2R4K w - - 0 37	h1g1 e3e2 c1e1 d2d1 g1f2 f6e4 f2e2 d1e1 e2e1 e4g5	1705	advancedPawn endgame fork pin
fHkuE	2r3k1/1p3p2/4p2p/p3Q1P1/P3b3/1q6/3RBPP1/6K1 b - - 0 33	c8c1 g1h2 c1h1 h2h1 b3h3 e5h2	1706	defensiveMove endgame
ur3rO	1n1r3r/2p1pp2/1kBp2bp/2pPb3/4P1P1/R2RBP2/PPP4P/1K6 b - - 7 25	b8c6 d3b3 c6b4 b3b4	1708	mate mateIn2 middlegame pin
LVZjK	r3kb1r/ppq2ppp/4b1n1/2Ppn1B1/1P6/P1N2N2/5PPP/R2QKB1R w KQkq - 1 12	c3d5 e5f3 g2f3 c7e5	1709	clearance middlegame
IoKrz	3r2k1/2p1b1p1/2p1p2p/p3P3/P1P1pP2/3rB2P/1P4P1/3RR1K1 w - - 2 22	d1d2 d3d2 e3d2 d8d2	1709	endgame
7t9vb	rn2kb1r/pppq1ppp/5n2/4p3/2B1P1b1/2N2N2/PPPP2PP/R1BQK2R w KQkq - 4 7	e1g1 g4f3 d1f3 d7d4 g1h1 d4c4	1710	fork opening
3CbvH	3r2k1/2p2rp1/p1qn1p2/4pP2/1pP1P1Q1/1P2PKR1/1P1N4/3R4 b - - 4 29	d6e4 g4e4 c6e4 f3e4	1713	middlegame
uCJJq	r4rk1/pp3ppp/1q1p1b2/2p2b2/2Q1n2P/2P1BN2/PPP2PP1/1K1R1B1R w - - 2 15	f3g5 e4c3 c4c3 f6c3	1716	middlegame pin
Z2VUq	Q7/p4pk1/qp2r3/2p1P3/8/1PP3Pb/P4P1P/4R1KB w - - 3 32	h1d5 e6e5 e1c1 a6e2	1716	endgame
jveK4	r2q1knr/pp1np1b1/2p2pQp/4B1p1/2pP4/2N2BP1/PP2PP1P/R4RK1 b - - 0 13	f6e5 f3h5 d8e8 g6f5 g8f6 h5e8	1716	discoveredAttack middlegame pin quietMove
DezFP	3r1rk1/1pp2ppp/1b3qn1/pP1B4/P2pP3/3Q2B1/5PPP/1R1R2K1 b - - 2 19	c7c6 b5c6 b7c6 b1b6	1717	discoveredAttack middlegame
AeknZ	5Q2/ppp2p1k/3p1qp1/8/2P5/8/PB4PP/1K3n2 b - - 1 32	f6f5 b1a1 f7f6 b2f6 f5f6 f8f6	1722	endgame
qMsh8	4r1k1/p4p1p/1p2qQp1/2prP3/8/1P4P1/P3RP1P/4R1K1 b - - 3 25	d5e5 f6e5 e6e5 e2e5 e8e5 e1e5	1727	endgame
IM6F5	r3k2r/pp3ppp/2pb1q2/4n3/4P3/1BQ5/PP3PPP/RN2K1NR w KQkq - 0 13	g1f3 d6b4 f3e5 b4c3 b1c3 f6e5	1729	middlegame pin
SMs0e	r1bk3N/ppp2Qpp/8/3pp3/2Bnn2q/8/PPPP2PP/RNB3KR w - - 2 11	c4d5 h4e1 f7f1 d4e2	1729	fork mate mateIn2 middlegame
RvabR	rn1qk2r/pp4pp/2p1P3/3p4/6n1/1B1Q4/PPP2KPP/RNB4R w kq - 1 12	f2g1 d8b6 c1e3 g4e3	1731	opening
baMXm	8/8/8/ppk5/4P3/P1K5/8/8 w - - 0 45	c3b3 c5d4 b3c2 d4e4 c2d2 e4d4	1734	defensiveMove endgame pawnEndgame
zmBsx	8/3kp2P/6R1/4b3/8/1pp5/3K4/8 w - - 0 47	d2c1 e5f4 c1d1 c3c2	1735	advancedPawn endgame
OkWRL	4r1k1/6p1/R1p2p1p/2Pp4/1Q1P4/5P1P/2b1BKP1/2q5 w - - 5 30	b4c3 e8e2 f2e2 c2d1 e2d3 d1e2 d3e2 c1c3	1738	attraction deflection endgame sacrifice
2kJtr	4nrk1/p4pp1/8/2p1pNQ1/2P1P3/7P/PP3PPK/3q4 b - - 2 28	d1e2 f5e7 g8h7 g5h4 e2h5 h4h5	1738	endgame mate mateIn3
HZUbd	r1b1k2r/ppp3pp/2np4/4p1qn/2B1Pp2/P1NP3P/1PP1NBPK/R2Q3R w kq - 0 13	e2g1 g5g3 f2g3 f4g3	1738	mate mateIn2 middlegame sacrifice
U01VI	2RK3Q/8/4p3/4qb2/5k2/8/8/8 w - - 0 83	h8e8 e5d6 e8d7 d6d7 d8d7 e6e5 d7d6 f5c8	1739	discoveredAttack endgame skewer
4d5Z2	4r3/5pk1/1p1N2r1/2p1n2Q/PpPp4/1P1Pq2P/5RPK/5R2 b - - 7 38	g6d6 f2f7 e5f7 f1f7 g7g8 h5h7	1739	mate mateIn3 middlegame
N5pgX	2r1q3/3b1k2/4p2p/3p1p2/8/1Q1B4/PPP2P1P/2K3R1 w - - 1 28	c2c4 d5c4 d3c4 d7b5	1742	endgame fork
noHIj	rnbqkb1r/4nppp/p7/1P6/2p5/5N2/1PPPQPPP/RNB1K2R w KQkq - 0 10	e2c4 a6b5 a1a8 b5c4	1743	opening
DDH17	8/5pk1/p5pp/1p1Q4/8/2P3P1/Pq3P1P/6K1 w - - 2 30	d5b3 b2b3 a2b3 a6a5	1743	defensiveMove endgame
F2B9h	8/3PQpk1/6p1/8/5q1p/1P3PNP/6PK/8 w - - 0 42	d7d8q h4g3 h2g1 f4c1 d8d1 c1d1 e7e1 d1e1	1747	endgame mate
0bCqC	3q2k1/7p/pp2b1pP/2p2p2/P1P2P2/1P1r2P1/1Q5K/3R4 b - - 0 31	d3d7 b2g7 d7g7 d1d8 g8f7 h6g7	1747	advancedPawn endgame
7pUFr	r1bqk3/6br/1pp2n2/p3B1p1/8/4P3/P1PP1P2/RN1QK1NR w KQq - 0 14	e5f6 h7h1 f6d8 h1g1	1749	opening pin
UbmCD	8/8/1p6/p4rk1/P1P3p1/1P1R2K1/8/8 w - - 4 48	d3d5 f5d5 c4d5 g5f5 b3b4 a5b4	1750	endgame rookEndgame
gB8JR	br3rk1/p1R3bp/5qp1/3p4/3N1P2/P2B1NnP/Q5P1/2R3K1 b - - 0 29	f6f4 c7g7 g8g7 d4e6 g7g8 e6f4	1750	attraction fork middlegame sacrifice
J1Pbi	r1bqk2r/1ppp1p1p/p1n2np1/2b1p3/2B1P3/P1NP1Q2/1PP2PPP/R1B1K1NR b KQkq - 0 7	d7d6 c1g5 c6d4 f3f6 d8f6 g5f6	1750	opening
tiYwa	8/1p1n1pk1/2pP2pp/2P1r3/NR6/7P/1P4P1/6K1 b - - 0 29	d7c5 a4c5 e5c5 b4d4	1753	defensiveMove endgame
bkp1R	2r3k1/4pp1p/3p2p1/3P4/8/R1NbPBPP/P2p3K/8 w - - 2 29	h2g2 c8c3 a3c3 d3e4 f3e4 d2d1q	1754	advancedPawn deflection endgame promotion sacrifice
owOPV	3B4/p2k3p/5Qn1/8/PP3pP1/6qP/6b1/4RBK1 w - - 4 42	e1d1 g2d5 f1g2 g3g2	1757	discoveredAttack mate mateIn2 middlegame
pQQRP	r3r1k1/pp2q1pQ/2p2p2/3p2P1/5P2/2P5/PPP3B1/2K4R b - - 0 24	g8f7 g5g6 f7e6 h1e1 e6d6 e1e7	1760	endgame skewer
zYEa2	r2q1Rk1/1pp4p/6p1/3pP3/p1n1p3/2P1P3/PP4PP/R1BQ2K1 b - - 0 19	d8f8 d1d5 f8f7 e5e6 f7e7 d5c4	1764	endgame fork
c0vJj	r1b1kb1r/ppp1qppp/8/4n3/2BQ4/8/PPPB2PP/RN3RK1 b kq - 1 11	e7c5 c4f7 e5f7 f1e1	1767	opening sacrifice
rfPaj	6k1/pp2r1pp/2n4B/3q1R2/3pp1Q1/3P4/1PP3PP/6K1 b - - 5 25	d5e6 h6g7 e6f5 g4f5	1769	endgame
Kx3fa	5B2/p5pk/6p1/3Q2Pp/6qP/P2p4/1P3PK1/8 w - - 2 34	g2f1 g4e2 f1g2 d3d2 d5d7 e2g4 d7g4 h5g4	1772	advancedPawn endgame
8WjII	2b5/p2N4/3kP1p1/5p2/4p3/2P3K1/P5PP/8 b - - 3 37	c8d7 e6d7 d6d7 g3f4 g6g5 f4e3	1775	advancedPawn endgame
lD94n	1k1r4/1pp1R1pp/pb3p2/2p5/2B1Pq2/5P2/PBQ3PP/6K1 w - - 0 26	e7g7 f4e3 g1f1 d8d2 c2d2 e3d2	1775	middlegame
pUnFH	r3k2r/2p2p2/ppnp3p/2b3pn/PPN1P3/2PB1qB1/2Q2P1P/R4RK1 w kq - 0 17	b4c5 h5f4 g3f4 g5f4	1776	middlegame
TfWc8	r4rk1/3bq2p/Q2p1np1/1p2p1N1/4P2P/2P2B2/P2R1PP1/3R2K1 w - - 1 25	a6b7 f8b8 b7c7 f6e8 d2d6 e8c7	1777	middlegame trappedPiece
tPXOM	r1b2rk1/ppp2pp1/3p1q1p/8/2B1P3/6Q1/PPPB2PP/3K3R b - - 0 15	f6b2 d2c3 b2c3 g3c3	1779	middlegame
uQ5fi	8/7p/1pp3p1/6k1/1P6/P1P1K3/8/8 b - - 0 39	h7h5 a3a4 g5f6 a4a5 f6e6 a5a6	1779	endgame pawnEndgame quietMove
e3SvH	8/4N3/3n1pk1/3p4/3P1KP1/8/8/8 b - - 6 41	g6h6 e7f5 d6f5 f4f5 h6g7 f5e6 g7g6 e6d5	1779	endgame
qqnlF	6k1/pp4pp/2b1p2r/8/1P1P3b/P1NK1B2/1B3qP1/R2Q4 w - - 0 25	c3e4 c6b5 d3c3 f2e3 c3c2 b5a4 c2b1 a4d1	1780	middlegame skewer
sWwX4	3rqrk1/4b2p/2n1p1p1/1p2P3/p3B3/P1BQ1P2/1P6/3RK1R1 w - - 8 31	d3b5 e7h4 e1f1 d8d1	1780	deflection middlegame
Jtvy4	2r2r2/p3k2p/1p1p4/3BBbq1/2P2N2/1P2Q2P/P1N4K/8 b - - 0 30	d6e5 e3e5 e7d7 d5e6 f5e6 e5g5	1782	exposedKing middlegame
h5f4x	8/ppp5/5Qp1/1k3b2/2P5/3P2P1/PP3q2/1K6 b - - 0 34	b5c5 f6e5 c5c6 e5d5 c6b6 d5b5	1785	endgame mate mateIn3
fqoaf	8/8/2k1p3/4r3/5RKP/8/1p4P1/8 w - - 0 51	f4b4 e5b5 b4b2 b5b2	1785	endgame rookEndgame
4Am5G	r2qk2r/p1p2bpp/5pn1/3pN3/1b4PB/2NP3P/PPPQ1P2/R4K1R w kq - 1 16	e5f7 e8f7 h4g3 d5d4 d2e2 d4c3	1785	middlegame
IEl6V	r1bq1rk1/1p3pbn/p2p1n1p/2pPp1p1/P1P5/2NBPNB1/1PQ2PPP/R4RK1 w - e6 0 14	c3e4 f6e4 d3e4 f7f5	1786	middlegame
eS0XK	r3qrk1/pp3p2/1npp4/3P2R1/2P1P1P1/1Pb5/P5P1/R4QK1 b - - 1 22	c3g7 f1f6 e8e5 g5g7 g8h8 f6h6	1787	kingsideAttack mate mateIn3 middlegame pin
NIzCo	rq5r/1p1bk2p/p7/1N4Q1/8/3B4/PP3PPP/6K1 b - - 6 28	e7e6 d3c4	1791	exposedKing mate mateIn1 middlegame
mEftl	r1b1k2r/pp3ppp/2n1p3/3pP3/5P2/2Q4P/Pq1B2P1/2R1KB1R b Kkq - 0 14	b2a2 c1a1 d5d4 c3c6 b7c6 a1a2	1796	middlegame
ke9AP	4r1k1/2Q2pp1/5n2/7p/3P3P/3KPP2/6q1/1R5R w - - 1 34	b1b7 e8e3 d3e3 f6d5	1799	attraction endgame sacrifice
7jjJf	3rk2r/1p3pp1/p7/3p4/P2Ppb2/1PR4b/1BQ1R3/4KNq1 b k - 9 29	g1d4 c3h3 d4b4 b2c3	1802	middlegame
5zB9z	6k1/6b1/p3p2p/r2rP3/5B2/1P2K2P/P1R5/4R3 w - - 7 35	e3e4 d5e5 f4e5 a5e5 e4d3 e5e1	1804	endgame skewer
E2U4c	3r1r1k/2p3pp/Bp6/4Pp2/1n1Pb2R/4P2R/PP4PP/6K1 b - - 1 28	b4a6 h4h7 h8g8 e5e6	1807	endgame kingsideAttack
spHJN	4rr2/2p2p2/p2p1kp1/3P1P1p/2p1P2R/P6P/1PPK1P2/4R3 w - - 4 27	f5g6 f6g5 h4h5 g5h5	1809	endgame rookEndgame trappedPiece
JuYis	7r/pp3pk1/1qpB1bp1/4p3/2B5/2P4r/PP1Q1P2/3RR1K1 w - - 2 23	e1e5 h3h1 g1g2 h8h2 g2f3 h1d1	1809	kingsideAttack middlegame
XjjWx	3q1rk1/1pp2p2/1b2bR1Q/4r3/3P4/4p3/nB4PP/4R1K1 b - - 0 21	e5h5 f6g6 f7g6 h6g6	1811	middlegame sacrifice
EFU1Z	2r1r1k1/p4pp1/1b5p/5Q2/1P1p1Bq1/P1n3N1/3R1PPP/R5K1 b - - 5 23	c3e2 d2e2 g4f5 e2e8 c8e8 g3f5	1812	kingsideAttack middlegame
c0hZh	5r1k/2R3b1/1pN3p1/1P5p/2r5/6K1/5P1P/3R4 w - - 0 32	d1d7 c4g4 g3h3 f8f3	1812	endgame mate mateIn2
sKZv2	6k1/pp5p/4p3/3pP3/3Pb1P1/2P2p1P/PP1KB3/8 w - - 0 32	e2d1 f3f2 d1e2 e4g2	1814	advancedPawn clearance endgame
vraNe	2rk2n1/2p5/P1Qp1p2/3Pp3/P3Pq2/3KN3/7r/R4B2 b - - 0 38	h2f2 f1h3 f6f5 h3f5	1819	middlegame
gWpdg	r1b1k2r/p1p2ppp/qp2p3/4P3/3Pp3/2P3P1/PPQ2P1P/RN2K2R w KQkq - 0 13	c2e4 c8b7 e4e2 a6e2 e1e2 b7h1	1820	middlegame
yZT7Z	2r2r2/5p1k/p2qP2p/1p3Q2/5P2/PBP2b2/6PP/2R3K1 b - - 0 25	h7h8 f5f6 h8h7 b3c2 h7g8 e6f7	1820	advancedPawn exposedKing middlegame
WNMDj	6k1/1Q3pp1/R6p/1p2pq2/1b1p4/1P1P2P1/2r2P1P/5RK1 w - - 0 26	b7b5 b4e1 b5b7 e1f2	1821	endgame
iIWW2	r2q1rk1/1pp2pp1/2npbnNp/p1b1p3/2B1P3/P1N4P/1PPP1PP1/R1BQ1RK1 w - - 2 10	g6f8 e6c4 d2d3 c4a6	1822	hangingPiece middlegame
fAhK5	8/8/1p5p/P2kpp2/1P6/3K3P/5P2/8 b - - 0 38	b6a5 b4a5 d5c5 a5a6 c5b6 d3c4	1823	defensiveMove endgame pawnEndgame
3MWbP	3r2k1/4b1pp/p3q3/1p2Pp2/1P1p1Q2/3P3P/2rB1PP1/R2R2K1 w - - 5 28	d1c1 g7g5 f4f3 c2d2	1825	middlegame
Ktmgh	r1bq1r2/3np1R1/1p1pk3/6Q1/p1B3p1/1P6/P1PK1P2/8 b - - 10 26	d6d5 g5d5 e6f6 d5g5	1826	fork mate mateIn2 middlegame
lTPGn	r3k2r/1p2pp2/p2p1n1p/3Pb1p1/Pqp1P3/R1NQ1P1P/1PP3P1/2B1K2R w Kkq - 0 18	d3e3 e5f4 e3d4 f4c1	1830	middlegame skewer
XoJmZ	8/1p4pp/p4p2/3p1P2/1k1B2P1/7P/1K6/8 b - - 0 37	b4c4 d4f6 g7f6 g4g5 f6g5 f5f6	1831	endgame sacrifice
zIfwk	3rr1k1/2pqbpp1/pp5p/3NB3/1PP5/PQ1P1bP1/5P1P/3RR1K1 w - - 1 22	d5e7 e8e7 d3d4 f3d1	1832	middlegame
cwPXt	1k3r1r/pp4q1/2ppp1np/4n3/PP1QP3/2P1B2p/5PP1/R3RBK1 b - - 1 24	h3g2 d4a7 b8c7 e3b6 c7d7 a7b7 d7e8 b7g7	1835	deflection middlegame skewer
tK2fh	8/4P2p/3N2p1/1p1p4/5k2/p1P5/5K1P/r7 b - - 1 42	a3a2 e7e8q a1f1 f2f1 a2a1q e8e1 a1e1 f1e1	1836	advancedPawn endgame promotion
DOKjy	r1bq2k1/p3r1p1/1pn1Pn2/3p1BP1/3p1B2/P1P4Q/5P1P/R3K2R b KQ - 0 22	c8e6 f5e6 e7e6 h3e6	1837	kingsideAttack middlegame
7PLfs	8/p7/1p1k4/5Kp1/P1P1P3/8/8/8 w - - 2 68	f5g5 d6e5 a4a5 e5e4 a5b6 a7b6	1839	endgame pawnEndgame
PgbJ6	6k1/pRRr3p/4pb2/5pp1/q2p4/3n2P1/P4PKP/2Q5 w - - 0 30	c7d7 a4d7 c1g5 f6g5	1841	endgame
3cNvf	r5k1/pppR1p1p/4pqpQ/b7/P2R4/2P2P2/5P1P/6K1 b - - 3 22	a5c3 d4f4 f6g7 h6g7 c3g7 f4f7	1841	endgame
RBpti	r1b4R/p2nkpp1/3qp3/2R5/3P4/4Q3/P4PPP/6K1 b - - 2 26	d7c5 e3g5 e7d7 h8d8 d7c7 d8d6	1843	endgame skewer
oxSzQ	3r4/1pq2pk1/p3rnpP/5RQ1/2N5/1P3BP1/P2p1PK1/8 b - - 0 32	g7h7 f5f6 d2d1q f3d1 e6f6 g5f6 c7c6 f6c6	1845	middlegame
d4IFV	1k3r1r/1pb1Q2P/p2p1p2/3Pp3/4qp2/PN6/1PP5/1K4RR b - - 2 32	f4f3 e7f8 h8f8 g1g8 f8g8 h7g8q	1848	advancedPawn middlegame promotion sacrifice
fK60S	8/4k3/1ppp4/p3p3/4Q3/K6r/PPr5/5R2 w - - 0 35	b2b3 h3h2 e4c2 h2c2	1850	endgame quietMove
PSd8t	r1q3k1/1pp1p2p/3pr1PP/p2Np3/4P3/P5Q1/1PP2P2/2KR4 b - - 0 26	h7g6 d5e7 e6e7 g3g6 g8f8 h6h7 e7h7 g6h7	1851	advancedPawn deflection endgame exposedKing kingsideAttack
B55pF	1r4k1/p4pp1/q2r3p/2p5/6Q1/2P5/1P2R2P/2B1R1K1 w - - 4 32	c1f4 d6g6 g4g6 a6g6 e2g2 g6b6	1852	middlegame pin
8QyJW	rnb1k3/pp6/2p1p2p/6p1/2Bq4/2p2QP1/PP1N2PK/5R2 b q - 3 19	c3d2 f3f8 e8d7 f1f7	1853	mate mateIn2 middlegame
VCvxx	3q1r1k/5p1p/3N1p2/2p1P3/1p3Q2/3P3P/2r3P1/5RK1 b - - 0 27	f6e5 d6f7 f8f7 f4f7	1853	endgame fork
5TPC1	rn2r1k1/1bpq1p1p/1p3Bp1/p2p4/4p1PQ/3B4/P1P2P1P/1R2R1K1 b - - 2 23	e4d3 h4h6 d7g4 g1f1 g4h3 h6h3	1857	middlegame
8lAN2	4brk1/4R3/p2B2p1/q2p2Qp/1p6/1P5P/P1r3P1/1K1R4 w - - 2 28	b1c2 a5a2 c2c1 a2a1	1858	middlegame
CnJtJ	r2Bk3/ppp4p/2npb1p1/2bNp3/2B5/2PP1r2/PP3PPP/R3K2R b KQq - 0 15	f3f2 d5c7 e8d8 c7e6	1858	fork middlegame
UrQ5S	Q2r4/1ppk2p1/8/4p1P1/1q1p2bP/2NP4/2PK4/2B2R2 w - - 2 28	f1f7 d7e8 a8a4 b4a4 c3a4 e8f7	1858	defensiveMove middlegame
9qfR8	2k1r3/1p4r1/1Pp1R1p1/3n2Pp/3P1N2/8/8/R5K1 b - - 0 37	e8e6 f4e6 g7f7 a1a8 c8d7 e6c5	1859	endgame
qhxyz	r1bq3k/1p5P/p3pr2/3p1pQ1/3p2P1/3P4/PP3P2/RN2K2R b KQ - 2 23	f5g4 h1h6 f6h6 g5d8	1859	middlegame
H4BgY	8/7p/6p1/4pp2/Pk5P/3K1PP1/8/8 b - - 0 36	h7h5 a4a5 b4a5 d3c4 a5b6 c4d5 e5e4 f3e4 f5f4 g3f4	1860	endgame pawnEndgame quietMove
vAH93	rnbqk2r/pppp2pp/1b3p2/P3p3/1P2P1n1/2PP4/3Q1PPP/RNB1KBNR b KQkq - 0 9	g4f2 a5b6 f2h1 a1a7	1862	discoveredAttack opening
mGne5	3r1k2/1pp2pb1/p4p2/3p1q1r/3P2Rp/2P2N2/PP4Q1/4R1K1 b - - 13 28	f5h7 g2e2 h7f5 e2e7 f8g8 e7d8	1864	fork middlegame
irkH7	r2k2r1/ppp1p3/2nq1nQB/3p4/8/2PB4/PP3PPP/RN2K2R w KQ - 1 16	g6f7 c6e5 f7g8 f6g8	1867	fork middlegame trappedPiece
2imEe	8/6pk/7p/2Q5/2Pp4/5PKP/1r3r2/8 b - - 0 32	d4d3 c5f2 b2f2 g3f2 d3d2 f2e2 d2d1r e2d1	1872	endgame
Xo0fc	4rb1k/3q1pp1/7p/1ppbB3/p5N1/P1P3QP/1P4P1/4R1K1 b - - 9 48	f7f6 g4f6 g7f6 e5f6 h8h7 g3d3	1872	kingsideAttack middlegame
q2WOl	r2k3r/2p1q1p1/b1p4p/N2p4/4n3/2PBP1P1/PP2Q2P/2KR1R2 b - - 0 19	a6d3 a5c6 d8d7 e2d3 d7c6 d3d5	1873	fork intermezzo middlegame
UOngR	7k/6p1/7p/P2Q4/8/1PB4P/5rPK/5q2 b - - 0 30	f2c2 d5a8 h8h7 a8e4	1874	endgame
1dRww	r2qkbnr/pp2pp1p/2n3p1/3p4/3P2b1/P1NB1N2/1PP2PPP/R1BQK2R b KQkq - 0 7	c6d4 f3d4 g4d1 d3b5	1876	opening sacrifice
VRGqg	r2q1rk1/pb2bp2/1p2pn2/2np2N1/2P5/2N1P3/PPQ1BPPP/R2R2K1 b - - 0 14	f6e4 g5e4 c5e4 c3e4	1877	middlegame
rXXjN	8/4p3/3p4/3k1P2/8/5K2/6P1/8 w - - 0 47	g2g4 d5e5 f3e3 d6d5 e3d3 e5f4 d3d4 f4g4 d4d5 g4f5	1881	endgame pawnEndgame quietMove zugzwang
AhytV	8/4p2p/3pNpk1/4q1n1/r7/3Q1PP1/1P4K1/7R b - - 4 32	g6f7 e6g5 f6g5 d3b3 f7f6 b3a4	1881	endgame fork
1YYW1	6k1/p4pp1/7p/5P2/P2p2nq/5Q2/P5P1/3R2K1 w - - 5 32	d1d4 h4e1 f3f1 e1e3	1881	endgame
Soxwn	8/8/1p2p2k/4P1p1/p1b5/2p2RP1/2P5/2K5 b - - 1 33	a4a3 f3c3 a3a2 c1b2	1883	endgame
WO5qT	Q6r/p1p1pkbp/1p3np1/6B1/3qP3/2N2P2/PP4PP/R3K2R w KQ - 2 15	g5f6 d4e3 c3e2 h8a8 f6g7 f7g7	1884	middlegame
G8Mcv	r4q1k/p3bp1b/8/2PpP2P/5Q2/3p1NR1/PP3PP1/2K5 w - - 0 30	f3g5 e7g5 g3g5 f8c5	1886	middlegame
RsBiM	r2q1rk1/3nbppp/5n2/1pPNpb2/3P4/1Q2PN2/1P1B1PPP/R4RK1 b - - 0 14	e5d4 a1a8 d8a8 d5e7	1887	middlegame
xx9Ed	8/3n4/2k5/r2p4/3p4/1KP5/B4p2/Q7 w - - 0 64	a1f1 d7c5 b3b2 d4c3 b2c3 a5a2	1892	endgame
PVG5U	2r2r1k/pp1bp2p/3p1npQ/4n3/3qPN2/1B4R1/P1P3PP/5R1K b - - 1 22	f6e4 f4g6 e5g6 f1f8 c8f8 h6f8 g6f8 g3g8	1892	discoveredAttack kingsideAttack mate middlegame pin sacrifice
43Ndy	2r2rk1/1p1qnp2/p3b1pp/3p4/1P1N4/P1R1P3/2Q1BPPP/2R3K1 w - - 0 20	c3c7 c8c7 c2c7 f8c8 c7c8 e7c8	1896	middlegame
adhVn	r2qr1k1/3n1pbp/3p1np1/1p1P4/1Pp1P3/2N1BP2/3QN1PP/R4RK1 w - - 0 18	c3b5 a8a1 f1a1 f6e4 f3e4 g7a1	1898	discoveredAttack middlegame
ea3n4	6k1/p1pqn3/2p4R/3p2NQ/3P1r2/8/PPb4P/6K1 b - - 1 24	g8g7 g5e6 d7e6 h6e6	1899	fork middlegame
0t7cv	2r3k1/8/6pp/2qpBp2/2r1n3/5R1P/6PK/Q2R4 b - - 1 39	c4c1 d1c1 c5c1 a1a7	1900	defensiveMove middlegame
e6CaI	2r2rk1/p5bp/Bp6/3Pp1q1/4Pp2/2NQnP1b/P1R1KB1P/2R5 w - - 9 26	c1g1 g5g1 f2g1 h3f1 e2d2 f1d3	1902	middlegame sacrifice skewer
5dhlI	3r1rk1/p2b1Bp1/8/1pn1PNqp/2pP4/P1P3P1/5Q1P/R4RK1 b - - 0 32	f8f7 f5h6 g5h6 f2f7 g8h8 d4c5	1905	discoveredAttack kingsideAttack middlegame
MzIQR	5r1k/ppp3pp/3p2r1/3Pp3/1Pq1P3/P4P1R/R4Q2/3K4 b - - 1 29	c4e4 f3e4 f8f2 a2f2	1906	endgame
POE4N	rn2b3/p3R3/2p3kp/4B3/8/3p4/1P3PPP/6K1 w - - 0 31	e7e8 b8d7 e8a8 d3d2	1906	advancedPawn endgame sacrifice
2ifFr	4Rrk1/pQ1P1p1p/3r1q2/8/6P1/1P6/P4PK1/8 b - - 0 31	f6g5 e8f8 g8f8 b7b8 f8e7 b8e8	1907	attraction endgame fork
l961W	1n6/3b2k1/3p1q2/2pP1PpQ/1p4R1/6P1/1r6/4R1K1 b - - 3 37	d7f5 g4g5 f5g6 g5g6 f6g6 e1e7 g7f8 h5g6	1908	deflection exposedKing fork middlegame
JkxbH	3q1rk1/1R3pp1/4p2p/8/2rPQ1P1/7P/1RP2P1K/8 w - - 1 25	b7b4 c4b4 b2b4 d8d6 h2g2 d6b4	1909	endgame
9Jy4T	1k3b1r/5pp1/p7/4pQ1P/2p5/4q3/PPP4R/2KR4 w - - 0 31	h2d2 c4c3 f5f7 c3d2	1911	advancedPawn endgame
ijtR9	4r1k1/ppb2pp1/2p4p/8/2q5/1P3N2/P2Q1PPP/3R2K1 b - - 0 26	c4e2 d1e1 e2e1 f3e1	1914	endgame
ZJc1f	4r3/R5p1/5pP1/2kp3p/8/3b4/P1pB2PP/6K1 b - - 1 30	e8e1 d2e1 c5b6 e1f2 b6c6 f2e3	1915	defensiveMove endgame hangingPiece
sScgT	2r1r3/2q3k1/5ppp/1pPp4/pPnQ4/P1P2N2/6PP/R3R1K1 w - - 0 28	d4d5 c8d8 e1e8 d8d5	1916	middlegame trappedPiece
mawcl	2r3r1/pp3p1k/q3pPpp/3pP2P/1b1P1P1N/3Q4/1P6/1R3RK1 w - - 3 27	h5g6 g8g6 d3g6 f7g6	1917	middlegame
8i4Uk	1b6/1k6/8/1P6/4K3/6p1/8/6B1 w - - 12 65	e4d5 b8a7 d5e4 a7g1 e4f4 g1f2	1918	defensiveMove endgame
jIQkE	r5k1/pp4p1/2pB2p1/2Pb1q2/4r3/7R/PP3QPP/5RK1 w - - 9 34	f2h4 e4h4 f1f5 h4h3	1922	middlegame
rcGws	2r1r1k1/p2q1pp1/1b5p/3p1N2/4pQ2/1P5P/P1P2PP1/1R2R1K1 b - - 3 23	c8c2 f4g4 b6f2 g1h1 d7f5 g4f5	1922	defensiveMove middlegame
6bgAc	8/1p4k1/4pp1p/P2pn1p1/3B4/1P2P3/4r1PP/2R3K1 b - - 1 35	e5c6 a5a6 b7a6 c1c6	1922	deflection endgame
qnr96	4r1k1/p1Q4p/q5p1/3p4/8/K1P2P2/PR4PP/8 w - - 8 26	a3b4 e8c8 c7c8 a6c8	1922	endgame
FeQ1o	7q/pp2k3/2Pp4/4p3/4P1p1/P2P1pP1/7r/1RQ3KB w - - 3 32	b1b7 e7f6 h1f3 g4f3	1922	defensiveMove endgame
vn3L9	8/5pkp/3R4/5K1P/r2N2P1/5P2/8/4r3 b - - 10 46	e1d1 h5h6 g7f8 d6d8 f8e7 d4c6	1924	endgame mate mateIn3
wDa8W	8/8/6p1/7p/5P1P/6P1/p1K5/k7 b - - 0 45	g6g5 h4g5 h5h4 g5g6 h4h3 g6g7 h3h2 g7g8q h2h1q g8g7	1925	advancedPawn endgame mate pawnEndgame promotion
Hp4pE	5rk1/1pR3p1/p2np3/3p4/1P3P2/P3BQPK/1q6/8 b - - 3 35	b2a3 c7g7 g8g7 e3d4 g7f7 f3a3	1926	attraction discoveredAttack endgame sacrifice
dCUmp	k6r/1pB2R2/p1p5/P2n2p1/3r3p/1P6/6PK/5R2 b - - 0 36	d4d2 f7f8 h8f8 f1f8 a8a7 c7b8	1927	endgame
y01ZQ	r1b2rk1/4qppp/p3p3/1pp1N3/8/4P3/PP2Q1PP/3R1RK1 b - - 1 19	c8b7 d1d7 e7g5 e5f7 g5g2 e2g2 b7g2 g1g2	1932	middlegame
ZheUX	8/5pk1/2R1p1p1/2PpP3/8/6Pp/4KP1P/7r w - - 4 35	c6c8 h1h2 c5c6 h2h1	1933	defensiveMove endgame rookEndgame
aDyBQ	1r1q3k/6bp/6p1/p1pp1r2/Pp2Q3/1P1PB1P1/2P2P1P/2R2RK1 w - - 0 24	e4e6 b8b6 e3g5 f5g5	1933	middlegame
xqc9K	r4rk1/p3q2p/2n1b3/3p1pp1/2pPn3/2N1Q3/PPPNBPPP/2KRR3 w - - 0 16	f2f3 f5f4 c3d5 e6d5 e2c4 f4e3	1934	middlegame
cly0a	2kr1bnr/ppp1pppp/2n5/3q4/3P2b1/4BN2/PPP1BPPP/RN1QK2R b KQ - 2 6	c6d4 f3d4 g4e2 d1e2	1935	opening
eLjEC	2kr4/p1p4p/1p4p1/2P5/P7/1P6/4pBPP/R2qQ1K1 w - - 6 29	c5b6 d1a1 e1a1 d8d1 f2e1 d1a1 b6a7 c8b7	1945	attraction clearance endgame fork pin sacrifice
Miagb	6r1/5P2/8/1P1R2P1/4nk2/2P1b3/1P6/4K3 b - - 0 41	g8h8 g5g6 e4g3 e1d1	1946	defensiveMove endgame
S57NM	2k4r/1pp3p1/8/4p1B1/P2qn1K1/8/3N2P1/2R2Q2 w - - 0 29	d2e4 d4e4 g4g3 e4g6 c1c4 g6g5	1949	endgame pin
3pJl0	5nk1/1p2q1p1/4pr2/p2pN1R1/P2P3Q/2P5/1P4P1/6K1 b - - 3 38	f6f5 g5f5 e7h4 f5f8 g8f8 e5g6 f8f7 g6h4	1950	attraction endgame fork sacrifice
FbVla	5k2/8/p4p1p/1p3Np1/4KPb1/PPP3P1/8/8 b - - 1 37	g4f5 e4f5 g5f4 f5f4	1950	endgame
a5KZ5	3r1k1r/pb2qp2/1p2pn2/2p1N1Q1/3n4/P1PP4/BP3PPP/R3R1K1 b - - 0 26	d4c2 e5g6 f7g6 e1e6 e7e6 a2e6	1951	deflection discoveredAttack middlegame sacrifice
8Je5O	r1b1k2r/pp6/2p2p2/q2pn3/1b4pN/2N1P1B1/PPP1QPP1/1K1R3R w kq - 5 17	h4f5 h8h1 d1h1 c8f5 g3e5 f6e5 h1h8 b4f8	1951	defensiveMove middlegame
sqR6C	r5rk/p1b2p1p/2p1bq1B/7Q/1P1p4/P2B4/2P2P1P/R5RK w - - 0 24	h6g5 e6d5 g1g2 d5g2	1954	kingsideAttack middlegame
1BKAd	2br1rk1/5p1p/pq1n1Qp1/4R3/3R4/1BP5/PP3P1P/6K1 b - - 1 25	c8e6 e5e6 f7e6 b3e6	1955	kingsideAttack middlegame
13E8U	r1bq1r2/p1p3pk/2p2n1p/3pQ3/3N4/1PN1P3/P1PP2PP/R4RK1 w - - 6 15	f1f4 f8e8 d4c6 d8d7 e5d4 d7c6	1955	middlegame
uCSap	5rk1/2R4p/2p2p2/3p1Qp1/3P2P1/5K2/P4P1P/6q1 b - - 5 34	g1d1 f3g2 f8f7 f5e6 d1g4 e6g4	1955	defensiveMove endgame pin
8Tam5	8/8/8/4K3/7p/5k2/7P/8 w - - 0 56	e5f5 h4h3 f5e5 f3g2 e5e4 g2h2 e4f3 h2g1	1955	endgame pawnEndgame
2O4oo	8/R2k4/3P2p1/K5pp/6P1/4P1BP/1r3P2/2r5 b - - 11 47	d7e6 a7e7 e6d5 e3e4 d5c4 e7c7 c4d3 c7c1	1955	endgame exposedKing skewer
9v2gB	7k/1BQ5/p1P1bppp/8/PP2p3/5PPK/6NP/3R1q2 w - - 6 48	g3g4 f1f3 c7g3 e6g4 h3h4 g6g5	1955	endgame fork mate mateIn3
HHWa4	8/1p3p2/p4p1p/8/1Pk2PKP/1r6/6P1/1R6 w - - 1 32	b1b3 c4b3 g4f5 b3b4 f5f6 a6a5 g2g4 a5a4 f6f7 a4a3 g4g5 a3a2 g5g6 a2a1q	1959	advancedPawn endgame promotion quietMove
lzwLn	r1b1r1k1/7p/2pq2pb/p2p1p2/3B1P2/2P5/PPBQ2PP/R4RK1 w - - 6 18	d4e5 e8e5 f4e5 d6c5 d2f2 h6e3	1960	middlegame pin sacrifice
CeaWx	B7/2p2R2/3kP2p/p1b2P2/8/4r3/3K4/8 b - - 8 48	a5a4 f7d7 d6e5 d7d5 e5f6 d5c5	1961	endgame exposedKing fork
hFdRf	5r2/1p3kp1/p3pr2/P2p1P2/1PqPp1P1/2P1Q3/5RK1/5R2 b - - 0 38	e6f5 g4g5 f7e7 g5f6	1964	endgame
igKTV	b2r2k1/2RN1pp1/p3p2p/4P3/N2b4/P7/1PP2PPP/6K1 w - - 0 30	c2c3 d4e5 c7a7 a8c6 a4c5 e5b8	1964	endgame
eK1Tx	8/8/p1p5/PP6/2P2p1p/6k1/8/6K1 b - - 0 45	c6b5 c4b5 h4h3 b5b6 f4f3 b6b7 h3h2 g1h1 f3f2 b7b8q	1965	advancedPawn endgame pawnEndgame promotion
lWMVW	1k5r/p5p1/Bp1q1p2/3P4/7r/2N1Q1Pb/P4P2/4R1K1 b - - 0 30	h4g4 e3e8 h8e8 e1e8 b8c7 c3b5 c7d7 b5d6	1966	fork middlegame sacrifice
QaxZn	2k5/p2rR3/7p/Q7/2Pq4/6N1/Pr3PP1/6K1 w - - 4 34	e7d7 d4f2 g1h2 f2g2	1966	endgame fork mate mateIn2
Cmpsq	3rr1k1/p1q4p/3b2p1/1PpR4/2P1pp2/P2n4/2Q2PPP/B1N2R1K b - - 1 29	f4f3 c1d3 f3g2 h1g2	1972	middlegame
06XtR	1r6/3q1k2/3P3p/3R1P2/8/1pQ2KP1/6P1/8 w - - 8 52	c3b2 d7c6 b2e5 b8e8 e5d4 b3b2	1975	advancedPawn endgame pin
u58u1	r4r2/pp4Rp/4k3/1q2B1Q1/4p3/8/PPP2PPP/2K5 b - - 4 22	a8e8 g5h6 e6e5 g7g5 f8f5 g5f5 e5f5 h6h5 f5f6 h5b5	1975	attraction endgame exposedKing sacrifice skewer
FwvGt	6k1/2p2p1p/p7/1p1n3R/3P4/2P2P2/PP2rP2/3K4 b - - 1 25	c7c6 h5g5 g8f8 d1e2	1975	endgame
fb7DN	8/8/8/7p/3K1RrP/7k/8/8 w - - 12 64	f4g4 h5g4 h4h5 g4g3 h5h6 g3g2	1976	advancedPawn endgame
z3rIy	8/kp6/p3R3/3Nb2r/4p3/2P2p2/PPR5/1K6 w - - 2 45	d5f6 h5h1 c2c1 h1c1 b1c1 f3f2	1983	advancedPawn endgame
Fx4x6	4r1k1/pp3pbp/q1p3p1/8/4r1b1/P3BNP1/1PP2KBP/1RQ1R3 w - - 1 23	h2h3 g4f3 g2f3 e4e3 e1e3 g7d4	1983	middlegame pin sacrifice
n6QUG	7k/1p6/p3Q2p/2qpP1p1/6P1/8/2KR3P/8 w - - 4 48	c2d3 c5c4 d3e3 d5d4 e3e4 c4e6	1987	discoveredAttack endgame exposedKing
qWFbQ	r3kb1N/2p4p/p1p1n1p1/3pQ3/4pB2/7b/PPPN1PqP/R3KR2 w Qq - 2 17	f4g3 f8g7 e5g7 e6g7	1988	middlegame trappedPiece
djn2b	r3r1k1/1pp1qppp/2n2n2/p2p2P1/4PP2/1PNBQ2P/1PP5/2KR3R b - - 0 16	f6e4 c3d5 e7c5 e3c5 e4c5 d5c7	1990	middlegame
0r644	8/2kn2pp/1q3p2/1pNQ4/1P1P4/7P/6P1/6K1 b - - 0 32	b6d6 c5e6 d6e6 d5e6	1993	endgame
u5FnP	r6k/ppp3p1/3p4/3Qn1rp/8/P1PP3q/1P3PPN/4RRK1 w - - 2 24	e1e3 h3h2 g1h2 e5g4 h2g1 g5d5	1997	attraction discoveredAttack fork middlegame sacrifice
FImog	r4rk1/ppqnbppp/2p4B/4p2n/2B1P3/2N3Q1/PPP2PPP/3R1RK1 w - - 8 14	g3g4 d7f6 g4g5 g8h8 h6g7 h5g7	2000	middlegame
ICEps	r1b1k2r/pppp1pp1/2n2q1p/3QP3/1bB5/2N5/PPP2PPP/R1B2RK1 b kq - 0 10	c6e5 f1e1 b4c3 b2c3 d7d6 f2f4 e8g8 f4e5	2002	opening
OYAFM	r4rk1/p3qp1p/1p1p2pQ/2p1p3/5nP1/2PB4/PP3P1P/RN2K2R w KQ - 4 19	d3c2 e7b7 h1g1 b7f3	2004	middlegame
NnK1z	6rk/3qppbb/1pp4B/p2nP3/P1NN2r1/1P6/2P3PQ/3R1RK1 w - - 3 32	f1f7 g4g2 h2g2 g7h6	2005	deflection middlegame pin
pN9YJ	r3r1k1/pppq1ppp/2nb4/5b1P/1n3P2/P1N2QN1/1P1B2P1/2K1RB1R b - - 0 17	b4c2 e1e8 a8e8 g3f5 d7f5 f1d3 c2d4 d3f5	2005	attraction kingsideAttack middlegame
kJoGd	2k5/1p1b1pQp/p3p3/2q5/8/1P2P1P1/1K6/3R4 b - - 2 32	c5e3 g7f8 c8c7 f8d6	2010	endgame
pt3ns	r6r/2Q2ppp/pp2p3/kb6/q1P5/5PP1/7P/1R2K2R b K - 0 24	a4c4 b1a1 a5b4 c7d6 c4c5 d6d2 c5c3 a1b1 b4c4 b1c1 c3c1 d2c1	2013	middlegame pin
5DSRd	7k/2p3pp/pb1pBr2/1p3P2/1P1P2q1/P2Q1N2/5P2/5R1K w - - 3 31	f1g1 g4h3 f3h2 h3d3	2013	middlegame
2zN5m	7k/p3q1b1/1p5p/2p1n3/P1b1BQ2/2P5/1P3R1P/6K1 b - - 0 31	e5d3 f4b8 c4g8 e4d3	2015	deflection middlegame
9xr75	r3k1nr/pp2ppb1/2pp2n1/7p/2BPP1q1/4N1Bb/PPP1NP2/R1Q2RK1 b kq - 3 16	g4e4 f2f3 h3f1 f3e4	2016	opening trappedPiece
cnN8g	1r2r1k1/p1p2pp1/3p3p/1q1P4/5P2/PB2B1Q1/1nP3PP/R5K1 b - - 3 30	b5e2 e3d4 g7g6 d4b2 e8e3 g3f2 e2f2 g1f2	2017	middlegame quietMove
sgWto	2r2rk1/qp4pp/4p3/2Np4/1P3Pn1/3QP3/6PP/2R1R1K1 b - - 0 22	c8c6 c1a1 a7b8 c5d7	2018	middlegame
ztKos	r1b1r1k1/pp2pp1p/5Np1/2p1Q3/2q5/8/PP3PPP/3RK2R b K - 3 16	g8f8 f6e8 c4e6 e5e6 c8e6 e8c7	2019	middlegame
P816R	3r1rk1/1bq2p2/p2bp2Q/8/1p1P4/2P2N2/P5PP/4RR1K b - - 0 24	d6f4 f3g5 f7f6 h6g6 c7g7 g6g7 g8g7 g5e6	2020	attraction kingsideAttack middlegame
3Ab9n	3r2k1/1p4pp/pb2P3/5P2/4P3/P4R1P/1B4P1/7K w - - 4 32	f3g3 d8d1 h1h2 b6g1	2020	endgame
wEp0k	3q3k/6pp/4QR2/p2p4/Pb1P4/4P3/1P1r2PP/R5K1 b - - 0 23	g7f6 a1c1 h8g7 c1c8 d8c8 e6c8	2023	endgame quietMove
40EXQ	N7/ppR1kpR1/3p1n2/3Ppb2/1q6/3P4/PP5P/1K6 b - - 4 25	e7f8 c7f7 f8e8 a8c7 e8d8 f7f8 f6e8 f8e8	2024	endgame fork mate
rQ81v	1r3rk1/p5bp/2p3p1/3p1b2/q2P4/3BB2P/PP1Q2P1/K2R3R b - - 4 25	g7d4 e3d4 a4d4 d3f5 d4d2 f5e6 g8g7 d1d2	2025	middlegame sacrifice
35DUZ	r4rk1/p1p2Bpp/2p5/2b2R2/8/1Q6/Pp1q1PPP/1R4K1 b - - 0 17	f8f7 b3f7 g8h8 f5c5 d2d3 f7f5	2027	middlegame
M2MEf	1r4k1/5ppn/7p/4pN2/1qP1P1P1/Rp1P4/1K1b4/R2Q4 w - - 6 31	d1b3 b4c3 b2a2 b8b3	2028	discoveredAttack middlegame pin
9bCwA	8/pp6/5p1p/5K2/6P1/P1P4k/1P6/8 w - - 0 40	b2b4 b7b5 f5f4 h3h4	2032	endgame pawnEndgame quietMove zugzwang
RGcjJ	3R1Rnk/1p4pp/p7/1b1KB3/8/2P3P1/P6P/6q1 b - - 7 32	g1d1 d5c5 d1d8 f8d8	2041	defensiveMove endgame
x44I7	r2r2k1/5p2/7p/p2R4/2n3pP/2P1P1B1/2R2PP1/6K1 w - - 1 27	d5c5 d8d1 g1h2 c4d2 c2d2 d1d2	2041	endgame quietMove
LdyMK	8/8/7p/ppp1k1p1/6P1/PPP1K2P/8/8 w - - 0 42	c3c4 b5c4 b3c4 a5a4 e3d3 e5f4	2042	endgame pawnEndgame quietMove zugzwang
6PG4F	r4k2/2q2p2/2p1n3/1pPp1R1Q/3Pn3/p6P/5PP1/1N4K1 b - - 3 30	e6g7 h5h8 f8e7 h8g7 e7e6 f5e5 c7e5 g7e5	2043	deflection middlegame
i9O0P	6k1/ppq2pp1/5B1p/2pp1B2/3P2n1/2P2N2/PPQNrPKb/2R5 w - - 3 21	f5g4 c7g3 g2h1 e2f2	2045	deflection middlegame pin
v0Wm1	2r2rk1/pp2qpp1/4b2p/3p4/1P2n3/P1N1P3/2Q1NPPP/R4RK1 w - - 0 17	c2d3 e4c3 e2c3 d5d4 e3d4 e6c4 d3f3 c4f1	2047	clearance middlegame skewer
qenSO	r1b3k1/p1p3p1/1p1p3p/2PPp3/1P3r2/2Q3Pq/P3BP2/R2R2K1 w - - 0 20	c5d6 f4h4 g3h4 h3c3	2047	middlegame
mN3T5	rn2r1k1/ppp2ppp/3b4/8/3P2bq/2PB1P2/P3N1PP/R1BQK2R w KQ - 1 13	g2g3 d6g3 e1d2 g4f3 h2g3 h4h1	2047	opening
5iHs2	5rk1/6pp/1p6/pP1P3q/P1p1pBb1/2Q1P3/2K2P2/6R1 w - - 0 33	c3c4 f8c8 f4c7 h5f7	2048	endgame pin
BQZ38	r4q2/pp5k/2nR1bp1/5bN1/1r6/Q2B4/PPP3PP/1K3R2 b - - 4 22	h7h6 d3f5 f8d6 g5f7 h6g7 f7d6	2048	fork middlegame sacrifice
Omg0U	3rr1k1/1q3pb1/p6p/1p3Np1/8/2Pn3P/PPQ2BP1/R4RK1 w - - 6 24	f5g7 d3f4 f2e3 e8e3 f1f4 g5f4	2050	middlegame
23TKm	2Q5/4qkp1/p2p1p2/2pP4/P1P1P3/8/4r1PP/R5K1 w - - 3 35	c8a6 e7e4 a6b7 f7g6 b7b1 e2g2	2050	endgame
Da3Us	3rk2r/2p2pbp/6p1/p1B1P3/P3P1b1/1PN1PN1q/5KRP/1R1Q4 w k - 3 25	g2g3 d8d1 b1d1 h3h5 g3g4 h5g4	2052	middlegame
DE8Ku	1k5r/ppq3p1/2p2p2/2Qnr1p1/8/3R1B1P/PPP5/1K1R4 b - - 1 29	h8d8 c2c4 d5c3 b2c3 e5c5 d3d8 c7d8 d1d8	2053	middlegame
fUPEM	8/p7/1p5p/2p5/1PP4k/P4K2/7P/8 b - - 0 42	c5b4 a3b4 h4g5 f3e4 g5f6 e4d5	2055	defensiveMove endgame pawnEndgame
fiBLo	4r3/5qpk/1p1b3p/pPrR1p2/P3p3/1Q1nP1B1/3RBPPP/6K1 w - - 9 32	e2d3 f7d5 b3d5 c5d5	2056	middlegame
Iy5tH	2nr2k1/1pq3p1/1ppp1n1p/4p3/2P2r2/P1PR1NNP/1P2QPP1/3R2K1 w - - 8 22	f3e5 d8e8 e2d2 d6e5	2061	middlegame
Cg9Xe	r3r1k1/pp3Qp1/1n5p/4N1q1/1B1Pp3/P6b/1P3PP1/R4RK1 b - - 0 22	g8h8 f7e8 a8e8 e5f7 h8g8 f7g5	2062	fork middlegame sacrifice
UeZ5s	r2q1knr/pp3ppb/2B1p3/2b1P2N/6PP/2p2Q2/PPP2P2/R1B1K2R w KQ - 1 14	f3c3 d8b6 c1e3 c5e3	2063	middlegame
m7pX5	2R5/pp3qpk/3r1r2/5P2/5Q2/3p4/PP4R1/6K1 b - - 1 36	d3d2 g2h2 f6h6 f4d6 d2d1r d6d1	2065	endgame pin
eg1cU	2r3k1/5pp1/4p2p/Rp6/3pP3/1P4P1/5PKP/8 w - - 0 26	a5b5 d4d3 g2f3 c8d8 b5a5 d3d2	2066	advancedPawn endgame quietMove rookEndgame
KXCMH	r5k1/pp3R1p/4PQpb/8/3pq2P/P5P1/6P1/7K b - - 0 30	a8e8 f7g7 h6g7 f6f7 g8h8 f7e8 g7f8 e8f8	2067	clearance endgame fork mate sacrifice
G7TRD	8/1p5p/2p1kpp1/p1P5/P1P1K1PP/6P1/8/8 b - - 0 32	h7h5 g4h5 g6h5 e4f4 f6f5 f4g5	2070	endgame pawnEndgame
TgbsL	1k5r/1pp1qp1p/B1nr1n2/4P1p1/3P4/P1Q2P2/1PP4P/1K1R3R b - - 0 18	f6d5 c3b3 c6a5 e5d6 e7d6 b3b5	2071	middlegame pin
IKp4M	8/p7/3p2p1/3P1r1k/2p1KP1P/8/P7/3R4 b - - 1 34	h5h4 e4f3 f5f4 f3f4	2073	endgame rookEndgame
8zHYt	8/p3rk2/2p3b1/2q3pp/2P3K1/2P2P2/PQ4PP/2RR4 w - - 0 25	g4g3 h5h4 g3h3 c5f5 g2g4 f5f3	2074	deflection endgame mate mateIn3
aONHD	4kb1r/6pp/R2pq3/1r1n4/2Q5/8/1P3PPP/2B2RK1 b k - 0 20	b5c5 c4c5 d6c5 a6e6	2076	middlegame
mKtHa	3r3r/p1p2pp1/3q1k1p/1R6/4Q3/2Pn4/P4PPP/3R2K1 b - - 6 27	h8e8 b5f5 f6g6 f5e5 f7f5 e4f5	2076	discoveredAttack exposedKing mate mateIn3 middlegame
uLdsG	1k2r3/pp6/1p1K3p/1n2pB2/1P3rP1/2PP3P/R7/2R5 w - - 1 33	d6d5 b5c3 c1c3 f4d4	2078	endgame mate mateIn2 sacrifice
Qf4mS	8/8/1p3P1p/1Pb5/4K3/8/P1k5/8 b - - 0 58	c2b2 a2a4 b2c3 a4a5	2079	endgame quietMove
hrG0r	4rrk1/ppq4p/b3pBp1/4N3/P1p2b1Q/1P5R/2P3PP/3R3K b - - 1 24	f8f6 d1d7 c7d7 e5d7 f6f7 d7f6 f7f6 h4f6	2080	fork middlegame
ddRWd	2r3k1/1b2q1p1/1p2p2p/p2PPp1P/4P2b/P2B4/1P2Q1P1/5RK1 b - - 0 27	f5e4 e2e4 g7g6 e4g6 e7g7 g6e6 g8h8 f1f7 c8c1 d3f1	2080	defensiveMove deflection kingsideAttack middlegame
mAhrc	7r/pb2k1p1/1pprp1p1/5P2/3N2N1/2P5/P4KP1/4R3 b - - 0 26	g6f5 d4f5 e7d7 g4e5 d7c7 f5d6	2080	endgame pin
WpeGA	3rk2r/pb1p1p1p/1p2p3/1B2q3/4PnR1/P1N2P2/1P3P1P/2R3QK b k - 4 20	e8e7 g1g3 f4g6 g4g6 e5g3 g6g3	2080	middlegame
Lx5bY	r2r2k1/5pp1/Q3p1Rp/2NqB3/P7/8/1P4PP/5R1K b - - 0 29	a8a6 g6g7 g8h8 g7g5 d5e5 g5e5	2081	discoveredAttack middlegame
yOyKU	rn2k2r/5pp1/p2bp1p1/1p1p4/3P3q/2P2QN1/PP3PPP/R1B1R1K1 w kq - 2 15	f3d5 h4h2 g1f1 h2h1 g3h1 h8h1 f1e2 h1e1 e2e1 e6d5	2089	kingsideAttack middlegame sacrifice
vGioO	r2q1k1r/3pn3/p1b3p1/2N1Q1pp/1p6/1P6/1PP2PPP/2KRR3 b - - 0 21	f8f7 c5e6 e7f5 e6d8	2091	middlegame
3FIAY	r1b1k2r/2p2ppp/p1np1q2/1p6/3NP3/1B6/PP3PPP/R1BQ1RK1 b kq - 0 13	f6d4 b3d5 d4d1 d5c6 c8d7 c6d7 e8d7 f1d1	2094	fork middlegame sacrifice
eLXF4	6k1/pp3pp1/2p1r2p/8/4p3/2P2q1r/PPQ1RPN1/4R1K1 w - - 2 29	e2e4 e6g6 e4e8 g8h7 c2g6 f7g6	2095	middlegame
NINCD	8/8/p7/2k5/5P2/5PK1/8/8 w - - 0 58	f4f5 a6a5 g3f4 a5a4 f5f6 c5d6 f4e3 a4a3 f6f7 d6e7	2096	endgame pawnEndgame quietMove
qHV1N	r1qr2k1/3n1p1p/pp4pQ/4p3/2PpP1N1/8/PP4PP/R4RK1 w - - 0 21	f1f7 g8f7 h6h7 f7e6 h7g6 e6e7	2098	middlegame
5il0o	5r2/1ppb3k/pb6/3PQpp1/6q1/2NB4/PP3P1B/4R1K1 w - - 2 27	h2g3 f8e8 d3f5 d7f5 e5f5 g4f5	2100	middlegame
Gs7TN	1k6/1pq1rp2/p2p2p1/3P2b1/PP1Q4/5RP1/5PK1/3B4 b - - 6 33	c7c1 f3c3 c1d2 d4h8 b8a7 c3c8	2100	defensiveMove endgame
4PzaT	8/p7/P7/6p1/4kp2/7P/5KP1/8 b - - 4 41	e4f5 f2f3 f5g6 f3g4 g6h6 h3h4	2101	endgame pawnEndgame zugzwang
YEos8	8/6pk/4Q2p/4P3/7K/2P2P1P/1P6/6q1 w - - 2 40	e6g4 g1e1 g4g3 g7g5 h4g4 h6h5 g4g5 e1g3	2102	deflection endgame
Lbojp	6Bk/pp2p2p/5p2/3PpP2/5pQ1/5K2/PP1q4/R7 w - - 0 37	a1h1 e5e4 f3e4 d2e3	2102	attraction endgame mate mateIn2
74QOo	r6r/1Q1kpp1p/p2p2pP/8/R2P4/2q1P3/6P1/R5K1 b - - 2 32	d7e6 d4d5 e6f6 a1f1 f6g5 b7e7	2103	deflection endgame
uy2Xw	2r2rk1/p3ppb1/bp4p1/3pB3/qn1P4/2P5/PP1N1PP1/1BKRQ2R w - - 1 19	e5g7 c8c3 b2c3 a4a3	2103	mate mateIn2 middlegame sacrifice
dJuQ4	5rk1/pb3qp1/8/3pP2p/3Qp1B1/1P2P2P/P5P1/2R3K1 w - - 0 35	g4d1 f7f1 g1h2 f8f2 d1f3 f1c1	2107	clearance endgame
4WY1o	k1r5/pp6/3Q1p2/8/4PP2/1Pb1q1P1/P6P/2RR3K w - - 1 39	d6c7 e3e4 h1g1 c3d4 d1d4 e4d4	2110	endgame
M2sHh	2r5/5p1k/3r2bP/1p1Pp1R1/pPBbNp2/P2K1P2/6P1/7R w - - 0 33	g5g6 b5c4 d3c2 d6g6	2112	intermezzo middlegame
tSh3S	8/2b5/2k1p1p1/1pP1Pp1p/3K1P1P/P5P1/3B4/8 w - - 7 37	d2e3 c7a5 e3f2 a5d2 d4d3 d2c1 a3a4 b5a4	2112	endgame quietMove
uj5lo	r2qr2k/pp3p1p/5N1b/8/5R2/2P4P/PP3QP1/R5K1 w - - 5 22	f4d4 h6e3 d4d8 e3f2 g1f2 e8d8	2113	fork middlegame pin
ygNHJ	8/4k3/2Pp4/5p2/5P2/1K6/8/8 b - - 0 40	d6d5 b3b4 e7d6 b4b5 d6c7 b5c5	2115	endgame pawnEndgame
jiXVz	3r2k1/pp3ppp/5q2/2p4n/3nr3/P2P1PBP/1PPQ1PK1/4RR2 w - - 0 21	e1e4 f6f3 g2g1 f3e4 d3e4 d4f3	2117	middlegame sacrifice
xwlUp	2q3k1/5pbp/6p1/3P1b2/1p6/1P3B1P/R1p2PP1/2Q3K1 w - - 4 29	g2g4 g7h6 a2c2 h6c1 c2c8 f5c8	2118	endgame
DOe1f	2k4r/p1q3Np/1p1b2pP/2pR1p2/8/6P1/PP3PB1/1K1R4 b - - 2 27	d6e5 g7e6 c7e7 d5e5	2122	middlegame
d8LVj	8/8/2p1k1pp/pp6/4KPPP/8/P1P5/8 b - - 0 38	c6c5 f4f5 g6f5 g4f5 e6d6 f5f6 d6e6 f6f7 e6f7 e4d5 b5b4 d5c5	2123	advancedPawn endgame exposedKing pawnEndgame
8hnd1	1nkr3r/ppp4q/5p2/1PNn1b1p/P2P2PP/4P1B1/4B1P1/2Q2RK1 b - - 0 25	h5g4 f1f5 h7f5 e3e4	2124	middlegame sacrifice
JQ8n2	4rr2/p3qnkp/1pp5/4N1pP/8/2P1QP2/P1P3P1/1R2R1K1 w - - 1 33	f3f4 g5f4 h5h6 g7g8	2126	defensiveMove middlegame
emEnY	8/2kqQ3/3p4/p1pPpP2/4P3/P7/7K/8 w - - 0 51	e7e6 d7e6 d5e6 c5c4 h2g3 c4c3 f5f6 c7d8	2130	defensiveMove endgame quietMove
HmQVw	6rk/ppp2p2/2pb3q/4p3/4P1Q1/3P1P2/PPP3P1/R4RK1 w - - 1 22	g4f5 d6c5 d3d4 c5d4 f1f2 d4f2	2131	endgame kingsideAttack
D4Orh	6r1/p2kb3/1p2q3/3P3Q/1n5P/6B1/P4PP1/3R2K1 b - - 0 27	e6g6 h5e5 e7d6 e5e6 g6e6 d5e6	2132	exposedKing middlegame
ybWas	r1b2rk1/1p1p1pp1/2p1qn1p/p3b3/4P2B/2PN4/PP2QPPP/R3KB1R b KQ - 3 13	f6e4 d3e5 e6e5 f2f3 e5h5 e2e4	2132	opening
nCd59	5rk1/5ppp/8/pP6/4p3/1Q2q3/BP1b2PP/5R1K b - - 0 28	e3e2 f1f7 e2e1 f7f1 g8h8 f1e1	2134	discoveredAttack endgame
xmmNL	5rk1/2pb1r1p/1p4pb/p2Ppnq1/2P1B3/2BQ1RPP/PP2N2K/R7 w - - 2 23	a1f1 f5e3 f3f7 e3f1 f7f1 f8f1	2137	middlegame xRayAttack
VV5gj	r4r2/pbk1q3/1p2p1Q1/1B1p1n2/8/2N4R/PPP4P/5R1K w - - 8 29	h3h7 d5d4 h1g1 f8g8 h7e7 f5e7	2137	discoveredAttack middlegame pin sacrifice
sxYd7	2k4r/pppr1pp1/2p2n2/2b2PBp/2bqP3/2NP3P/PPP1B1P1/R2QKR2 w Q - 1 13	d3c4 d4e5 d1d7 f6d7	2139	middlegame
AfmfA	r3r2k/1pp3pp/p2p4/3Pq2B/8/3P1QbP/PP4K1/R4R2 b - - 3 24	e5b2 g2g3 b2e5 g3g2 g7g6 h5g4	2139	defensiveMove hangingPiece middlegame
6BbzV	8/2P2B2/3n1p2/5p2/4p3/p1k4P/5PP1/6K1 w - - 2 43	h3h4 f5f4 h4h5 e4e3	2145	endgame quietMove
MGW00	1k6/ppq5/2pr1n1p/4n2r/8/1BN3Q1/PPP2PP1/3R1RK1 w - - 2 25	c3e4 f6e4 g3g8 c7c8 g8c8 b8c8 d1d6 e4d6	2149	hangingPiece middlegame
gDqLe	2r1r1k1/p3p3/3pNnp1/3q3p/7Q/1Pp4P/P5P1/4RR1K w - - 0 27	f1f6 e7f6 h4f6 e8e6 e1e6 d5f5 f6f5 g6f5	2155	discoveredAttack middlegame
O6bx3	r1br2k1/ppq1bppp/2n1pn2/3pP3/3N3P/2N1BP2/PPPQ2P1/2KR1B1R b - - 0 11	c7e5 d4c6 b7c6 e3f4 e5f4 d2f4	2160	opening
4PYCs	6k1/1q1B3p/4P1p1/5p2/3p1P2/4b1PK/Q6P/2r5 b - - 1 36	g8f8 a2a3 f8g8 a3e7	2161	endgame
kUWAx	8/5pK1/8/6PP/2b5/4k3/3p4/3B4 b - - 0 48	e3f4 g5g6 f7g6 h5h6 c4d5 h6h7	2161	advancedPawn endgame
7FBYh	8/p7/5kP1/2pp4/5K2/8/PP6/8 w - - 2 49	g6g7 f6g7 f4e5 d5d4 e5e4 a7a5	2161	defensiveMove endgame pawnEndgame quietMove
Cfrwh	8/2p2brk/2Pp3p/3P2q1/P1Q2pP1/5P1P/2P1R3/2K5 b - - 0 38	f7d5 c4d3 h7h8 h3h4 g5h4 d3d5	2162	deflection endgame
ZBHY9	r1bq1r2/bp2n1k1/p1pp1n2/3P2B1/2B2R2/2N5/PP3PPP/R2Q2K1 b - - 1 19	e7g6 f4f6 f8f6 c3e4	2163	middlegame sacrifice
cAFfx	rn1qkbnr/p4ppp/2p5/1p2N2b/2BPP3/1P6/P1P3PP/RNBQK2R b KQkq - 0 8	h5d1 c4f7 e8e7 c1a3	2166	middlegame
iMqWP	8/R4pk1/6P1/5P2/8/8/p5K1/r7 b - - 0 39	g7f8 a7f7 f8g8 f7a7 a1c1 a7a2	2166	endgame rookEndgame
jNn5h	r3k1r1/1p3p2/p2p4/3PPR1p/P3n2q/2P4P/1P4P1/R1BQ2K1 w q - 1 24	d1h5 h4e1 f5f1 e1f1 g1f1 e4g3 f1f2 g3h5	2168	attraction fork middlegame sacrifice
YuBJT	rn2k2r/pQ3ppp/2p5/4N3/3qp3/8/PP3PPP/R3K2R b KQkq - 0 13	d4e5 b7c8 e8e7 c8h8	2168	middlegame skewer
OMZgx	8/8/p3p1rp/1p1k1p1R/3P2P1/5P2/PP3K2/8 b - - 0 31	g6g5 h5g5 h6g5 f3f4 g5f4 g4g5	2168	defensiveMove endgame rookEndgame
BA5xZ	8/p1p1rpk1/6pp/1P6/2PP4/8/r4RPP/2R3K1 b - - 3 33	e7e2 f2e2 a2e2 c1a1	2169	endgame rookEndgame
py74I	8/k2q1p2/pp6/6Q1/8/1P3rPK/P2P3P/R7 w - - 2 38	g5g4 f3f5 h3g2 f5f2 g2f2 d7g4	2169	discoveredAttack endgame quietMove
H8o0L	r3r1k1/5P2/5qpp/ppb5/2p1Q3/P5P1/2B2PP1/3RR1K1 b - - 0 28	g8f7 e4d5 f7g7 d5c5 e8e1 d1e1	2170	fork middlegame
EJLrE	2kr1b1r/ppp2ppp/5n2/6B1/4P3/2NB1n1P/PPP5/R2K3R b - - 1 12	f6h5 g5d8 h5g3 d3e2 g3h1 e2f3	2173	middlegame
Ld8z5	rnbqr1k1/ppp1bppp/8/3p2B1/3Pn3/2N2N2/PPP1QPPP/2KR1B1R w - - 7 9	c3e4 d5e4 g5e7 e4f3	2174	opening
X3VJE	6k1/2Q2pbp/2p3p1/2Pp4/3Pr3/P3P3/4qPK1/R5R1 w - - 10 31	c7c6 e4g4 g2h3 e2f3 g1g3 g4h4 h3h4 f3h5	2174	attraction endgame mate sacrifice
P0Atd	8/pp5p/3p3r/5k2/2P3R1/P1P1p3/1P2K1P1/8 w - - 1 42	e2f3 h6e6 g4f4 f5g5	2175	defensiveMove endgame quietMove rookEndgame
vY0S6	1kb5/1P3R2/7R/2p5/3p2rK/1P1Pr1p1/2P3B1/8 w - - 1 39	h4h5 e3e5 f7f5 c8f5 h6h8 f5c8	2176	discoveredAttack endgame
cuzBn	1k4r1/pp2qpr1/1b1p1p1p/1B2n3/1PP5/P3P1BP/4QPP1/2RR2K1 w - - 3 23	e2d2 g7g3 f2g3 e5f3 g2f3 b6e3 g1h2 e3d2	2177	fork middlegame sacrifice
8OZi7	r1r1n1k1/1p1bbppp/p1n1p3/3p4/1P1P1B2/2P2N1P/RP1NBPP1/R5K1 b - - 0 15	c6a7 e2a6 b7a6 a2a6	2179	middlegame
nwtZQ	r4rk1/pp3p2/2b2Bp1/3p2qp/8/1NP2Q2/PP4PP/5RK1 b - - 0 27	g5f5 f3e3 d5d4 e3h6 f5f6 f1f6	2179	middlegame
JYLN7	r1b1qrk1/ppp3pp/3p4/3Ppn2/2P1Nn2/3B1N2/PPQ2PPP/R4RK1 w - - 10 14	e4g3 f4d3 c2d3 f5g3 f2g3 e5e4	2180	middlegame
bpNI0	4r3/1p4kp/2p3p1/p2ppq2/P2P2b1/2N1Q3/1PP2P2/R3R1K1 w - - 0 24	d4e5 g4f3 c3e2 f5h3 e3f3 h3f3	2180	clearance middlegame quietMove
3bHpx	8/1r6/1P2k3/2KR3p/4p2P/8/8/8 b - - 1 54	e4e3 d5d3 e3e2 d3e3	2182	endgame rookEndgame
vmbyt	2r2k2/p2R2pp/4pp2/2qb4/4p3/P3P2P/2r1BPP1/1R1Q3K b - - 5 29	c5c6 e2b5 c2c1 b5c6 c1d1 b1d1	2184	middlegame
G8d8y	r6k/P5pp/8/4p2P/2p1qbQ1/8/5PK1/R2R4 w - - 0 38	f2f3 e4e2 g2g1 e2h2 g1f1 f4g3	2186	defensiveMove endgame
Ti3Q3	8/3r2qk/1Q2R1pp/p7/1p6/1Pn5/6P1/5B1K b - - 3 51	d7a7 f1d3 c3d5 d3g6 g7g6 b6a7	2192	deflection endgame
GVIHc	4rrk1/ppp2pp1/3p3p/2bP4/2PNB2q/3QP1R1/PP3K2/R7 w - - 6 22	f2f3 f7f5 d4f5 f8f5 e4f5 e8e3 d3e3 c5e3	2194	fork middlegame sacrifice
Ytrt6	3b4/8/8/1PP4k/6p1/P7/6K1/8 b - - 1 59	h5g5 b5b6 g5f6 a3a4 f6e5 a4a5 e5d5 a5a6 d5c6 a6a7	2197	advancedPawn endgame quietMove
blZ2D	8/r2q1kp1/1Q1Pp2p/5p2/8/4P1P1/2R2K1P/8 b - - 2 43	e6e5 b6a7 d7a7 c2c7	2198	endgame pin sacrifice
SQ4Hv	r4r2/ppq3p1/1kp4p/8/P3R3/1PQP4/2P2P2/6K1 b - - 0 25	a7a6 a4a5 b6a7 c3c5 a7b8 c5f8	2204	endgame interference
zgdjZ	6rk/1pp3rb/4R2Q/8/1P6/P4P1P/6P1/6K1 w - - 3 35	h6f4 g7g2 g1f1 g2g1 f1f2 g8g2 f2e3 g1e1 e3d4 e1e6	2206	endgame skewer
11yPY	r2qkb1r/pp2pp2/8/5Rp1/2pPQ3/2N3P1/PPP3Pn/R5K1 b kq - 1 17	f7f6 f5d5 e8f7 d5d8	2206	middlegame
dT3jJ	r3kbnr/pp1b1ppp/2n1p3/1B6/4q3/2N5/PPP1NB1P/R2QK1R1 b Qkq - 3 12	f8b4 d1d7 e8d7 e1c1 e4d5 c3d5	2207	discoveredAttack opening sacrifice
BZPSK	r1b1rk2/1p3pbQ/p5p1/4q3/7R/1NP1BR2/PP3K2/8 b - - 11 29	c8f5 e3c5 e8e7 f3e3 e5c5 b3c5	2208	clearance middlegame pin
YzojD	8/p4k2/1p2pp1p/1Pp1PP2/2P1K2P/8/8/8 b - - 0 35	h6h5 f5e6 f7e6 e5f6 e6f6 e4f4 f6e6 f4g5 e6e5 g5h5	2209	endgame pawnEndgame zugzwang
6cQLy	r3k2r/2p1bppp/p1p5/3qp2b/2P3n1/N4N1P/PP1P1P2/R1BQR1K1 b kq - 0 13	d5d3 h3g4 h5g4 f3e5 g4d1 e5d3	2210	capturingDefender fork middlegame
KL5xA	r1bk3N/ppp1nBpp/3b4/6B1/4p3/3P3q/PPP2P1P/RN1Q1R1K w - - 0 14	g5e7 d8e7 f2f4 c8g4 b1c3 g4d1	2210	middlegame
b89Yj	4r2k/1p4p1/3P3p/P1P5/4b3/1Bq5/6PP/3QR2K w - - 10 41	h1g1 c3c5 g1h1 c5f2 e1g1 e4g2 g1g2 e8e1 d1e1 f2e1 g2g1 e1e4	2210	endgame fork
Z4xKn	k7/1p6/p1r1p1R1/8/3P4/2P5/2RQ4/2K2q2 w - - 10 54	c1b2 c6b6 b2a3 f1b5 g6g8 a8a7 g8a8 a7a8 c3c4 b5b3	2212	endgame mate quietMove
LZ0fS	3r1bk1/2q2ppp/2N5/3p4/2pP2Q1/2p4P/rP2RPP1/4R1K1 w - - 2 33	c6d8 c3b2 d8e6 f7e6 g4e6 c7f7 e6b6 c4c3	2213	advancedPawn middlegame trappedPiece
Vc9nC	r3k2r/pR2pp1p/3p2p1/8/3nnPQ1/P6P/2P2PK1/q6R b kq - 3 20	a1a3 g4d7 e8f8 d7e7 f8g7 e7f7 g7h6 f7g7 h6h5 g7h7 h8h7 b7h7	2213	deflection fork mate middlegame
jQgRq	5rk1/3q1p1p/3p2p1/pp1Q4/7P/1P4R1/r4PP1/4R1K1 b - - 0 22	a5a4 h4h5 d7a7 h5g6 a7f2 g1h2	2214	endgame
zt3BX	8/3Pk3/1K6/3PPBpp/8/8/8/2r5 b - - 6 61	c1f1 d5d6 e7d8 e5e6 f1f5 b6c6 f5e5 e6e7 e5e7 d6e7 d8e7 c6c7	2216	advancedPawn defensiveMove endgame exposedKing sacrifice
yUixa	r1bq1rk1/ppp2p1n/1bnp3Q/3Np3/2B1P3/3P1N2/PPP2PPP/R4RK1 b - - 2 11	c8g4 d5b6 a7b6 h6g6 g8h8 g6g4	2218	middlegame pin
s07lo	2rqr1k1/pp3pp1/2n1bn1p/1Bbp4/7B/2N2N2/PPPQ1PPP/3R1RK1 w - - 4 13	c3d5 d8d5 h4f6 d5d2	2218	middlegame
BbqsC	r1bqr2k/1pp1bQpp/p1n5/4p1B1/2B1n3/3P3P/PPP1NPP1/2KR3R w - - 1 13	g5e7 e8e7 d3e4 e7f7 d1d8 c6d8 c4f7 d8f7	2218	middlegame
CDFVX	4rr1k/pp2p1bp/1qp3p1/4n3/3PQ3/2P3PP/PP3P2/RNB1R1K1 w - - 1 17	d4e5 b6f2 g1h1 f2g3 e4e3 f8f3	2219	kingsideAttack middlegame
ojmEb	rq2k1nr/1p2bppp/p1n5/1N1Bp3/5B2/1Q4P1/PP3P1P/R3R1K1 b kq - 0 16	a6b5 d5c6 b7c6 f4e5 b8c8 e5g7	2220	middlegame
45zOy	4r1k1/1p3p1p/6p1/3P4/Q2p4/5q2/PP3P1P/3R2K1 w - - 0 27	a4d4 e8e4 d4d3 e4e1 d1e1 f3d3	2220	deflection endgame
nGCSR	r2k3r/p2p1Qpp/1pqP1p2/2p5/8/5P2/P4P1P/K1R1R3 b - - 3 23	c6d6 c1d1 h8f8 f7g7 d8c7 d1d6	2221	endgame
t7Ln8	6K1/4kp2/6p1/6P1/5P2/8/8/8 b - - 4 58	e7e6 g8f8 f7f6 f8g7 f6g5 f4g5 e6f5 g7h6	2222	endgame pawnEndgame zugzwang
1PyUW	2r1r1k1/5ppp/bp4n1/p7/2q5/2N2RB1/PPQ3PP/3R3K b - - 3 26	e8e2 c2e2 c4e2 c3e2 a6e2 f3c3	2224	clearance middlegame
4h6p6	8/p7/1p5k/3p3P/2pP2K1/2P1P3/P7/8 w - - 1 34	g4f5 b6b5 a2a3 a7a5 e3e4 b5b4 e4d5 b4b3 d5d6 b3b2 d6d7 b2b1q	2224	advancedPawn endgame pawnEndgame promotion quietMove
zopqp	6rk/1pp5/3p4/3P4/8/1P5p/Pq3R1K/5Q2 b - - 5 39	g8g2 f1g2 h3g2 f2b2 g2g1q h2g1	2224	endgame
bKCOH	4r1k1/3r1pp1/pP1P3p/3P1q2/3Q4/8/1B3PPP/5R1K b - - 4 26	f5f6 d4g4 f6b2 g4d7	2225	endgame
lgiFi	3r1k1r/2q2ppp/p3Pn2/2p5/B1PPb3/1Q6/PB4Pb/4RR1K b - - 3 23	h2g3 e1e4 f6e4 f1f7 c7f7 e6f7	2228	advancedPawn fork middlegame
8vFQx	8/5k2/3R2p1/2P5/1PK5/4p2P/6P1/4r3 w - - 2 46	c5c6 e1c1 c4d3 c1d1 d3e3 d1d6	2230	endgame rookEndgame skewer
XBfwP	8/8/7K/4pkp1/7p/5P1P/8/8 b - - 1 59	g5g4 f3g4 f5f4 g4g5 e5e4 g5g6 e4e3 g6g7 e3e2 g7g8q e2e1q g8g5 f4f3 g5g4 f3e3 g4e6 e3d2 e6e1	2230	advancedPawn endgame pawnEndgame promotion quietMove
zfLJO	8/2k5/2p1PK1p/1p3R2/1P2r3/2P5/8/8 w - - 7 53	f5e5 e4e5 f6e5 c7d8 e5f6 d8e8 e6e7 h6h5	2232	defensiveMove endgame rookEndgame
4TOXr	5rk1/ppQ3pp/2n5/1N2p3/2P1P3/1P2qpPb/P4P1P/3R2KB w - - 1 23	c7b7 e3e2 b5c3 c6d4	2232	middlegame
4t3of	2kr2r1/ppp2p1p/2npqnpQ/3Np3/4P3/3P3P/PPP1BPP1/R3K2R b KQ - 1 16	f6d5 e2g4 f7f5 g4f5 e6f5 e4f5	2233	middlegame pin
3Mo8G	8/7P/5R2/p1k5/4pp1r/P1K5/8/8 w - - 3 55	h7h8q h4h8 f6f5 c5d6 f5f4 d6e5	2236	endgame hangingPiece
w2TuP	1k4rr/1n2q3/R2p1p2/3Pp3/4Pn2/2N1B2B/1PP2Q1K/5R2 w - - 1 34	e3f4 h8h3 h2h3 e7d7 h3h2 d7h7 f4h6 h7h6 f2h4 h6h4	2238	attraction exposedKing mate middlegame sacrifice
pBoYl	8/8/8/pBk5/P2p4/3K1bP1/5P2/8 w - - 4 57	b5c4 f3e4 d3e4 c5c4 f2f4 d4d3	2239	deflection endgame
rCuIV	b5k1/5ppp/p3pn2/2p1N3/N1P5/4QP1P/P3R1PK/1q1r4 w - - 6 28	a4c5 f6h5 e2e1 d1e1 e3e1 b1e1	2240	middlegame quietMove
7Vb4o	1r6/1Bnbkppp/1R2p3/4P3/3P1P2/4N1P1/r4K1P/1R6 w - - 0 35	b1b2 a2b2 b6b2 d7c8 b2c2 b8b7	2241	middlegame
6my4K	1B6/rK6/5p2/7p/6kP/8/8/8 w - - 0 56	b7a7 f6f5 a7a6 f5f4 b8c7 f4f3	2247	endgame quietMove
a0vNG	8/1pN2k2/3p3p/4n3/1p3n2/P6P/1Q4PK/1B2q3 w - - 0 35	a3b4 f4e2 b2a2 f7g7 a2e2 e1e2	2247	defensiveMove endgame quietMove
8Puwj	8/4p2p/6P1/2kpp3/2p1r3/2K2RR1/8/8 w - - 1 40	g6g7 e4e2 g3g4 d5d4 g4d4 e5d4	2247	endgame exposedKing mate mateIn3 quietMove rookEndgame
VKe7i	8/2pk4/1p1p4/p2P1K2/P1P5/2P5/8/8 w - - 7 62	f5f6 c7c6 f6f5 c6d5 c4d5 b6b5 f5e4 b5a4	2250	endgame pawnEndgame
MzXqt	4r1k1/p1p4p/1p2P1p1/3P1r2/1qPQ4/5p1P/P5PK/2R1R3 w - - 0 30	g2g4 b4d6 h2h1 d6g3 d4g1 g3h3 g1h2 h3g4	2250	deflection endgame
H5ODK	r2qkr2/p2n1p1p/2B5/4QP2/2P5/8/PP3nPP/2KR4 b q - 1 19	d8e7 c6d7 e8d8 e5a5	2250	mate mateIn2 middlegame
GoYfP	4r3/p1R5/1p1p1k2/3Prbp1/2PR1p2/1P1B1P2/P4KP1/8 w - - 1 40	d3f5 e5e2 f2g1 e2e1 g1h2 f6f5	2255	endgame
L3HWZ	1r2kbnr/pBp1pppp/8/1N3bq1/3P4/5Q2/PP2KPPP/n1B3NR b k - 3 12	g5g6 b7c6 f5d7 c6d7 e8d7 f3d5 g6d6 b5d6	2255	attraction middlegame
39UcJ	3r3k/1p3ppp/p5P1/3pqb1P/3R1N2/1PQ1p3/P1P5/1K6 b - - 3 40	h7h6 d4d5 d8d5 c3e5 d5e5 g6f7	2260	advancedPawn discoveredAttack endgame sacrifice
sREsh	4n1k1/7r/rNP4p/1Q4p1/P2B1q2/6PP/5P1K/8 b - - 0 37	a6b6 g3f4 b6b5 a4b5 e8d6 b5b6	2264	endgame
Hy0DS	4rr1k/pR4p1/3n1q1p/3p3P/3PpBQ1/4P3/P5P1/3R2K1 w - - 1 32	f4e5 e8e5 d4e5 f6f2 g1h2 d6b7	2266	middlegame sacrifice
tsnq4	2krr3/1pp3pp/p1n2n2/2Q5/4Pq2/1P5P/PBPN4/2KR3R b - - 0 20	e8e4 h1f1 f4e3 c5f5 c8b8 b2f6 d8d2 d1d2	2269	middlegame
h0N0U	8/7p/4k1p1/1p3pP1/1PpP1P2/P7/3K4/8 b - - 1 57	e6d5 d2c3 d5e4 a3a4 b5a4 c3c4 e4f4 b4b5	2269	defensiveMove deflection endgame pawnEndgame zugzwang
RXycR	8/5R1P/7r/1k4K1/p7/8/8/8 b - - 1 44	h6h1 f7f5 b5b4 f5f4 b4b3 f4h4	2271	endgame rookEndgame
24jwY	8/1k6/1Pp1p3/2P1ppp1/1K2P3/5PP1/8/8 w - - 1 44	b4a5 g5g4 f3g4 f5f4 g3f4 e5f4 a5b4 f4f3 b4c3 f3f2	2273	advancedPawn endgame pawnEndgame
1JHR0	2rqr1k1/5p1p/p2npnpQ/1p1p2N1/3P1R2/2P3P1/PP3PBP/4R1K1 w - - 4 23	g2d5 e6d5 e1e8 d6e8	2279	hangingPiece middlegame
LMMPs	8/6pk/p4r1p/1pB5/1Pb5/P1bpR1PP/8/3R2K1 w - - 4 36	h3h4 d3d2 g1g2 f6f1 d1d2 c3d2	2282	advancedPawn endgame
j7OdO	r1b3k1/pp1p1r1p/4p1pQ/3nPp1P/3P1P2/2P2R2/PqB3P1/RN4K1 b - - 0 20	b2a1 h5g6 h7g6 h6g6 g8f8 f3h3	2282	defensiveMove kingsideAttack middlegame
DN5f1	6k1/5pp1/p2Np3/4P1Pp/5q1b/P2P4/1r5P/2R3QK b - - 1 27	f4e5 c1c8 g8h7 g5g6 f7g6 c8h8 h7h8 d6f7 h8h7 f7e5	2284	attraction endgame fork sacrifice
aW2VO	8/p7/8/PP6/2K3k1/6p1/6Rr/8 w - - 1 44	b5b6 h2g2 b6a7 g2c2 c4b5 c2c8	2284	defensiveMove endgame rookEndgame
UTmKe	5rk1/pp1nn2p/2p1rppP/3q4/3P4/P1NQ1N2/1P3PP1/4RRK1 b - - 1 21	d5b3 f3d2 e6e1 d2b3	2285	middlegame
kS1TS	2br4/6pk/p1Q5/5p2/5qP1/2B3p1/PP3PP1/5RK1 w - - 0 29	f2g3 f4e3 g1h2 d8h8	2287	endgame
1rUYN	Q7/P4ppk/3q3p/8/8/r6P/6P1/6RK b - - 0 44	a3a2 a8e4 f7f5 a7a8q a2a8 e4a8	2295	advancedPawn clearance endgame promotion
nFoOH	7r/3k1ppp/1R1bp3/3p4/3P4/2r1B3/5PPP/R5K1 b - - 0 21	h8b8 b6d6 d7d6 e3f4 d6e7 f4b8	2296	attraction endgame sacrifice skewer
ukwr8	2k5/1p1n4/3pQp2/p1pN4/7q/8/5PP1/6K1 b - - 0 37	h4h8 e6d6 h8d8 d5e7 d8e7 d6e7	2299	endgame
4UG9m	4r1k1/pR3p1p/6p1/8/3q4/1P5P/P1Q2PP1/6K1 w - - 1 25	c2c4 e8e1 g1h2 d4f2 c4c8 g8g7 c8c3 g7h6 c3e1 f2e1	2300	deflection endgame
R19yM	8/3P3k/6p1/7p/4p2b/7q/4RP2/3Q1K2 w - - 3 38	f1e1 e4e3 d1d5 e3f2 e2f2 h3e3 e1d1 e3f2	2301	advancedPawn attraction deflection endgame pin
NhcnK	8/4kppp/2p5/p1p5/2P2P2/P1K4P/1P4P1/8 b - - 4 27	f7f5 c3b3 e7d6 b3a4 d6c7 a4a5	2301	endgame pawnEndgame
oNLxn	8/2p5/5RP1/1k4r1/6P1/p4K2/8/8 w - - 0 38	f3f4 g5g6 f6g6 a3a2 g6g8 a2a1q	2303	advancedPawn endgame promotion rookEndgame sacrifice
PQvSf	5r1k/2pq2pn/pbnp2Qp/1p2pr2/1P1P4/2P4P/P1B2PP1/RNB2RK1 w - - 0 21	g2g4 c6e7 c2f5 f8f5 g6f5 e7f5	2304	middlegame sacrifice trappedPiece
xMR5W	r4r2/q5kp/p2p2p1/1p1N2B1/2p1P1Q1/P5bP/1PP3P1/R6K b - - 1 23	a7f2 g5e3 f2c2 g4g3	2306	middlegame
0r8FD	3r4/p2B2r1/bp3R1p/3R4/6k1/6P1/PP3P1P/4K3 b - - 4 30	d8d7 f2f3 g4h3 e1f2 d7d5 f6h6 d5h5 h6h5	2307	endgame mate sacrifice
fS0lQ	3r2k1/p4p2/1p2rRpQ/2p1P1Bp/2q5/7P/6PK/8 b - - 5 38	c4e4 f6e6 f7e6 g5f6 e4e5 f6e5	2309	clearance endgame
U4KtS	8/7p/4k1p1/2p3P1/4K2P/3P4/8/8 w - - 1 42	d3d4 c5d4 h4h5 d4d3 e4d3 e6f5 d3e3 f5g5 h5g6 h7g6	2310	endgame pawnEndgame
xhQXM	3r2k1/pp3ppp/4p1b1/4P3/1P3P2/2Pr3P/Pq1BQ3/R2R2K1 b - - 6 28	d3h3 d2e1 d8f8 e2b2	2313	discoveredAttack middlegame quietMove
q5EKM	8/8/2k1ppp1/pp4P1/3K3P/PPP5/8/8 b - - 0 41	f6g5 h4g5 c6d6 c3c4	2315	endgame pawnEndgame
o6w1y	r1bqr2k/pp4pp/1nn5/8/2QpNpPb/1P3P1P/PBPPN1B1/2KR3R w - - 5 19	c4c5 e8e5 c5d6 d8d6 e4d6 e5e2	2315	middlegame
TY3U2	8/5N2/pr3R2/p3P3/6Pk/5P2/5b2/7K w - - 1 35	f7d6 h4h3 f6h6 f2h4 h6h4 h3h4	2316	endgame
uJNRq	r2qk2r/2p1bppp/p1Q1b3/1p6/8/2N5/PPP2PPP/R3R1K1 b kq - 5 18	e6d7 e1e7 e8e7 c3d5 e7f8 c6c5 f8g8 d5e7 d8e7 c5e7	2316	attraction middlegame sacrifice
RwgNx	8/8/2B1Pk1p/1p6/2p5/P1n3KP/8/8 w - - 1 57	c6d7 c3e4 g3f4 c4c3 f4e4 c3c2	2317	advancedPawn endgame sacrifice
3LRoX	r1bqk2r/pp2ppbp/2np1np1/8/3NP3/2N1B3/PPP1BPPP/R2Q1RK1 b kq - 2 8	f6g4 e2g4 c8g4 d4c6 g4d1 c6d8	2318	opening
vMO7R	r1b1R3/1pp3k1/3p1q1p/2nPb1P1/p1P5/2N5/PPB1Q1P1/1K6 b - - 0 27	h6g5 e2h5 c8f5 h5h8 g7g6 h8f6 g6f6 e8a8	2318	exposedKing middlegame
Xf0PO	6k1/1pp4p/3p2p1/p1nPp3/2P1P1p1/2N1brPq/PPK1N2P/2R1Q2R w - - 9 23	c2b1 c5d3 e1d1 e3c1 e2c1 d3f2 d1a4 f2h1	2320	fork middlegame
5aNUB	5rk1/2R2ppp/2p5/p3Q3/q1b1PN2/5PK1/2r3PP/8 b - - 1 29	c4b5 f4h5 c2g2 g3g2 a4a2 g2g3	2322	defensiveMove middlegame
dghr7	2r2k2/pb3r2/1p2ppR1/8/8/qP1P2Q1/P4PPP/4R1K1 b - - 2 23	c8c2 g6g8 f8e7 g3b8 b7c8 g8c8	2324	middlegame
g8Fh4	8/1pR3pk/p1b4p/2KpB1r1/PP1P4/8/8/8 b - - 0 68	g5g6 b4b5 b7b6 c5b4 a6b5 a4b5	2325	endgame
lOykf	8/7p/1k1K4/2N3p1/2b4P/1p3P2/6P1/8 b - - 0 44	b3b2 c5a4 b6a5 a4b2 c4f1 h4g5	2326	endgame
oWGxE	3r4/pp5p/2p2Qp1/6Pk/8/3r1PK1/P7/8 b - - 0 41	d3d6 f6g7 h5g5 f3f4 g5h5 g7h7	2327	endgame mate mateIn3
ckRNx	8/8/p2k2pp/1p1P4/2p1K1PP/2P5/P7/8 b - - 0 43	a6a5 e4d4 g6g5 h4h5 d6e7 d4c5 b5b4 c5c4 b4c3 c4c3	2333	endgame pawnEndgame quietMove zugzwang
8flmP	8/R4K2/2k1p3/3pP2P/2pP4/8/8/1r6 b - - 0 47	c4c3 a7a3 c3c2 a3c3 c6d7 c3c2	2335	endgame rookEndgame
EH8YK	1k3r2/ppp3p1/7r/4R3/2B5/5K2/PPP2P1p/7R w - - 2 28	f3g3 h6g6 g3h4 g6g1	2335	endgame
VIHnK	1r2k3/pppnqbp1/2np3p/4p3/2N1Pr2/B1P4P/P1P1BPP1/1R1QR1K1 b - - 12 18	f4e4 a3d6 e7d8 d6c7 d8c7 c4d6 e8f8 d6e4	2336	exposedKing fork middlegame
dTbSq	r4rk1/pp4b1/6Qp/4N3/8/4P3/qP4PP/3R1RK1 w - - 1 24	d1d7 f8f1 g1f1 a2a1 f1f2 a1b2 f2g3 b2e5	2336	attraction fork middlegame
iuVIz	8/3R4/8/5Kp1/5P2/2k4r/3p4/8 w - - 0 59	f4g5 h3d3 d7c7 c3d4	2337	defensiveMove endgame rookEndgame
UNlAQ	8/8/2p1k3/2P3P1/4NP2/5K2/2r5/8 b - - 2 57	c2c4 f4f5 e6e5 g5g6 c4e4 g6g7 e4f4 f3g3	2338	advancedPawn endgame sacrifice
D0Xb3	r2qr1k1/pp3ppp/8/8/1n4b1/5N2/PPP1BPPP/R2QR1K1 w - - 0 17	h2h3 g4f3 d1d8 e8d8 e2f3 b4c2	2341	middlegame
KWtvl	8/Q4ppk/7p/4r3/8/3P2Pq/PPP1rP1P/2RR2K1 w - - 1 25	a7b7 e2f2 g1f2 h3h2 b7g2 e5f5 f2e3 h2g2	2346	attraction deflection endgame sacrifice
oo1Ns	r1b2rk1/p2n1p2/2pp4/qp4B1/3PP1n1/1Q6/PP2BPPP/R1K4R b - - 4 18	g4f2 g5d2 a5d8 b3g3	2346	middlegame
P9aHB	5k2/pp4Rp/3p1n2/3Pp3/5P2/7P/Pq4P1/4Q1K1 w - - 1 32	g7c7 b2b6 e1f2 b6c7 f4e5 c7c5	2346	endgame fork pin
Emarp	8/6p1/2p4p/2k2P2/6PP/8/8/6K1 b - - 0 45	c5d4 g4g5 h6g5 f5f6 g7f6 h4h5	2348	defensiveMove endgame pawnEndgame sacrifice
YkD0x	6rk/1p5p/5P1R/3ppNP1/3b4/pP6/r4P1P/5RK1 w - - 1 34	h2h4 a2f2 f1f2 a3a2	2348	advancedPawn endgame pin sacrifice
jEPhf	2r1qrk1/5pbp/p5p1/npNpP1B1/3P2Q1/7P/PP3PP1/2R2RK1 w - - 10 20	c5d7 c8c1 f1c1 h7h5 g4d1 e8d7	2350	middlegame
UAXWN	3Q1br1/pkp2ppp/5n2/q7/8/2N4P/PPP2RP1/R5K1 w - - 1 16	a1f1 f8d6 d8g8 f6g8	2352	middlegame quietMove trappedPiece
43ntr	r4rk1/p3R3/1p2R1p1/2p3Bp/6n1/2P5/P5PP/6K1 b - - 9 34	f8f7 h2h3 f7e7 e6e7 a8d8 h3g4	2353	endgame trappedPiece
aersD	5r1k/1br3p1/1p3p1p/p3b3/B6q/P3R1NP/1P2QPP1/4R1K1 b - - 1 29	b7c6 a4c6 c7c6 e3e4 e5g3 e4h4	2353	middlegame
XEZSS	2n5/ppk1b3/3p1np1/3Pp1q1/1P2PpB1/5P1Q/P3K3/4B3 b - - 7 49	c7b6 e1h4 g5h4 h3h4	2353	middlegame
h4WHI	8/2k2bp1/3p4/ppp2PK1/4P3/P1P2B2/2P5/8 w - - 0 35	f3h5 f7h5 g5h5 a5a4 h5g6 b5b4 g6g7 b4a3 f5f6 a3a2 f6f7 a2a1q	2354	advancedPawn endgame pin promotion quietMove
0EydC	r5k1/p5p1/2pQ3p/n7/4PBb1/2N2rPq/PPP2P1P/R4RK1 w - - 2 21	d6c5 f3f4 f2f3 f4f3 f1f3 g4f3	2354	middlegame
9tULg	8/6bk/p3P1pp/8/P1p1q3/6B1/6PP/5Q1K w - - 0 42	f1e1 e4e1 g3e1 h7g8	2358	defensiveMove endgame
zBoci	r1bq1rk1/1p2bpp1/p1n1p2p/6N1/3pQ2P/PB6/1PPB1PP1/R3K2R b KQ - 0 15	h6g5 h4g5 f7f5 b3e6 c8e6 e4e6	2360	kingsideAttack middlegame
LQpJ8	8/1r1rp1Q1/1p6/5p2/P1Ppk3/8/P4K2/8 b - - 5 45	e7e5 g7g3 d4d3 g3e3	2360	endgame mate mateIn2
jISzK	8/pp6/8/2P5/1P6/Pk4K1/8/8 w - - 1 54	g3f4 a7a6 f4e4 b3a3 c5c6 b7c6	2360	endgame pawnEndgame quietMove
lxJat	1k6/pp2r1pp/3p4/8/1N1Pr3/P2Rn1P1/1P5P/2R3K1 b - - 0 27	h7h5 d3b3 a7a5 b4c6 b8a8 c6e7	2363	endgame pin
7UQLd	Q7/Rrk2p1p/3p1qpb/2pP4/2P1Pn2/1P1p1P1P/2KNBP2/R7 w - - 0 32	c2c1 f6c3 c1d1 d3e2 d1e1 f4d3 e1e2 c3d2 e2f1 d2f2	2364	advancedPawn exposedKing mate middlegame
nfCv8	8/1p6/4b3/4pp2/3pPk2/pPrB1P1R/P1PK4/8 w - - 0 38	d2e2 f5e4 h3h4 f4g3 h4e4 e6f5 e4e5 f5d3 c2d3 c3c2	2365	endgame
Iarxv	8/2r1k1R1/R7/p2K4/2r5/8/8/8 b - - 1 60	e7d8 a6a8 c7c8 a8c8 c4c8 d5d6 d8e8 g7g8 e8f7 g8c8	2368	endgame exposedKing rookEndgame skewer
Nnq1K	8/2r5/1R1k4/P1p5/2K5/8/8/8 b - - 2 52	c7c6 c4b5 c6b6 a5b6 c5c4 b5a6 c4c3 b6b7 d6c7 a6a7 c3c2 b7b8q	2368	advancedPawn endgame promotion rookEndgame
IOfh1	6k1/6bp/2PP4/1B3b2/4p1p1/1P2B3/2K2PP1/7r b - - 0 31	h1h2 d6d7 f5d7 c6d7 g7f6 b5c4	2371	advancedPawn endgame
OpgEn	r3r1k1/4qp2/7p/1pp1p1pn/2b1P3/2P2NB1/1PQ2PPP/R2R2K1 w - - 4 22	g3e5 a8a1 d1a1 g5g4	2373	middlegame
2tfbk	5k2/7p/4B1p1/p4P2/8/5Q1P/1r3PK1/4q3 b - - 2 45	g6g5 f3a8 f8e7 a8a7 e7f6 a7f7 f6e5 f7g7	2373	endgame exposedKing
Py6Xs	1k5r/2p1b3/2n5/1p1pP1q1/3Pp1np/2P1PbP1/1PB5/R1B1KQ2 b Q - 1 34	h4g3 f1b5 b8c8 a1a8 c8d7 b5d5	2374	fork middlegame
7HjqC	6k1/p3p1b1/2qpPr1p/2pR4/1p2NpQP/8/PP3PP1/6K1 b - - 1 26	c6d5 e4f6 e7f6 e6e7 d5e5 g4d7	2378	advancedPawn clearance endgame kingsideAttack pin
57iDn	8/6p1/7p/8/4kPP1/7P/2K5/8 w - - 4 61	g4g5 h6h5 f4f5 e4f5	2386	endgame pawnEndgame quietMove
hjJh3	8/2n1k3/1p2p2p/p3P2P/P2K2B1/1P6/8/8 b - - 39 61	b6b5 d4c5 b5a4 b3a4 c7d5 c5b5 e7d7 b5a5 d5e3 g4e2	2388	defensiveMove endgame
YwuCI	r3r1k1/pp3ppp/1q3b2/3n1Q2/8/2NB2PP/PPP5/R1B1K2R w KQ - 1 18	e1d1 d5c3 b2c3 g7g6 f5f4 f6c3	2389	intermezzo middlegame
amo5c	r6k/1b4pp/pP2p1r1/2p2q2/1PBPp2Q/P6P/5PP1/4RRK1 w - - 0 29	d4c5 f5f3 h4g4 g6g4	2389	middlegame pin
ml7DK	r3r1k1/5pp1/7p/pp1p4/2pPbPPP/4N3/PP2R3/K3R3 b - - 1 27	a8b8 e3d5 b8d8 d5c7 e8e7 c7b5	2398	endgame
GPNdz	8/p4N2/8/2p2KP1/3b4/kP6/P7/8 b - - 0 40	a3a2 f7e5 d4e3 g5g6 e3h6 f5f6 a7a5 e5g4	2400	endgame quietMove
0aX8g	8/3k4/pR4p1/P3P2p/2pp1P1P/4n1K1/8/8 w - - 2 36	b6d6 d7c7 d6a6 c4c3	2400	defensiveMove endgame
8iSgl	2rr2k1/5pp1/p1b1p2p/q7/5Q2/1B4R1/P1P3PP/5R1K b - - 5 25	a5c7 f4f6 c7g3 f6f7 g8h7 h2g3	2401	intermezzo middlegame pin sacrifice
lTlAW	8/5pkp/5p2/8/1Q2p3/1P2P2P/r1q2PP1/3RK3 w - - 5 35	d1d2 a2a1 e1e2 c2b1 b4e4 b1e4	2407	endgame
OoNBB	3rr1k1/ppq2pbp/2ppn1p1/5b2/2PPN3/1P4P1/PB3PBP/2RQR1K1 b - - 0 18	c7b6 e4d6 d8d6 c4c5 d6d4 b2d4	2408	fork middlegame sacrifice
3dYEB	8/8/p1p1k3/3pp2p/P1p1P2P/1P1PK3/8/8 w - - 0 46	b3c4 d5c4 e3d2 e6d6 d3c4 d6c5 d2c3 a6a5 c3d3 c5b4	2409	endgame pawnEndgame quietMove zugzwang
wgl4G	4r1r1/ppq2p1k/2p2Rpp/5bRQ/2P1B3/1P1P2PP/P6K/8 w - - 4 28	e4f5 c7e7 g5g6 e7e2 h5e2 e8e2 h2g1 f7g6	2409	middlegame
yUxY4	r1bqkb1r/1p3ppp/p1p1p3/3n4/1P2N3/3B2P1/PPQB3P/R4R1K b kq - 2 18	f8b4 d2b4 d5b4 c2c5 d8d3 e4d6 d3d6 c5d6	2410	middlegame sacrifice
PtM8k	r1r1k3/3p1pq1/p1b1pN2/1pR1PnQ1/3P4/7R/P4PPP/6K1 b - - 6 35	e8d8 f6d5 f7f6 e5f6	2411	discoveredAttack middlegame
0brEY	1r4k1/1b3pp1/pR2p1np/1p2P3/8/1B3PB1/PP4PP/6K1 b - - 0 28	g8f8 b3c2 b8c8 c2g6 c8c1 g1f2 f7g6 b6b7	2416	endgame
EJSr6	rnbqr1k1/2p2ppp/1p1P4/8/2B5/4BQ2/P4PPP/5RK1 b - - 0 18	c7c6 f3f7 g8h8 e3d4 e8g8 f1e1	2417	defensiveMove middlegame
dGFrK	8/2K1kp2/4p1pp/4P3/5PPP/8/8/8 b - - 3 40	f7f6 g4g5 f6g5 f4g5 h6g5 h4g5	2418	endgame pawnEndgame
ymzu6	8/p3k1p1/1p1bp1r1/3q1p1p/1P1P1P1P/P2Q2P1/1B3K2/4R3 w - - 4 32	e1e2 d6f4 g3f4 d5h1 f2e3 g6g3 e3d2 g3d3	2420	endgame sacrifice skewer
Yj0qi	8/2kr2p1/2p4p/1p2RP1P/pP1K2P1/P7/8/8 w - - 1 33	d4c5 c7b7 g4g5 h6g5 h5h6 g7h6 f5f6 b7c7 e5f5 d7f7	2422	endgame rookEndgame
zONHT	4r1k1/5pbp/r2p2p1/2p5/2Pq4/7P/P1QB1PP1/1R1R2K1 b - - 1 24	e8e2 b1b8 g7f8 b8f8 g8f8 d2h6	2424	attraction kingsideAttack middlegame sacrifice
R4xUZ	r1b2rk1/pp1p1p2/3PpBpp/3qP3/1n6/1P3N2/5PPP/2Q2RK1 b - - 1 19	g8h7 f3g5 h6g5 c1g5 d5d4 g2g4 d4f4 g5f4	2426	middlegame quietMove sacrifice
GdsSm	6K1/R3k1P1/8/8/8/8/p5r1/8 b - - 2 56	e7f6 g8f8 g2c2 a7a6	2426	endgame rookEndgame
2tpsg	8/2p1k1p1/2p4p/p3K2P/P7/2P5/6P1/8 b - - 0 39	e7f7 e5d4 f7e6 d4c5	2427	endgame pawnEndgame
VFPcx	3q4/pp3p1k/2p3pn/8/5NP1/1PQ1PP2/P2r2K1/2R5 w - - 3 29	g2g3 h6f5 g4f5 d8g5 g3h3 g5f5 h3g3 f5g5	2427	endgame sacrifice
kLqtN	8/4k3/4B1P1/3P2K1/7r/8/8/8 b - - 8 63	h4h1 g6g7 h1g1 e6g4 e7f7 d5d6	2427	endgame
MxXxe	4r1k1/2R4p/6p1/3pp1QP/8/1P3P2/1q4PK/r7 b - - 3 37	e5e4 g5d5 g8h8 d5f7 b2e5 f3f4 e5c7 f7c7	2428	endgame
RgdEw	8/5p2/p2Pk2p/7P/4p1P1/8/P5K1/8 w - - 3 44	g2f2 e6d6 g4g5 d6e7 g5g6 f7g6	2428	endgame pawnEndgame
d488L	r4rk1/pp5p/2p1P1p1/3p4/3Bn3/1P3RP1/P5PP/5RK1 b - - 0 26	e4d2 f3f7 f8f7 e6f7 g8f8 d4c5	2429	advancedPawn endgame kingsideAttack
uwyj0	2k3rr/2pqbp2/p1np1P1p/1p6/1P2PP2/2P2N1p/P1B3P1/R1BQ1RK1 w - - 0 19	f6e7 g8g2 g1h1 d7g4 f1g1 g2g1 d1g1 g4f3	2431	kingsideAttack middlegame
CnRwG	r1b3rk/1p3ppp/p3p3/6Q1/8/2P2NR1/1q3PPP/5RK1 b - - 3 23	f7f6 f3h4 b2c2 h4g6 c2g6 g5g6	2432	kingsideAttack middlegame quietMove
vxzma	8/8/6p1/3kn3/2p2K2/1N3P2/7P/8 w - - 0 48	b3c1 e5d3 c1d3 c4d3 f4e3 d5c4 e3d2 g6g5	2433	defensiveMove endgame
Gfqzy	4rk1r/p2q1pbP/3p1Np1/8/2p1PQ2/8/PPK5/7R b - - 2 33	g7f6 f4f6 d7a4 c2c1 a4a2 f6h8 f8e7 h8e8	2433	endgame trappedPiece
BbzGo	6r1/1b3q2/p3rbkp/1p6/2p1p1P1/2P1B3/PPB2PQ1/3RR2K b - - 0 34	f6g5 f2f4 g5f4 e1f1 f4e3 f1f7	2434	middlegame
Ipe04	8/3k1p2/2r5/p2KPP1p/R1p4P/8/8/8 w - - 0 57	a4c4 c6c4 d5c4 d7c6 f5f6 c6d7	2435	defensiveMove endgame rookEndgame
5DRSt	5rk1/1p1q1rpp/1p2pn2/4Q1B1/3pP3/P1P5/1P4PP/R4RK1 w - - 0 20	c3d4 f6g4 f1f7 f8f7 e5b8 f7f8	2435	middlegame
vNF6I	r7/pp3pkB/1b3p1p/3pn3/3N4/2P4q/PPQ2P2/4RRK1 w - - 0 23	h7f5 e5f3 d4f3 h3g3 g1h1 g3f3	2436	fork middlegame pin sacrifice
uFVtJ	r4rk1/p1qn1ppp/1p2p3/2b3B1/6Q1/5N2/PPP2PPP/3R1RK1 b - - 2 15	g8h8 b2b4 c5d6 g4d4 d7e5 d4d6 e5f3 g2f3	2438	middlegame
cKzpN	8/8/1PK2p2/k1P1bP2/4P3/8/8/8 w - - 2 61	b6b7 a5a6 b7b8r e5b8 c6d7 b8e5	2439	defensiveMove endgame
DAaZS	2r2rk1/ppb2pp1/b7/2Pp1N2/8/2P1q3/PP1N4/2K3RR b - - 1 24	e3e5 g1g7 e5g7 f5e7	2445	kingsideAttack mate mateIn2 middlegame sacrifice
hyhwK	2b1r2k/P7/3p4/2pP2q1/2P1p2p/2P2p1P/2Q1BPP1/4R2K w - - 0 34	g2f3 e8g8 f3f4 g5g2	2446	endgame mate mateIn2 quietMove
M6kln	8/8/1n1k2p1/p2p4/P2P4/3NKP2/8/8 w - - 4 49	d3b2 b6c4 b2c4 d5c4 e3e4 g6g5 d4d5 c4c3 e4d3 d6d5 d3c3 d5c5 c3d3 c5b4	2447	endgame quietMove zugzwang
8sscS	4rr1k/1pp2p1p/p2p1q2/P6b/1P1bPp1N/3B3P/8/R1B1QR1K w - - 0 21	f1f4 f6e6 e1f1 d4a1	2450	middlegame
wCB3e	3rnrk1/2p2pp1/pq5p/1p2p3/3nB2N/2R3RP/PP1Q1PP1/7K b - - 0 25	e8f6 d2h6 d4f5 h4f5 d8d1 h1h2 f6g4 g3g4	2450	middlegame pin
QxtJV	r3r1k1/pp3ppp/2p5/8/3qnBb1/P2B2Q1/P1P3PP/R4R1K w - - 0 16	g3g4 d4a1 f1a1 e4f2 h1g1 f2g4	2450	fork middlegame sacrifice
MR18I	1r3r2/p2Pk2p/1p2P1p1/2pq4/8/4Q1P1/P6P/R3R1K1 b - - 1 30	f8f5 a1d1 d5f3 e3d2 f3f2 d2f2	2454	endgame quietMove
es41e	5k2/PK3p2/3qp3/6p1/3p2P1/3Q4/7P/8 b - - 16 65	d6b4 b7c6 b4a4 c6b6	2457	defensiveMove endgame
MsRZJ	1r1rk3/pb3p2/1p2p1pQ/2pPq3/8/P1N5/1P3PPP/RB3K1R w - - 1 22	d5e6 d8d1 c3d1 b7a6 b1d3 a6d3 f1g1 e5e1	2458	mate middlegame sacrifice
ERfn6	5rk1/pp4bp/2p1p1p1/3p4/1PPP4/BN2qpPP/P1Q4K/2R5 w - - 2 25	c1f1 e3e2 c2e2 f3e2 f1e1 d5c4 e1e2 c4b3	2458	advancedPawn capturingDefender fork middlegame
d9XHr	8/8/4B3/7p/4R1p1/2r3k1/4K3/8 w - - 0 52	e4e3 c3e3 e2e3 g3h2 e3f4 g4g3	2459	endgame
tCbDH	r2qr3/p4pkp/2p3p1/3n4/4N3/1P4Pb/P1P1PP1P/RN1QR1K1 w - - 4 16	f2f3 e8e4 f3e4 d8b6 e2e3 d5e3	2459	kingsideAttack middlegame sacrifice
mkeMo	8/8/p7/3k1p1p/PP2p2P/2K3P1/8/8 w - - 0 46	c3b3 d5d4 a4a5 e4e3 b3c2 d4c4	2459	endgame pawnEndgame
h1PgL	1Q5r/p1pkqNp1/3b1n1p/5p2/2B5/2N5/PPPP2PP/R1B3K1 w - - 1 14	f7h8 e7e1 c4f1 d6c5 d2d4 c5d4 c1e3 e1e3 g1h1 e3g1	2469	kingsideAttack mate middlegame
Lhcoq	k2r4/p1q2p1p/4ppr1/2Pn4/Q2P4/1R3P1P/P5P1/1R4K1 b - - 1 28	g6g8 c5c6 d5e3 b3e3	2469	middlegame
sQ46K	8/8/p2pPk1P/1p1P3b/1P3K2/P7/8/8 b - - 2 54	f6g6 h6h7 g6h7 f4g5 h5g6 g5f6 h7h6 f6e7 h6g7 e7d6	2472	advancedPawn endgame
nucdD	4rrk1/pbq3pp/1p1b4/2p1p3/2PpNP2/3Q2P1/PP1BR2P/4R1K1 b - - 1 28	e5f4 e4g5 g7g6 e2e8	2473	discoveredAttack middlegame
0BTYG	r2q1r1k/pp2p1b1/6Q1/5p1p/1n1PB1b1/2N2NP1/PPP3P1/2KR3R w - - 0 21	e4d5 f8f6 h1h5 g4h5 g6h5 g7h6 c1b1 b4d5 c3d5 d8d5	2476	middlegame
8Wfvd	1r6/3N1k2/p3p3/3p1pr1/3P1pP1/1PP1nP2/1P2R3/4R1K1 b - - 1 30	f5g4 e2e3 g4f3 g1f1 f4e3 d7b8	2478	endgame
6amMA	8/7p/4P2k/3p1R2/3P2r1/6p1/6K1/8 b - - 0 45	h6g6 f5e5 g4e4 e5e4	2484	endgame rookEndgame
t8UTV	2r3k1/1b3RPp/p2p4/1p4P1/3QP1qP/P2P4/BP6/6K1 w - - 1 28	g1f1 c8c1 f1f2 c1c2 f2e1 g4e2	2485	endgame exposedKing mate mateIn3
3wH4t	8/7p/8/5pp1/8/1r2Q1P1/1kp2K1P/8 w - - 9 49	e3d2 b2b1 d2d5 c2c1q d5b3 c1b2	2488	advancedPawn endgame promotion
idFss	4q1n1/1b5k/1p1p2pp/8/2p5/2r4P/4N1PK/1QB2R2 b - - 0 36	e8e2 f1f7 h7h8 b1g6 e2g2 g6g2 b7g2 c1b2 g8f6 b2c3	2489	deflection fork middlegame pin
bON9g	6k1/p4p2/bp2PQ2/2q2B1p/4P3/6P1/P1p3KP/8 b - - 0 34	a6f1 g2h1 c5f5 e6f7	2491	advancedPawn defensiveMove endgame sacrifice
voqyh	r7/2Q4p/P5pk/5p2/3P1R2/2P3qP/1P2r1P1/R6K w - - 7 32	c7c6 a8a6 a1g1 a6c6	2493	endgame
vtLgG	6k1/6p1/2p1p1P1/b1PpP1PP/1p1P4/8/3B4/5K2 w - - 1 37	h5h6 b4b3 d2c1 a5c3 f1e2 c3d4	2493	clearance endgame
WRc1q	7r/1pk4p/n1p1p3/R2p1pp1/3P4/1QP2PKB/1P2q3/7R w - - 0 26	h3f1 f5f4 g3g4 e2f2 g4h5 f2f3	2496	middlegame
PXbqV	8/5k2/pp3p1p/5K1P/1PP5/8/8/8 b - - 0 48	a6a5 c4c5 b6b5 b4a5 b5b4 f5e4 b4b3 e4d3	2496	defensiveMove endgame pawnEndgame
46My0	5Q2/1p6/3k3K/3qr3/5R1P/8/8/8 b - - 0 59	e5e7 f8d8 e7d7 d8b6 d5c6 f4f6	2499	endgame exposedKing
shR57	2kr2r1/p1p2p2/2p4p/2q5/2P1Ppb1/3P1N2/P3QPP1/1R3RK1 w - - 0 25	b1b3 c5h5 e2b2 g4f3 b3b8 c8d7 b8d8 g8d8	2500	middlegame pin quietMove
943g7	r5k1/p1pq2pn/7B/2bpP3/7P/2P3Q1/P5P1/5R1K b - - 0 26	g8h8 e5e6 c5d6 g3g4 d7e7 f1f7 e7f7 e6f7	2502	advancedPawn middlegame
u6Lnd	4n3/p7/7p/1p1kP3/2p1NKP1/8/PP6/8 w - - 0 47	e4f6 e8f6 e5f6 d5e6 g4g5 h6h5	2502	defensiveMove endgame
Melbp	r2r4/pQ2bkpp/2p2n2/2q5/4N3/5R2/PP3P1P/4R1K1 b - - 3 24	c5h5 b7e7 f7e7 e4f6 h5e5 e1e5	2502	discoveredAttack middlegame sacrifice
35P3M	8/4k3/6P1/pBp1r3/P1P2K2/8/8/8 b - - 6 63	e5h5 g6g7 h5h4 f4g3 h4h1 g3g2	2504	advancedPawn defensiveMove endgame
yOPHs	4rrk1/pp1P2bp/6p1/2p2b2/4n2q/P1PNp2P/1P2Q1BB/K2R3R b - - 0 26	e4c3 d7e8q f8e8 b2c3 h4c4 e2a2	2505	advancedPawn clearance intermezzo middlegame pin promotion
19vpE	8/2p5/1pPp2p1/3Ppk2/PP4R1/2K2P1r/8/8 w - - 1 43	g4g2 e5e4 c3d4 e4f3	2505	endgame pin rookEndgame
fvN9a	4k3/3n1pp1/p1Np2p1/Pp1P2P1/1P2KP1P/8/8/8 b - - 3 45	e8f8 c6a7 f8e8 a7c8	2507	endgame
eVT6f	1k1r3r/ppp5/8/1P2q3/P1Q3p1/2nPR1Nb/5P2/R5KB b - - 0 27	e5f6 a1c1 h8f8 c1c2	2508	middlegame
vr9eZ	8/4k3/8/7p/5PpP/6K1/8/8 w - - 0 62	f4f5 e7d6 g3f4 d6d5 f4e3 d5e5	2510	endgame pawnEndgame zugzwang
9IQIA	r4rk1/pQ4pp/8/8/8/4B2P/q4PP1/3R2K1 b - - 0 24	a2a3 e3d4 f8f7 b7a8	2511	endgame
BJOxR	8/1qrpn1k1/p2Rppp1/2r5/1p3P1N/2PQ4/PP4PP/1K1R4 w - - 0 29	d6d7 c7d7 d3d7 c5c7 d7d3 b4c3	2511	middlegame
EGA1x	6k1/3R4/p5p1/3K1p1p/3B4/8/3r4/8 b - - 9 47	f5f4 d5e6 d2e2 d4e5 e2e5 e6e5	2513	defensiveMove endgame
Q7kSC	1k1r1q1r/pp1b1pp1/7p/3R4/4BP2/8/PPQ2PP1/1K2R3 b - - 0 22	d7e6 d5b5 e6c8 e4b7 c8b7 c2c6	2517	discoveredAttack middlegame pin sacrifice
EaUrf	8/3k2pR/8/2KP1p1P/6r1/8/8/8 b - - 0 47	f5f4 h5h6 f4f3 h6g7 d7e8 h7h8	2519	advancedPawn endgame rookEndgame
L9BTo	4rk2/1pq2pR1/p1nr1n1Q/8/4p3/7P/PP3PP1/1B2R1K1 b - - 0 28	f6g8 g7f7 f8f7 h6h7 f7f8 h7c7	2521	attraction doubleCheck middlegame sacrifice skewer
WmFQT	rq2k2r/p4pbp/bp2p1n1/1Np3B1/P1p1p3/8/1PPN2PP/1R2QRK1 b kq - 0 17	b8e5 d2c4 e5g5 c4d6 e8f8 d6f7	2521	middlegame sacrifice
3xi11	6k1/5p2/1q2p1p1/3p1p2/1Pr2P2/4P2P/1P4P1/R3Q1K1 b - - 1 35	c4b4 a1a8 g8g7 e1c3 d5d4 c3c8	2522	endgame
8or0L	1r6/1PR3p1/5p2/5k2/5P1p/4K2P/8/8 b - - 3 41	g7g5 f4g5 f6g5 e3f3 f5e5 f3g4	2522	endgame rookEndgame zugzwang
SoLKv	8/6k1/3bp1p1/7p/7Q/2P3NP/1P2q1PK/8 w - - 0 48	h4d4 e2e5 d4e5 d6e5 h3h4 g6g5 h4g5 h5h4	2524	defensiveMove endgame pin
GvX6Y	8/ppp2k1p/3p3P/2P5/4P3/1P6/P3K3/8 w - - 1 35	e2d3 d6c5 d3c4 f7e6 c4c5 e6e5	2528	endgame pawnEndgame
LaahR	2r1r2k/p1R2Qpp/8/8/4q3/1P3RP1/7P/7K b - - 2 32	e4e1 h1g2 e8e2 g2h3 c8g8 f3f1 e1f1 f7f1	2530	endgame
FAQqP	r2q1rk1/pp1nbppp/2p1pN2/6B1/3P4/3B1Q1P/PPP3P1/4RRK1 b - - 0 13	e7f6 f3e4 g7g6 f1f6 d7f6 e4h4	2531	discoveredAttack middlegame sacrifice
hHg5V	8/4k1p1/1K5p/2P2r1P/8/2P5/5p2/5R2 b - - 1 50	e7d7 c5c6 d7d8 f1d1	2533	endgame rookEndgame
V1MTD	8/8/2p3kp/p2p1pp1/P2P1PP1/5K1P/8/8 b - - 3 35	h6h5 g4h5 g6h5 f4g5 h5g5 f3g3	2534	defensiveMove endgame pawnEndgame zugzwang
TdV6t	bR1r2k1/P4pp1/7p/3q4/P2p4/4p2P/2PQBPP1/6K1 w - - 0 27	e2f3 e3d2 f3d5 d2d1q g1h2 d8f8 d5a8 d1c2	2534	advancedPawn endgame promotion
ogx12	k3r3/1pp2p1p/p3b1p1/8/1P2q3/P5B1/3R1PPP/2Q3K1 w - - 4 27	g3c7 e6d5 c1f1 d5c4 f2f3 e4c6 d2c2 c4f1 c2c6 b7c6	2535	clearance endgame quietMove
52DZU	R7/2Q2ppk/2p4p/5Pqb/4r3/7P/5BPK/8 b - - 0 28	e4e2 c7c8 g5f4 h2h1 e2e8 c8e8	2539	defensiveMove endgame
c9HBV	8/1n3Qbk/p5p1/1p2B1Pp/3p2qP/PB1P4/1P6/7K b - - 2 42	g4h3 e5h2 h3c8 b3e6	2539	endgame
tpjBv	1r3r2/p4k1p/2p5/1P1pp3/P3P3/6Qp/4q1PP/5RK1 b - - 3 31	f7e7 g3e5 e7d7 b5c6 d7c6 e4d5 c6d7 e5e2	2541	attraction discoveredAttack endgame exposedKing
FD35g	2r3k1/ppN2p1p/2p3p1/5qPP/2pP1n1R/P4Q2/1PP2P2/2K1R3 w - - 1 27	h5h6 f4d3 c2d3 f5f3 c7e8 f7f5	2543	defensiveMove discoveredAttack middlegame
xHDe9	1kr5/1q3p2/1P2p1p1/1Q1pP1P1/8/1N4P1/5PK1/8 b - - 1 53	c8c6 b3c5 c6b6 b5e8 b8a7 c5b7	2544	endgame exposedKing
3jS8h	r1b2rk1/3qnppp/p1nbp3/3p2BP/1P1P2P1/2NB1N2/1PPQ1P2/2K1R2R b - - 0 15	c6b4 d3h7 g8h7 h5h6 g7g6 g5f6	2544	kingsideAttack middlegame sacrifice
SPeB1	8/8/3k4/1Kp1pp1p/p6P/P4P2/2P3P1/8 w - - 0 45	b5a4 e5e4 a4b3 e4e3 b3c3 c5c4	2545	defensiveMove endgame pawnEndgame
R25uq	5rk1/pp3ppp/3bp3/q2nN3/3Pn3/P3PN1P/1BQ2PP1/2R3K1 b - - 2 21	e4f6 e5c4 a5a6 c4d6 a6d6 e3e4 f6e4 c2e4	2545	fork middlegame
iQT4C	2kr1r2/pppq2pp/3p4/4n3/2n1P3/P1NQ4/1PP2PPP/R1B2RK1 w - - 3 15	d3d4 e5f3 g2f3 c4e5 d4e5 d6e5	2545	middlegame sacrifice
ci5yz	8/1p2q2k/1pp5/4p3/4Ppr1/P5n1/1PP2QP1/3RR1K1 w - - 0 34	d1d2 g4h4 f2b6 h4h1 g1f2 g3e4	2547	endgame quietMove
j1ES2	8/8/2p2k1p/pp3P1p/4K2P/P1P5/2P5/8 w - - 0 37	e4f4 a5a4 f4e4 c6c5 e4d3 f6f5 c3c4 b5b4	2548	endgame pawnEndgame quietMove
vGMEk	r7/1p2r1p1/2p2kp1/2q5/6PQ/1p1R4/PPP5/2K1R3 b - - 7 30	f6f7 e1e7 c5e7 d3f3 f7e8 h4h8 e8d7 f3d3	2548	endgame
DKH2j	8/6p1/8/ppp1k2p/4P2P/2P1K1P1/P1P5/8 w - - 0 29	a2a3 a5a4 e3d3 g7g6 d3e3 b5b4 c3b4 c5b4 e3d2 b4a3	2549	endgame pawnEndgame quietMove zugzwang
QSwQ1	6nk/pq2bQp1/8/1p2P1PP/3P3R/8/P1rBKP2/8 b - - 2 29	b5b4 h5h6 c2d2 e2e1 g7h6 g5g6	2551	defensiveMove middlegame sacrifice
driAR	2b1kq2/pr3Nb1/2pp2Q1/2p5/4p3/3P2R1/PPP3PP/5RK1 b - - 0 27	b7f7 f1f7 g7d4 f7f2	2553	discoveredAttack middlegame
SGJuE	8/1p6/6p1/2Rb2p1/1R4P1/1r6/1pk4K/8 b - - 7 59	c2d1 c5d5 d1c2 d5c5 b3c3 c5b5 b2b1q b4b1	2555	endgame hangingPiece
nJING	1Q6/Rb3rk1/2p1p1pp/2PpP3/5P2/6PK/1q5P/5B2 b - - 7 33	h6h5 a7a8 b7a8 b8b2	2557	endgame quietMove
UiIiP	r3r1k1/1p2bppp/p5n1/3R2B1/6q1/1B6/PPQ2PPP/4R1K1 w - - 1 20	g5e7 g6h4 f2f4 h4f3 g1f1 f3e1	2558	kingsideAttack middlegame pin
lgCDU	8/5p2/p6p/Pp1k2p1/2pP2P1/2P2P2/7P/4K3 w - - 0 34	e1f2 b5b4 c3b4 c4c3 f2e2 d5c4 d4d5 c4d5 e2d3 c3c2 d3c2 d5c4 b4b5 c4b5	2558	advancedPawn endgame pawnEndgame
ANJf2	3r1rk1/8/4R2p/p7/1p3ppQ/3q4/6PP/4R2K b - - 5 41	d8d6 h4g4 g8h8 e6d6 d3d6 e1e6 d6e6 g4e6	2559	endgame
bUjAJ	8/8/4k3/2R1P1pp/5p2/1P1K3P/r5P1/8 w - - 7 46	c5c2 a2c2 d3c2 g5g4 h3g4 f4f3 g2f3 h5h4 c2d2 h4h3	2559	endgame quietMove rookEndgame sacrifice
05SOm	6rk/3b1prp/p2p1Q2/2pPp3/3qP1P1/5B1P/5PK1/R6R w - - 3 26	f6d6 d7g4 h3g4 g7g4 f3g4 d4e4 g2f1 e4h1 f1e2 h1e4	2561	deflection fork middlegame pin sacrifice skewer
pb3Uj	1k2r3/1p1Q1pp1/p4qp1/8/4n1P1/1N2P3/PP3r2/1KR2R2 b - - 1 28	e8d8 d7c7 b8a8 f1f2 e4f2 b3c5	2562	middlegame
DGsUP	5r1k/3q2pp/4Rp2/3n3N/2pP2Q1/1r5P/5PP1/2R3K1 b - - 0 34	c4c3 e6e8 d7f7 g4d7 h8g8 e8f8	2562	clearance middlegame
Tcp4I	2r3k1/p4pbp/bpq1p1p1/3p4/1B1P4/P2NP3/1P2QPPP/5RK1 w - - 6 22	e2d2 c6b5 f1c1 c8c1 d2c1 b5d3	2563	middlegame
POR1a	2rqr1k1/5ppp/4p3/1b6/3QB3/8/P4PPP/3R1RK1 w - - 3 23	e4h7 g8h7 d4e4 f7f5 e4b4 b5d7	2565	defensiveMove hangingPiece middlegame
RTj0C	8/5R1P/2k3K1/1p6/8/8/8/7r b - - 5 66	b5b4 f7f6 c6b5 f6f5 b5a4 f5h5	2567	endgame exposedKing rookEndgame
M8BFB	8/2K5/7k/1PR3p1/8/8/8/1r6 b - - 1 55	g5g4 b5b6 g4g3 c5c3 g3g2 c3h3 h6g6 h3g3 g6f6 g3g2	2567	endgame exposedKing rookEndgame
XShUG	r1bq1rk1/p1p2ppp/2pp4/8/1b2PPn1/2NB4/PPP3PP/R1BQ1RK1 w - - 1 10	d1f3 b4c5 g1h1 g4h2 f3g3 h2f1	2573	kingsideAttack opening
t8NQw	8/r4p2/1p6/1P2k1p1/2P3P1/pK6/R7/8 w - - 2 41	a2a3 a7a3 b3a3 f7f5 g4f5 e5f5	2581	endgame rookEndgame
h0LPu	8/p4Qpk/4p2p/1Pbpq3/8/5P2/6PP/3R3K w - - 1 32	f7b7 c5d6 g2g3 e5e2 d1g1 d6c5 h2h3 c5g1	2583	endgame quietMove
gTWed	8/6p1/p1pk1p2/1p2pP1p/1PP1K3/1P6/5PPP/8 w - - 0 33	f2f3 b5c4 b3c4 c6c5 b4b5 a6b5 c4b5 c5c4	2584	defensiveMove endgame pawnEndgame
vEvP1	8/p1rk4/R1p4p/2P1p1pP/P3K1P1/2P5/8/8 w - - 9 40	c3c4 d7c8 e4e5 c8b7 a6a5 c7f7	2588	defensiveMove endgame rookEndgame
gVbMF	rn1b2k1/p1q2pp1/1pp2B1p/5N2/1PP5/P4P2/2B3PP/4R2K b - - 0 32	g7f6 e1e8 g8h7 f5g3 f6f5 c2f5 h7g7 g3h5	2589	discoveredAttack kingsideAttack mate middlegame
Js8ib	3r2k1/p1R2p2/1p4p1/5n2/6R1/1PB2P2/P4r1P/7K w - - 0 26	c7a7 f5h4 c3d4 d8d4	2595	endgame
LuAvp	rn3bkr/ppp3pp/8/3qN3/3Pp1Q1/8/PPP2PPP/RNB3K1 b - d3 0 10	e4d3 b1c3 h7h5 g4f5 d3d2 c1d2	2600	middlegame
xMMH0	6R1/2P5/3K4/8/2r3kp/8/8/8 b - - 2 57	g4h3 g8g5 c4c7 d6c7 h3h2 c7d6 h4h3 d6e5 h2h1 e5f4 h3h2 f4g3	2600	endgame quietMove rookEndgame
b10MQ	4r1k1/5pp1/3p2p1/2p5/2P2RP1/q6P/1R3QK1/4r1N1 w - - 2 39	b2e2 e1g1 g2g1 e8e2 f2e2 a3g3 g1h1 g3f4	2600	fork middlegame sacrifice
mnuU9	8/7p/6p1/1N4P1/p1K5/7k/8/8 w - - 0 82	b5c3 a4a3 c4b3 h3g4 c3e4 g4f5 e4f2 f5g5	2601	endgame
RNT96	r2r2k1/1R3ppp/B1n1pq2/8/5b2/5N2/P3QPPP/3R2K1 w - - 1 19	b7d7 d8d7 d1d7 c6b8 a6b7 a8a7 d7d4 a7b7	2602	middlegame
Bs4Jl	4rr1k/pp1q2p1/2n4p/2R5/2BP4/1QP2PP1/PP1N2K1/8 w - - 7 25	d2e4 e8e4 f3e4 d7g4 b3c2 f8f3	2602	middlegame sacrifice
cc9dR	r4k2/1bpnq1b1/1p5p/p6B/P2P1p2/1QP2N1P/1P3PP1/R5K1 b - - 0 24	d7f6 f3e5 b7e4 a1e1 f6h5 e1e4	2605	middlegame quietMove
5tKIo	2kr3r/1pq2p2/2p2nnp/4P3/5P2/2N1B3/PPQ1B3/2KR4 b - - 0 29	f6d5 e2g4 c8b8 c3d5 d8d5 d1d5 c6d5 e3a7 b8a7 c2c7	2606	deflection middlegame
flGkE	r1b2rk1/p4pp1/2p4p/4q3/1p3Qn1/1B6/PPP1N1PP/2KR3R w - - 0 19	b3f7 f8f7 d1d8 g8h7 f4f7 c8e6	2607	middlegame sacrifice
WAB5y	r2r2k1/1b2q2p/p5p1/1pp1np2/8/2P1PN1P/PP2QPP1/1BR1R1K1 w - - 0 22	f3d2 d8d2 e2d2 e7g5 f2f4 e5f3 g1f2 g5h4	2607	kingsideAttack middlegame pin sacrifice
psvXq	r1b2rk1/1p3p2/p1p3pQ/4b1B1/4P3/1PPq1RPP/1P4PK/R7 b - - 1 23	d3e4 a1a4 e4f3 g2f3 e5g7 h6h4	2608	defensiveMove middlegame
GheW8	1k5r/nBp2p2/QpPp1b2/p2P1Ppp/P3q3/N1P5/4r1PP/1R3RK1 w - - 13 29	f1f3 e2g2 g1g2 g5g4 b7c8 g4f3	2608	kingsideAttack middlegame sacrifice
XDOl9	4r1k1/p5pp/1p6/3R4/1PP4P/5pP1/P1QRrP1K/q7 w - - 1 31	c2f5 a1e1 f5f3 e2d2	2609	endgame
SJjJY	8/p4pk1/3q3p/2p2Pp1/N2bQn2/1P1P3P/P2R2P1/7K w - - 3 34	d2d1 f4h5 f5f6 d4f6 e4f3 h5g3	2609	endgame quietMove
rXuFJ	8/5p2/5n2/k1p1pPp1/N1P1p1P1/1P4K1/8/8 w - - 3 58	a4c5 a5b4 c5b7 b4c3 c4c5 e4e3	2611	endgame
M9I8P	6rk/pp3p1p/5qb1/3R1rbP/1P6/P4B1Q/5PK1/3R4 b - - 0 31	g6h5 d5f5 h5f3 f5f3	2611	middlegame
037KQ	r1r3k1/pR3pp1/4p2p/2p5/4Q3/q2B3P/P1P2PP1/6K1 b - - 2 20	g7g6 e4f4 c8f8 d3g6 f7g6 f4h6 a3c1 h6c1	2612	discoveredAttack endgame
oehdU	7R/5k2/5B2/8/4rn2/P7/3p4/1K3R2 w - - 3 43	f6g5 e4e1 b1b2 d2d1q f1f4 f7g6 h8g8 g6h7	2612	advancedPawn endgame promotion
4vi45	4r3/1p1q2k1/3p1pn1/p1pQ3p/2P1nPP1/PP2P2P/1B6/4RRK1 w - - 0 26	g4h5 d7h3 f1f2 g6h4	2612	defensiveMove middlegame
XULWG	8/3b4/4p3/1p1pPpkp/1P1P4/6P1/4BPK1/8 b - - 4 36	h5h4 f2f4 g5h6 g3g4 f5g4 e2g4	2614	endgame
jAbwm	8/8/1R5p/5ppk/5P2/6PK/1p5P/1r6 w - - 0 52	f4g5 b1g1 g5h6 b2b1q b6b1 g1b1 h6h7 b1b8	2616	advancedPawn clearance defensiveMove endgame promotion rookEndgame
n5fsz	r1b2rk1/p2p3p/2p2pp1/3qp2R/8/2PB4/P1PQ1P1P/2K3R1 b - - 1 18	f8f7 d2h6 f7g7 d3g6 h7g6 g1g6	2617	middlegame pin
l5lKK	8/2p1k2N/2P5/p7/3P2P1/1n2PK1P/8/8 w - - 0 36	f3e2 a5a4 h7f6 e7f6 g4g5 f6e7	2617	defensiveMove endgame quietMove
07A1R	8/7p/4k3/1p1p4/1PrR1PKP/8/5P2/8 w - - 1 40	d4c4 d5c4 g4f3 e6f5 f3e3 f5g4 f4f5 g4f5	2618	endgame
hu1Z1	r7/1p1k1p2/3prBb1/QPn3P1/4pPB1/Pq1nP3/3P3R/K6R w - - 5 32	g4e6 d7e6 a5a8 b3c2 a8c8 e6d5	2619	middlegame sacrifice
zWInm	6k1/pp2qNp1/1b2p2p/4P3/1n1NP3/2R2Q1P/PP4PK/4r3 b - - 0 31	b6d4 c3c8 g8h7 c8h8 h7g6 f3g4 g6f7 g4h5 g7g6 h8h7 f7e8 h7e7 e8e7 h5h4 g6g5 h4e1	2620	attraction fork middlegame sacrifice skewer
qZulm	8/3k4/1K5p/6p1/8/P5P1/2P5/8 w - - 0 60	a3a4 h6h5 a4a5 d7c8 a5a6 c8b8 c2c4 h5h4 g3h4 g5g4 c4c5 g4g3 a6a7 b8a8 c5c6 g3g2 c6c7 g2g1q	2622	advancedPawn endgame pawnEndgame promotion quietMove
NCgZu	8/8/2p5/6P1/1p6/1Pk2P2/p1N5/3K4 w - - 0 62	d1c1 c6c5 c2a1 c5c4 b3c4 b4b3 a1b3 c3b3	2622	endgame quietMove
ZAUcc	8/8/pp2pk1p/2p3p1/P2pKPP1/1P1P3P/2P5/8 w - - 0 33	f4g5 h6g5 b3b4 a6a5 b4c5 b6c5	2623	endgame pawnEndgame zugzwang
0Vhi5	r4r2/pp4bk/6pp/2p2p2/2P3nq/PPN1P1N1/1BQ2PP1/2RR2K1 w - - 0 23	g1f1 f5f4 e3f4 f8f4 d1d7 g4e3 f1g1 e3c2	2624	middlegame pin
YNQ05	3r1rk1/p1p2p1p/1p4p1/5p2/3Bq3/1NQ5/PP3PPP/R5K1 b - - 3 23	d8d6 d4h8 f7f6 c3c7 g8h8 c7d6	2624	middlegame quietMove
QeM6j	2kr2r1/2p2p1p/p1p2p1b/5q1b/8/PQN1PN1P/1P2BPP1/R4RK1 w - - 0 18	a1d1 g8g2 g1g2 d8g8 f3g5 f5g5 e2g4 h5g4	2625	attraction kingsideAttack middlegame sacrifice
AMNz8	7k/6r1/7Q/p3p3/P1p1q1B1/7P/6PK/8 b - - 0 34	h8g8 g4e6 g7f7 h6f6 e4f4 f6f4 e5f4 e6c4 g8g7 c4f7	2625	endgame pin
5AiPU	8/8/3k4/7p/2pK2pP/8/6P1/8 w - - 0 60	d4c4 d6e5 c4d3 e5f4 d3e2 f4g3 e2f1 g3h2 f1f2 h2h1	2626	endgame pawnEndgame
mNH33	r1bq1rk1/pp1n1ppp/2p2b1B/4p3/2B1N3/6QP/PP3PP1/3RK2R b K - 5 14	d8e7 e4f6 e7f6 d1d6 f6h6 d6h6	2626	kingsideAttack middlegame pin
GpPtX	r3r1k1/1q3pp1/3p1n1B/b2P4/Np1Np3/1P3BPP/P2Q1P1K/5R2 b - - 0 26	e4f3 d2g5 f6h5 g5h5	2627	middlegame pin
Jozwz	r2qr1k1/pp4pp/1b3p2/3nBb2/3pN3/1Q1R1N2/PPP2PPP/4R1K1 w - - 0 20	e5d4 f5e4 d4b6 d8b6 e1e4 e8e4 b3d5 b6e6	2627	middlegame
YJbEq	3r2k1/ppq2p2/2pr1R1p/4N1p1/2Pn4/1P4P1/P1Q1N1PP/3R2K1 w - - 0 23	f6f7 d4c2 f7c7 d6d1	2631	capturingDefender discoveredAttack middlegame
hUwmC	1k1n2r1/pp3p2/P2Q4/4P2p/8/2P1p2P/5qPK/6R1 b - - 2 29	b8a8 d6c7 f2f5 g1f1 g8g2 h2g2	2633	endgame
bxHQk	4r3/5k2/pp6/8/2P1p1q1/1P2R3/P4P2/1Q3K2 w - - 2 43	b1c1 e8h8 e3g3 g4g3 f2g3 h8h1 f1e2 h1c1	2637	endgame quietMove sacrifice skewer
oL1dk	6rk/2p3b1/pp1pQ3/3Pp3/2P1P1RP/2N5/PP1q4/1K6 w - - 3 36	h4h5 g8f8 g4g1 f8f2	2637	defensiveMove endgame quietMove
dhjcx	4B3/p4p2/1p6/4p2p/P1pk3P/5K2/8/8 w - - 2 41	e8f7 d4d3 f7g6 d3d2 g6h5 e5e4 f3e4 c4c3	2640	defensiveMove endgame exposedKing sacrifice
u5Z6U	Rn3rk1/6pp/3p2r1/1B1Pq3/1P2n3/4N2P/2P2PP1/3Q1RK1 w - - 0 25	e3c4 g6g2 g1g2 f8f2 f1f2 e5g3 g2f1 g3f2	2640	attraction kingsideAttack mate middlegame sacrifice
82186	3r3k/1p3p1p/p1rbpN2/3p4/5P1Q/8/1qn3PP/5R1K b - - 2 28	h8g7 f6h5 g7g8 h4g5 g8h8 g5d8 d6f8 d8f8	2644	mate middlegame
WnB0w	8/5p2/6pp/2r5/2Pk1P2/5KPP/8/2R5 b - - 4 37	c5c4 c1c4 d4c4 f3e4 f7f6 h3h4 h6h5 f4f5	2645	endgame quietMove rookEndgame
5APyr	8/6kp/pp6/6K1/P1p3P1/2P5/1P6/8 b - - 2 44	b6b5 a4b5 a6b5 g5h5	2648	defensiveMove endgame pawnEndgame
gqPrU	r3k2r/pp2bppp/4pnb1/1Q2N3/3q2P1/2N4P/PP2BP2/R4RK1 b kq - 1 16	f6d7 e5g6 a7a6 b5b7	2649	middlegame
43g9y	8/8/6r1/P7/1p2kpr1/1P1p1RP1/R4K2/8 w - - 0 44	f3f4 g4f4 g3f4 g6h6	2650	defensiveMove endgame rookEndgame
9Opfi	3q2k1/6b1/3P2r1/pN5r/P3p3/5p2/4QB1P/3R1R1K w - - 0 31	e2e4 d8g5 e4d5 g5d5 d1d5 h5d5	2650	middlegame
0fTsF	8/2P2p1p/6pk/8/3Q3P/PP4PK/3p4/4q3 w - - 3 44	c7c8q e1h1 h3g4 d2d1q d4d1 f7f5 c8f5 g6f5 g4f5 h1d1	2651	advancedPawn endgame promotion
MYB8H	6k1/1pq2pbp/p1n1b1p1/2Q3N1/8/3P4/P1P2PPP/4R1K1 b - - 5 26	e6d7 c5c4 d7f5 e1e8 g7f8 c4c5	2651	middlegame pin
AaIGf	6k1/R4pp1/7p/p1r5/1p1N2P1/2p4P/P4P2/6K1 w - - 2 33	d4c2 c5d5 c2e3 d5d1 g1g2 d1a1 e3c2 a1a2 c2b4 a5b4 a7a2 b4b3	2652	endgame quietMove sacrifice
qnGc3	2R5/6Bk/p3p2p/8/5p1Q/6PP/P2b4/4q1K1 w - - 9 36	g1g2 f4f3 g2f3 e1f1 f3e4 f1f5 e4d4 f5d5	2657	attraction endgame mate
EON6w	3rk1r1/p3qp2/1p2p3/2b4p/2P4P/1QB2nP1/P4PB1/R4RK1 w - - 0 19	g2f3 g8g3 f3g2 e7b7 b3b5 d8d7	2659	defensiveMove middlegame pin
AY89P	1kr5/7p/PN2p3/2p2rp1/3b4/7P/6P1/2RR3K b - - 0 32	c8c6 b6d7 b8a7 d1d4 c5d4 c1c6 d4d3 c6c1 f5d5 d7f6	2659	endgame quietMove
uMsg0	5k2/2p5/1pPbRPP1/pP1P4/2r5/7K/8/8 b - - 0 53	c4f4 g6g7 f8f7 e6e8 f4f3 h3h4 f3g3 e8f8	2661	advancedPawn endgame quietMove
9rTzh	8/8/nP4p1/P6p/K1k5/7P/2P4P/8 w - - 1 54	c2c3 a6c5 a4a3 c4b5 a3b2 b5a5	2664	endgame
b2dFE	8/8/8/2pk3K/7P/8/5P2/8 w - - 0 58	h5g5 c5c4 g5f4 c4c3 f4e3 d5c4 h4h5 c4b3	2666	defensiveMove endgame pawnEndgame quietMove
lszct	1r3r2/pp4bk/2q4p/4pp1Q/3p3P/5N2/PP4R1/3R3K b - - 5 28	c6e8 g2g7 h7g7 d1g1 g7f6 h5h6 f6e7 f3e5	2669	attraction deflection middlegame sacrifice
D1tp7	2r2rk1/pp3pp1/1q1p1b1p/3BpN1Q/4P3/5R2/PPP3PP/7K b - - 5 20	c8c2 f5h6 g7h6 h5h6 f6g7 f3g3	2674	kingsideAttack middlegame pin
ko2Tz	1k1r4/3r2p1/2R1Q3/3qB1PP/8/2P2p2/8/6K1 b - - 4 43	b8a8 c6c8 a8b7 e6d5 d7d5 c8d8 d5d8 e5g7	2677	endgame exposedKing
ISKN6	6r1/4k3/8/1p5Q/4P3/P1N3qP/1P4P1/7K w - - 3 37	h5h7 e7d8 h7g8 g3g8	2677	defensiveMove endgame
1C0iw	2q1r1k1/3b1pb1/3R1P2/p6p/1pp5/2P3BP/PP3QPK/8 b - - 0 31	g7f8 d6d5 f8h6 d5h5 h6e3 f2c2	2701	defensiveMove middlegame
uuFpj	2r5/5pk1/4p1p1/3pQ2p/8/1R5P/2q2PPK/8 b - - 4 48	f7f6 b3b7 g7h6 e5f6 c2c3 f6f4 g6g5 f4f7 c3e5 g2g3	2701	defensiveMove deflection endgame
KfWph	4rk2/2Q2pp1/2pP1np1/1pP2q2/p3N3/P4P2/1P4PP/1K2R3 b - - 6 29	f6e4 b1a1 f5f4 f3e4	2702	endgame
LXUK5	4r2k/p4Q1p/1pb3p1/4q3/2Pp2P1/P2B3P/1P6/3K1R2 w - - 1 36	f7a7 e5e3 d1c2 c6e4 d3e4 e3e4 c2b3 e4d3	2708	endgame exposedKing
AFPbp	3bR3/k1r5/pp1Q3p/8/1P4P1/8/1q3PKP/8 b - - 1 36	c7c2 e8d8 c2f2 g2g3 f2g2 g3h3 g2h2 d6h2	2711	endgame
64Fxc	r3kb1r/pp2pppp/8/3Q1b2/2N5/2qn1P2/P2B2PP/4R1K1 b kq - 1 19	a8d8 d5b5 d8d7 c4d6 e8d8 d6f7 d8c8 d2c3	2718	deflection fork middlegame pin
lGySK	5rk1/1pp4p/3p2r1/1P6/2PPNnQ1/4R3/5PBq/R4K2 w - - 1 30	e4f6 g8h8 e3h3 f4h3 g4h3 h2h3	2724	defensiveMove middlegame pin
JJWJ0	8/4b1kp/Q5p1/3qNp2/1P2pP2/P5PK/7P/8 w - - 5 47	b4b5 d5d1 b5b6 e4e3	2731	endgame quietMove
eDFFN	2r5/6R1/p3pR2/2r1Pp1p/5P1k/1P5P/P1p3P1/2K5 w - - 0 33	f6e6 c5c3 g7g6 c8c5 e6d6 c3e3	2737	clearance endgame rookEndgame
Xach0	5b2/6pk/3P3p/4Pp2/2p1p3/4B2P/6PK/8 b - - 0 43	h7g8 d6d7 f8e7 e5e6 c4c3 e3c5 e7d8 e6e7	2741	advancedPawn endgame
UOE72	4r1k1/5p2/p5p1/1p2q3/1Q5P/1P4P1/P3rP2/R3R1K1 w - - 5 29	g1f1 a6a5 b4a5 e5e4 f1g1 e2e1 a5e1 e4e1 a1e1 e8e1	2746	endgame
SdQVQ	3r1rk1/ppq1b1pp/5np1/3Pp1B1/8/2N3Q1/PPP3PP/R4RK1 b - - 1 17	f6d5 f1f8 g8f8 c3d5 d8d5 g3f3 e7f6 f3d5	2753	attraction fork intermezzo middlegame
